tenure_months,total_orders,total_spend,recency_days,age,income_bracket,nps_score,online_ratio,return_rate,support_tickets,discount_usage,category_preference,region,gender,clv_tier,customer_id,avg_order_value,tenure_years,purchase_frequency,recency_score,frequency_score,monetary_score,rfm_score,retention_rate,churn_rate,clv_12month,clv_segment,clv_predicted_rf,clv_predicted_ridge,clv_predicted_xgb,clv_predicted_ensemble,clv_error_rf
44,6,800.0,165,47,2,6,0.3148432719376027,0.1013639890005105,10,0.4159003555115814,Pharmacy,East,M,At-Risk,CUST_01802,133.33333333333334,3.6666666666666665,1.6363636363636365,2,2,3,7,0.3205867428279236,0.6794132571720763,125.95,Low,126.61279302141888,131.21588205437712,113.75017,123.48867743798245,0.662793021418878
13,42,1245.3597093035062,85,28,3,6,0.7782227381837659,0.1140410636826534,4,0.2642233086636711,Sports,North,M,Growers,CUST_01191,29.65142165008348,1.0833333333333333,38.76923076923077,3,4,4,11,0.6065544296764672,0.3934455703235328,904.57,High,1213.5640539289157,1472.8992986130306,963.03314,1176.962233488242,308.9940539289156
24,7,800.0,97,46,1,7,0.4500647245472393,0.2924931067512852,12,0.6762313415761052,Grocery,North,M,At-Risk,CUST_01818,114.28571428571428,2.0,3.5,3,2,3,8,0.5564484600701043,0.4435515399298957,251.63,Medium,251.28790916939766,365.6400757815364,269.18588,276.5204856344245,0.3420908306023307
72,131,5686.391850267473,15,41,4,9,0.795339578532883,0.0289450759387236,4,0.0819610611318198,Electronics,East,M,Champions,CUST_00252,43.40757137608758,6.0,21.83333333333333,5,5,5,15,0.95,0.05,6710.32,Very High,6867.5209383078345,3898.424078935342,6490.3506,6029.2079625428605,157.2009383078348
20,6,103.9711283033304,192,40,1,2,0.2993911376951459,0.4148099704823982,6,0.4072299534321207,Pharmacy,South,M,Hibernating,CUST_02506,17.328521383888397,1.6666666666666667,3.6,2,2,1,5,0.3867276810887248,0.6132723189112752,35.17,Low,37.32298691965702,49.466761653294434,35.679287,38.96290370138371,2.1529869196570175
20,37,1064.3635664408907,74,51,3,8,0.8645681168608841,0.1214691733914756,2,0.3118023718933471,Tech,North,M,Growers,CUST_01118,28.76658287678083,1.6666666666666667,22.2,3,4,3,10,0.6905797091924625,0.3094202908075375,722.26,Medium,666.7227724589612,646.9112312732245,713.5465,676.3457375436199,55.53722754103876
14,27,901.6623643759316,42,45,3,7,0.8790435937937114,0.105333367242277,6,0.1909700984067208,Clothing,East,F,Growers,CUST_01412,33.39490238429376,1.1666666666666667,23.142857142857142,4,3,3,10,0.6431083924603515,0.3568916075396485,675.8,Medium,894.0033684947136,724.8484366001798,711.78955,800.6225981941068,218.2033684947137
28,11,355.19112667947536,66,62,1,5,0.5579628818728453,0.1782997997227112,14,0.53471091528926,Grocery,South,M,At-Risk,CUST_02114,32.29010242540685,2.333333333333333,4.714285714285714,3,2,2,7,0.5205488082507084,0.4794511917492916,101.18,Low,104.3411197904819,110.78104004620653,81.66887,98.12317909675933,3.161119790481891
45,109,15000.0,4,64,4,10,0.3630010139319971,0.0585395489639416,4,0.1336710137690264,Home,West,F,Champions,CUST_00409,137.61467889908258,3.75,29.066666666666663,5,5,5,15,0.95,0.05,33164.22,Very High,23572.13128114301,28053.70631409998,31868.562,26718.15373223921,9592.08871885699
23,6,41.22824324738632,318,65,1,5,0.2733026254756892,0.307308931862168,14,0.7437875027837546,Pharmacy,East,M,Hibernating,CUST_02580,6.871373874564387,1.9166666666666667,3.130434782608696,1,2,1,4,0.2621295672010294,0.7378704327989706,10.9,Low,12.117219166892886,30.303036920281677,10.786687,14.116655241695838,1.2172191668928853
37,6,482.9857061062306,139,66,2,4,0.2039443335286426,0.1039512658371614,7,0.4273140612465873,Grocery,North,F,At-Risk,CUST_02255,80.49761768437178,3.083333333333333,1.9459459459459456,2,2,2,6,0.36961856577375,0.6303814342262499,75.34,Low,86.612723357546,71.74038322089262,78.63474,81.0293919021829,11.272723357545999
30,193,15000.0,28,34,4,8,0.4226761570831055,0.0676536527524281,1,0.0340467809207281,Electronics,South,M,Champions,CUST_00053,77.72020725388602,2.5,77.2,4,5,5,14,0.8386270643393853,0.1613729356606147,9712.08,Very High,7667.286780882961,59041.11466194336,9506.342,12301.66925894047,2044.7932191170394
15,58,1600.0054943267148,56,41,2,6,0.5040247741125501,0.0876895016885213,2,0.1510661895832513,Clothing,West,F,Growers,CUST_00645,27.58630162632267,1.25,46.4,4,5,4,13,0.8796878563549083,0.1203121436450916,3246.39,Very High,3637.0430623321504,4364.044258140184,3337.7883,3676.1247012588888,390.6530623321505
15,11,650.4511147222529,173,34,2,4,0.5611194075732582,0.2630724006942359,9,0.5836693012638358,Clothing,North,M,At-Risk,CUST_01764,59.13191952020481,1.25,8.8,2,2,3,7,0.3880186059608743,0.6119813940391257,304.71,Medium,283.7394679401998,219.20005768392951,295.7138,272.83484052397563,20.970532059800178
15,7,169.8097820862188,294,38,1,6,0.1406448606804853,0.4814736060412395,16,0.5616958927974872,Pharmacy,North,F,Hibernating,CUST_02777,24.258540298031257,1.25,5.6,1,2,2,5,0.2783858335435017,0.7216141664564982,59.93,Low,71.69786116894602,70.57713534970937,72.5453,71.72474192501257,11.76786116894602
17,37,841.5506659065716,34,41,3,7,0.6536187776037785,0.1435688377547626,5,0.2158880558256714,Tech,East,M,Growers,CUST_00901,22.7446125920695,1.4166666666666667,26.11764705882353,4,4,3,11,0.8027577278670793,0.1972422721329206,947.66,High,1074.6741448294254,1083.5925900182435,1001.3011,1053.8559907182744,127.01414482942539
34,21,1693.1598590356275,73,37,2,8,0.4224677262263631,0.0995215192671546,7,0.3279344270693384,Sports,West,M,Growers,CUST_01074,80.6266599540775,2.833333333333333,7.411764705882352,3,3,4,10,0.5960744147619121,0.4039255852380878,474.01,Medium,522.0400281846735,576.2072078385727,505.50528,527.3345836282341,48.03002818467348
73,56,5623.749891439163,28,56,3,10,0.7137765261370235,0.0337513687116697,4,0.0386447998145293,Electronics,East,F,Champions,CUST_00473,100.42410520427076,6.083333333333333,9.205479452054796,4,4,5,13,0.8115384269332304,0.1884615730667695,1698.22,High,2227.5706602301316,1646.1389919081787,1630.446,1909.430004404663,529.3506602301316
15,7,44.455903202128646,324,62,1,3,0.2427669478372654,0.4535949438797557,17,0.8292368479694595,Pharmacy,South,M,Hibernating,CUST_02739,6.350843314589807,1.25,5.6,1,2,1,4,0.3471548518460797,0.6528451481539204,21.45,Low,19.60855125220226,46.3761623403871,20.915773,23.79492248162303,1.8414487477977382
21,3,67.73272256025172,205,46,2,6,0.4460483216832043,0.3843082831125534,15,0.4122480704110776,Grocery,West,F,Hibernating,CUST_02547,22.57757418675057,1.75,1.7142857142857142,1,1,1,3,0.229651173860654,0.770348826139346,17.58,Low,19.32224829268412,23.457595329090157,17.660349,19.556282727429625,1.7422482926841205
74,134,12352.81228317561,6,56,3,9,0.3828740884826103,0.0246341561594792,0,0.0508235223634211,Luxury,South,F,Champions,CUST_00045,92.1851662923553,6.166666666666667,21.72972972972973,5,5,5,15,0.95,0.05,14152.99,Very High,13733.441403943112,8827.653695195875,13840.969,12601.12422770822,419.5485960568876
40,177,9739.197906872383,28,44,4,8,0.3848642142884615,0.0692821057100267,0,0.0221937501164108,Home,North,F,Champions,CUST_00290,55.023716987979576,3.333333333333333,53.1,4,5,5,14,0.8576132885086886,0.1423867114913114,6943.76,Very High,7257.749630277719,16501.279922991318,6682.996,8344.465999854889,313.9896302777188
16,32,2500.0,45,36,3,6,0.5750524021422818,0.0515610622257729,7,0.1349429152733736,Clothing,East,F,Growers,CUST_00913,78.125,1.3333333333333333,24.0,4,4,4,12,0.7745692552955672,0.2254307447044328,2701.01,Very High,2366.86776173021,2591.050484150885,2705.2686,2508.682143020656,334.14223826979014
14,8,333.90661049440973,137,20,1,6,0.4947688249131809,0.2860599630866599,9,0.6605554462142291,Pharmacy,East,M,At-Risk,CUST_02084,41.73832631180122,1.1666666666666667,6.857142857142857,2,2,2,6,0.4326798341972984,0.5673201658027016,201.92,Medium,168.40185550423863,118.01708285509257,194.39357,163.76086893927885,33.51814449576136
22,24,1922.1085473652277,15,31,3,8,0.4516467337763216,0.1366608228929158,4,0.2253081816696019,Clothing,West,F,Growers,CUST_01361,80.08785614021781,1.8333333333333333,13.090909090909092,5,3,4,12,0.8335738835716043,0.1664261164283956,2464.6,High,2011.0129505587568,2219.417013761978,2203.3171,2108.0388493773007,453.58704944124315
13,4,21.448502338124342,261,59,1,2,0.2228167701959701,0.2773303076556722,9,0.6133390361302498,Grocery,East,F,Hibernating,CUST_02896,5.362125584531087,1.0833333333333333,3.692307692307693,1,1,1,3,0.1660689691231559,0.8339310308768441,11.29,Low,14.398372973958207,24.983429409509824,10.987392,14.859669431144638,3.1083729739582076
10,5,108.54165746458136,241,19,1,3,0.4142728327104125,0.4830980077410421,7,0.7639779088316332,Grocery,North,F,Hibernating,CUST_02604,21.70833149291627,0.8333333333333334,6.0,1,1,1,3,0.2305791962890871,0.7694208037109129,64.93,Low,56.131407149977115,35.11407106911767,59.589447,52.05078885068314,8.798592850022892
20,27,800.0,66,50,2,7,0.8849456709408816,0.0821588264224049,4,0.2240910931165767,Clothing,North,M,Growers,CUST_01227,29.62962962962963,1.6666666666666667,16.2,3,3,3,9,0.5528233941677029,0.4471766058322971,348.63,Medium,445.2864813791278,356.8878548177321,351.3663,396.79067213575337,96.6564813791278
45,45,12439.890918834544,5,64,4,10,0.7804600734644123,0.0400343658511866,0,0.0848123909628807,Luxury,South,F,Champions,CUST_00297,276.44202041854544,3.75,12.0,5,4,5,14,0.9240527862070896,0.0759472137929102,13347.77,Very High,14203.634402001067,24429.591346627396,14219.013,15835.96076148339,855.864402001067
7,29,1871.7457178800312,50,51,3,6,0.6397403155955004,0.1042902131477619,1,0.1644675008870021,Clothing,North,M,Growers,CUST_01242,64.5429557889666,0.5833333333333334,49.71428571428571,4,4,4,12,0.798685189956718,0.201314810043282,6435.78,Very High,4115.175302555844,4742.070098122487,4952.6606,4475.481558730373,2320.604697444156
8,46,1450.2676967702923,17,43,3,9,0.5385227981417112,0.1480557940909293,7,0.152719460151838,Sports,West,M,Growers,CUST_01006,31.527558625441134,0.6666666666666666,69.0,5,4,4,13,0.8307782198046831,0.1692217801953168,3981.62,Very High,3953.258472155716,7346.764408410112,4193.9536,4554.980008503366,28.361527844283955
17,4,405.6818364893624,157,36,2,6,0.495352953210808,0.2509802158562313,4,0.3649279448340048,Pharmacy,South,M,At-Risk,CUST_01666,101.4204591223406,1.4166666666666667,2.8235294117647056,2,1,2,5,0.2782963089120296,0.7217036910879704,156.81,Low,122.83531689414893,96.82476424312443,147.25162,123.68433394509145,33.97468310585107
31,33,1397.155282951663,68,33,2,7,0.526940423062016,0.1291297745783945,1,0.2973595997038637,Tech,North,F,Growers,CUST_00747,42.33803887732312,2.583333333333333,12.774193548387096,3,4,4,11,0.8091133904847746,0.1908866095152254,884.82,High,894.3030843014541,989.7510997779536,848.8452,898.4560900862064,9.483084301454028
3,4,100.6465500998797,294,63,1,5,0.2212415095207789,0.2223099725449062,8,0.8619835875709916,Pharmacy,East,F,Hibernating,CUST_02852,25.16163752496993,0.25,16.0,1,1,1,3,0.2101390181402497,0.7898609818597502,187.98,Low,166.56548338226403,52.363255566885606,188.02368,137.19605057426224,21.414516617735956
47,113,6283.5144268191225,14,64,3,9,0.6895512931978933,0.0573538624664423,1,0.0313646046884421,Electronics,East,F,Champions,CUST_00292,55.60632236123117,3.9166666666666665,28.85106382978724,5,5,5,15,0.95,0.05,9579.6,Very High,9863.0754093029,8036.237732975072,9758.971,9437.091725748933,283.4754093029005
9,32,900.4650061725607,62,33,2,6,0.8174013339772499,0.0789006334734463,6,0.1211674535688223,Sports,South,M,Growers,CUST_00782,28.139531442892523,0.75,42.66666666666666,4,4,3,11,0.7278036735062482,0.2721963264937518,1735.39,High,1878.9115302788807,1566.9824013716338,1717.543,1763.7579387723556,143.52153027888062
37,14,594.432144640667,166,37,1,5,0.2761100368934758,0.2402898275969239,14,0.3267104552849933,Pharmacy,North,F,At-Risk,CUST_02145,42.45943890290479,3.083333333333333,4.54054054054054,2,3,3,8,0.5375370896331921,0.4624629103668078,121.26,Low,136.91806463370995,172.1993727889883,125.64601,139.701041487054,15.658064633709941
63,131,9780.693517632852,4,38,4,10,0.7986189499518013,0.0483701641909615,2,0.0095691834380396,Home,West,F,Champions,CUST_00323,74.66178257735002,5.25,24.952380952380956,5,5,5,15,0.8732831904096442,0.1267168095903558,5360.75,Very High,6326.644293354428,7152.176608634172,5528.624,6226.726918180185,965.8942933544276
71,165,6220.266508457457,2,44,3,8,0.5442478163299527,0.0638006931639241,4,0.0051646962859971,Luxury,West,M,Champions,CUST_00299,37.698584899742166,5.916666666666667,27.88732394366197,5,5,5,15,0.95,0.05,7144.01,Very High,7017.377712537761,5006.494285801362,6942.4854,6538.067169776263,126.63228746223922
35,29,800.0,57,41,3,6,0.7671918206774753,0.0914109082123996,2,0.334770326221755,Clothing,West,M,Growers,CUST_01299,27.58620689655172,2.9166666666666665,9.942857142857145,4,4,3,11,0.8315608688825661,0.1684391311174339,578.71,Medium,639.0700617510411,599.6253650669057,570.4298,609.8342508609253,60.36006175104103
38,175,8478.724600230556,2,47,4,8,0.7074698642702696,0.0290044401779897,4,0.0018004540909023,Luxury,West,F,Champions,CUST_00195,48.44985485846032,3.1666666666666665,55.26315789473684,5,5,5,15,0.95,0.05,17662.08,Very High,17940.44263684153,23087.627712124315,18611.04,19077.602442608953,278.362636841528
32,177,12051.102799642167,12,58,4,8,0.6482149035180536,0.0385423673501912,1,0.1143261880772466,Luxury,West,F,Champions,CUST_00064,68.08532655165067,2.6666666666666665,66.375,5,5,5,15,0.95,0.05,29705.97,Very High,26331.301854066478,50989.84694876521,30053.398,31268.099516668033,3374.668145933523
56,150,3598.3557474120184,23,37,4,8,0.7947255654825283,0.0472310236553511,2,0.1286786675276233,Home,East,M,Champions,CUST_00394,23.989038316080123,4.666666666666667,32.14285714285714,5,5,5,15,0.95,0.05,5524.32,Very High,6348.825579333403,5432.298090343822,5454.105,5879.774715684603,824.5055793334031
24,25,2278.425226498196,23,27,2,7,0.6983207026968675,0.0509109943882201,3,0.3190880282567979,Clothing,South,F,Growers,CUST_00728,91.13700905992782,2.0,12.5,5,3,4,12,0.7733142619977653,0.2266857380022346,1513.44,High,1689.091536662112,2038.4719327534353,1809.1075,1790.3070572381218,175.651536662112
47,7,560.9467380811806,178,56,2,6,0.5191256265765269,0.1621579854203461,8,0.4849867492401675,Grocery,West,F,At-Risk,CUST_01584,80.1352482973115,3.9166666666666665,1.7872340425531916,2,2,3,7,0.3917951374443801,0.6082048625556198,70.85,Low,98.95790667580877,107.67770194086648,83.53295,95.65948470824334,28.107906675808778
46,16,295.5161142668412,151,21,2,4,0.4083063928555887,0.1567183532657773,5,0.6579729514663284,Pharmacy,West,M,At-Risk,CUST_01548,18.469757141677576,3.8333333333333335,4.173913043478261,2,3,2,7,0.4783338890321683,0.5216661109678317,49.01,Low,58.797287789515494,63.160596496392,50.834896,57.10066792071517,9.787287789515496
20,7,78.77071584827172,228,18,2,1,0.3591548996693168,0.2227281514763778,15,0.6653795647777359,Pharmacy,North,F,Hibernating,CUST_02426,11.25295940689596,1.6666666666666667,4.2,1,2,1,4,0.2431805324633834,0.7568194675366166,20.59,Low,22.188915455771063,28.052648982441298,21.493141,23.037672905046232,1.5989154557710634
76,108,9675.230721014212,3,58,4,9,0.4772124743965274,0.012271041223303,3,0.1035070332614174,Home,West,M,Champions,CUST_00015,89.5854696390205,6.333333333333333,17.05263157894737,5,5,5,15,0.95,0.05,9196.68,Very High,10487.70779907471,5434.864594086268,9222.025,8847.646133190045,1291.027799074709
15,5,73.36627710685498,332,41,2,2,0.418778225448663,0.3522946489052899,9,0.5767553315265213,Pharmacy,East,F,Hibernating,CUST_02568,14.673255421370996,1.25,4.0,1,1,1,3,0.2024008908579038,0.7975991091420962,29.59,Low,25.83653090365436,31.775633061930307,28.52097,27.741711878040103,3.75346909634564
33,19,800.0,134,30,2,5,0.3516853658828964,0.1383051771089778,11,0.4995885427481739,Clothing,East,M,At-Risk,CUST_01601,42.10526315789474,2.75,6.909090909090909,2,3,3,8,0.5543659189329314,0.4456340810670686,217.3,Medium,200.79447903158163,202.03381039903783,213.73727,204.8451284511258,16.50552096841838
22,16,1041.9447636704317,43,52,3,6,0.668450635260211,0.0600494759239754,5,0.1160937208787599,Clothing,North,F,Growers,CUST_01091,65.12154772940197,1.8333333333333333,8.727272727272728,4,3,3,10,0.75223556208823,0.24776443791177,776.01,Medium,716.2439861010838,694.1100709980075,801.7636,736.2597739711744,59.766013898916185
22,19,800.0,149,20,2,5,0.5224591856132168,0.1990406017702071,11,0.3683585392848595,Grocery,North,F,At-Risk,CUST_02112,42.10526315789474,1.8333333333333333,10.363636363636363,2,3,3,8,0.4516029892863508,0.5483970107136491,228.21,Medium,266.60531745464874,223.26023185472982,285.3857,262.62298414687683,38.39531745464873
45,85,6167.497499883805,16,56,4,10,0.4297882246375246,0.0258255349707393,3,0.0725247127660205,Luxury,West,M,Champions,CUST_00204,72.55879411628005,3.75,22.666666666666668,5,5,5,15,0.95,0.05,15708.36,Very High,11407.070016739957,7367.3762238352465,11203.598,10395.793419851392,4301.289983260043
5,1,86.59187323691243,212,60,1,5,0.3034076126450343,0.307278433159584,12,0.4975543334687474,Grocery,North,M,Hibernating,CUST_02419,86.59187323691243,0.4166666666666667,2.4,1,1,1,3,0.2251707121774661,0.7748292878225338,135.1,Low,101.00936330622139,48.96616075726781,130.19298,94.37365573451474,34.090636693778606
78,144,11866.63438011398,23,51,4,10,0.3849405030253676,0.0535927382267888,2,0.0079240029547082,Electronics,West,M,Champions,CUST_00153,82.40718319523597,6.5,22.153846153846157,5,5,5,15,0.9479549067763556,0.0520450932236444,10921.04,Very High,12389.409878831455,7900.498644341649,11463.161,11062.369518620613,1468.3698788314541
6,6,35.3489323386443,214,46,2,5,0.4025922319906251,0.2140375552303823,6,0.4910028238355436,Pharmacy,South,F,Hibernating,CUST_02902,5.891488723107384,0.5,12.0,1,2,1,4,0.3224425415670752,0.6775574584329247,43.89,Low,50.76969632508853,51.22491238564764,41.624237,47.922692431059005,6.879696325088531
6,26,1001.0056988747416,29,32,3,9,0.4756804756959717,0.1001578649906456,3,0.1011204233313822,Tech,West,F,Growers,CUST_01360,38.50021918749007,0.5,52.0,4,3,3,10,0.6488516057565966,0.3511483942434034,1968.17,High,1829.7742931440466,1525.5964333699592,2096.711,1838.0180290839567,138.39570685595345
34,47,2500.0,77,31,3,9,0.6225555173600641,0.0709826583090561,7,0.2032480150482218,Clothing,West,F,Growers,CUST_00773,53.191489361702125,2.833333333333333,16.588235294117645,3,4,4,11,0.780322918398932,0.219677081601068,1788.14,High,1381.5279915288172,1168.6148702176783,1556.7184,1384.7736679268355,406.6120084711829
16,1,87.8155665810078,253,47,1,5,0.4120166983347059,0.2441092821561448,7,0.4236252216117927,Grocery,South,M,Hibernating,CUST_02679,87.8155665810078,1.3333333333333333,0.75,1,1,1,3,0.2406893372461048,0.7593106627538951,31.93,Low,32.612188785155745,42.07892846638017,32.31831,34.22948507652243,0.6821887851557449
17,53,1600.6535592674556,52,28,3,8,0.7955913336944673,0.1396227057308108,7,0.3154081515613868,Clothing,West,M,Growers,CUST_01002,30.201010552216143,1.4166666666666667,37.41176470588235,4,4,4,12,0.7964425718904483,0.2035574281095516,1972.01,High,1817.9079126436338,2638.40445162761,1951.2808,2000.563132992902,154.10208735636616
18,20,1357.5253903879516,52,31,3,8,0.8584374144619096,0.0539150544277078,1,0.1903695835235688,Sports,West,F,Growers,CUST_00719,67.87626951939758,1.5,13.333333333333334,4,3,4,11,0.7632401809108591,0.2367598190891409,919.61,High,1154.5376618901535,1509.3766794085723,1032.565,1177.9909078829903,234.92766189015344
22,43,1038.9341823994278,20,38,3,9,0.6791960581643368,0.1378750138834493,2,0.186757006331409,Tech,South,F,Growers,CUST_00613,24.161260055800646,1.8333333333333333,23.454545454545457,5,4,3,12,0.8209006177648231,0.1790993822351768,970.7,High,1123.434574192127,1281.0240376342297,1009.3501,1116.8614517594935,152.73457419212696
16,35,800.0,34,47,3,8,0.5396590645316406,0.0577823464637166,7,0.3488800570660947,Sports,West,M,Growers,CUST_00843,22.857142857142858,1.3333333333333333,26.25,4,4,3,11,0.762532934993998,0.237467065006002,887.06,High,940.9373073103059,997.5216244456195,829.65436,916.7167467811122,53.87730731030592
25,86,5012.240573500339,1,46,4,8,0.7022070298387366,0.0331199267251459,3,0.0189172983563115,Luxury,South,M,Champions,CUST_00267,58.28186713372488,2.083333333333333,41.28,5,5,5,15,0.95,0.05,17350.55,Very High,13749.370678192812,13090.53123456153,11913.636,13042.061647974571,3601.179321807187
74,132,15000.0,2,45,4,10,0.6038763415478263,0.0665884017225583,2,0.0697554501331364,Luxury,East,F,Champions,CUST_00052,113.63636363636364,6.166666666666667,21.405405405405403,5,5,5,15,0.95,0.05,14190.56,Very High,14691.104997217695,12393.68050037561,14492.592,14142.014028573101,500.5449972176957
25,56,2500.0,39,51,3,8,0.5714343697637074,0.0556378191290552,5,0.2167935333381116,Tech,West,M,Growers,CUST_01196,44.642857142857146,2.083333333333333,26.88,4,4,4,12,0.7464758549563297,0.2535241450436702,1485.1,High,1672.9849549341684,1902.5733964062802,1559.3358,1680.7256461071986,187.8849549341685
29,18,2327.6501231872803,49,51,3,8,0.6220322457102656,0.0662460213836833,4,0.3315018544008126,Sports,North,F,Growers,CUST_01271,129.3138957326267,2.4166666666666665,7.448275862068966,4,3,4,11,0.6146347029129663,0.3853652970870337,950.5,High,893.4653189768823,1156.1763831606204,952.6582,959.0182922670451,57.03468102311774
24,53,2500.0,85,31,2,6,0.7535480380805558,0.091473263637014,5,0.1220695482421023,Sports,East,F,Growers,CUST_01492,47.16981132075472,2.0,26.5,3,4,4,11,0.6277807242750865,0.3722192757249135,955.15,High,1268.3996960872178,1237.6234200160836,1182.6191,1235.9459089412853,313.2496960872178
44,7,298.5173644012521,134,46,2,4,0.2636636127399612,0.1257183482450892,12,0.5574653469057493,Clothing,East,F,At-Risk,CUST_01583,42.64533777160744,3.6666666666666665,1.9090909090909087,2,2,2,6,0.4453107934602801,0.55468920653972,52.41,Low,57.29965592437246,56.862615954621056,51.069557,55.271410790897896,4.889655924372462
74,62,12280.368198114662,18,56,4,9,0.6392499841463188,0.0757698012317616,3,0.0138674275555599,Luxury,West,M,Champions,CUST_00522,198.070454808301,6.166666666666667,10.054054054054054,5,5,5,15,0.95,0.05,16784.35,Very High,14225.724576293684,10021.050397238618,16551.85,13879.51841727973,2558.625423706315
38,4,439.6033556042549,143,46,2,6,0.5989429394658843,0.2943433478132102,11,0.4444305802175144,Grocery,West,M,At-Risk,CUST_01695,109.90083890106372,3.1666666666666665,1.2631578947368425,2,1,2,5,0.2920456667815693,0.7079543332184306,72.72,Low,82.74548659607629,62.1337449014959,64.97106,72.67821092149615,10.025486596076291
14,7,60.82203285460693,212,42,1,3,0.1488086914524699,0.371651563186297,5,0.7983665438083342,Grocery,East,M,Hibernating,CUST_02664,8.68886183637242,1.1666666666666667,6.0,1,2,1,4,0.3381416320837242,0.6618583679162757,28.99,Low,27.318337549642216,40.11482168914954,28.178848,29.78605238563036,1.6716624503577826
18,3,43.40080785096532,273,60,2,2,0.2700321268567447,0.4418530040221476,2,0.5290804379283225,Grocery,West,F,Hibernating,CUST_02749,14.466935950321773,1.5,2.0,1,1,1,3,0.1920957686021044,0.8079042313978956,9.26,Low,12.464420776360969,25.28644930893782,9.856836,13.429497566816297,3.204420776360969
28,19,200.0,121,40,1,6,0.5975210106804785,0.2482388855565729,5,0.4063282162890499,Pharmacy,East,M,At-Risk,CUST_01922,10.526315789473683,2.333333333333333,8.142857142857142,2,3,2,7,0.5102073302254028,0.4897926697745972,54.15,Low,91.09834069918152,98.79993324961727,65.89793,84.03070379860337,36.94834069918152
83,64,11328.68174884102,16,56,3,10,0.7274870097807371,0.0770682606243603,3,0.0308970053815442,Home,West,F,Champions,CUST_00103,177.01065232564093,6.916666666666667,9.25301204819277,5,5,5,15,0.95,0.05,15602.7,Very High,13427.725215245684,6619.663563365718,14992.037,12048.379030715467,2174.9747847543167
31,38,1587.426333903432,31,30,2,9,0.732167422231139,0.0504972485322349,2,0.2652567645585917,Sports,North,M,Growers,CUST_00696,41.77437720798505,2.583333333333333,14.709677419354838,4,4,4,12,0.7784661804019892,0.2215338195980107,887.38,High,1008.9694733499433,1196.2904962811979,880.19806,1002.0350099404038,121.58947334994332
6,1,76.70891789176784,265,37,2,5,0.3434504797194746,0.2426771734912446,18,0.9147655190646496,Grocery,South,M,Hibernating,CUST_02333,76.70891789176784,0.5,2.0,1,1,1,3,0.1916841470035158,0.8083158529964842,80.3,Low,80.1966627979153,44.976926228585164,78.40034,70.9819847894152,0.10333720208470254
13,2,132.5142278090646,321,27,2,5,0.3460703245532969,0.4515675928238422,9,0.4978101942013129,Grocery,West,M,Hibernating,CUST_02725,66.2571139045323,1.0833333333333333,1.8461538461538465,1,1,1,3,0.2120977701160505,0.7879022298839494,49.58,Low,47.59016142421552,43.14053226916282,51.299206,47.72930902885842,1.989838575784475
18,17,292.898298191857,129,51,1,7,0.3122785908321762,0.2600513358608901,5,0.6264614895530114,Pharmacy,South,M,At-Risk,CUST_02273,17.22931165834453,1.5,11.333333333333334,2,3,2,7,0.543408963652661,0.456591036347339,143.57,Low,149.89937550370672,147.871628292427,143.83781,147.6519777152369,6.3293755037067285
2,7,125.24972537489596,353,42,1,2,0.1230772885955448,0.3721769080608949,6,0.4042426098028024,Pharmacy,East,M,Hibernating,CUST_02483,17.892817910699424,0.1666666666666666,42.0,1,2,1,4,0.2603815367909675,0.7396184632090325,384.22,Medium,339.95460438155584,116.71570302838055,387.63135,285.66622143723527,44.26539561844419
26,4,519.2493708754535,121,36,2,6,0.5153452053993253,0.268338019192353,10,0.6418880545642373,Pharmacy,South,M,At-Risk,CUST_01843,129.81234271886336,2.1666666666666665,1.8461538461538465,2,1,2,5,0.1489712039085109,0.8510287960914891,100.06,Low,123.29356874610286,64.17524074563266,118.3366,106.91280693329193,23.23356874610286
26,18,686.7366333517053,141,48,2,6,0.5726744010034781,0.1410812661199617,7,0.6806169740409069,Grocery,South,F,At-Risk,CUST_01831,38.15203518620585,2.1666666666666665,8.307692307692308,2,3,3,8,0.5339791574692824,0.4660208425307176,252.07,Medium,235.46387160484394,226.5015929968598,236.79338,234.03863076400347,16.60612839515605
15,52,1380.1209853484297,32,25,3,9,0.7415400867370677,0.0512388321903755,2,0.3391319372695022,Clothing,North,M,Growers,CUST_00795,26.540788179777493,1.25,41.6,4,4,4,12,0.8463857959375043,0.1536142040624957,2225.0,High,2451.3604817033693,3110.6169159443816,2332.342,2532.861776049653,226.36048170336926
25,11,651.4021725990661,137,51,1,4,0.2542200482505957,0.1307361647877675,12,0.6365499864543984,Grocery,West,M,At-Risk,CUST_01821,59.21837932718783,2.083333333333333,5.279999999999999,2,2,3,7,0.4100017081065086,0.5899982918934914,156.42,Low,191.9837720299089,160.9656596509297,171.04706,179.02764025717153,35.563772029908904
42,10,605.7710346604895,106,21,1,7,0.5341578312451413,0.1521012898520463,13,0.6989964643504706,Clothing,East,F,At-Risk,CUST_02002,60.57710346604895,3.5,2.857142857142857,3,2,3,8,0.5134146609478267,0.4865853390521732,109.0,Low,130.284831194606,164.19037210071568,111.20894,130.13314562925638,21.284831194606
51,78,6602.131198428363,1,50,4,10,0.6909799885789796,0.0793232612655553,0,0.1286902370995993,Electronics,South,F,Champions,CUST_00145,84.6427076721585,4.25,18.352941176470587,5,5,5,15,0.95,0.05,10039.59,Very High,10508.520335796671,6350.305818558987,10209.73,9419.655496996491,468.930335796671
3,5,116.0878333282299,186,52,2,5,0.4281916326647638,0.4022562232425965,11,0.89615329178104,Pharmacy,South,F,Hibernating,CUST_02526,23.217566665645982,0.25,20.0,2,1,1,4,0.3250091710767462,0.6749908289232538,232.64,Medium,179.6542449128121,78.66134572017586,226.2035,163.28508233468548,52.9857550871879
31,43,1563.4421859390425,85,47,2,7,0.4098660478342026,0.1170402891016364,5,0.3245699268859487,Sports,East,F,Growers,CUST_01331,36.35912060323355,2.583333333333333,16.64516129032258,3,4,4,11,0.7426583409842094,0.2573416590157906,961.68,High,874.2976950244362,952.6978010868099,763.2038,853.9148369111755,87.38230497556378
7,6,42.343830839585465,281,65,1,4,0.2307176740431182,0.4373376770630025,5,0.9657332776338424,Grocery,South,M,Hibernating,CUST_02478,7.057305139930911,0.5833333333333334,10.285714285714285,1,2,1,4,0.3028248170709242,0.6971751829290758,36.92,Low,33.221057279163496,51.92129780406586,30.332306,35.3639059377547,3.6989427208365058
8,3,41.70512719843829,204,50,2,5,0.1032801499226886,0.3838842585063465,3,0.5792731232018142,Grocery,North,M,Hibernating,CUST_02882,13.901709066146095,0.6666666666666666,4.5,2,1,1,4,0.4245624165003633,0.5754375834996367,40.92,Low,36.17629356629869,64.70090211495578,40.6817,42.11525373004916,4.743706433701313
56,44,7129.639362972451,13,48,4,8,0.7013201561764648,0.0398478849761135,3,0.1107819080095445,Electronics,East,M,Champions,CUST_00322,162.03725824937388,4.666666666666667,9.428571428571429,5,4,5,14,0.821812945616431,0.1781870543835689,3065.33,Very High,3582.3298504222657,4777.235697655163,3325.1523,3710.7576290208485,516.9998504222658
13,44,1735.475618142878,79,53,3,7,0.6356522008782541,0.050011864491085,1,0.2412544422265276,Clothing,East,M,Growers,CUST_01262,39.44262768506541,1.0833333333333333,40.61538461538462,3,4,4,11,0.7081480835428173,0.2918519164571826,1625.17,High,1788.7456866699874,2120.8088100050722,1684.9045,1817.8077955716956,163.57568666998736
3,7,72.66403985952532,219,23,2,4,0.2704315967457154,0.2270404594262381,10,0.8280448382265515,Grocery,West,M,Hibernating,CUST_02415,10.380577122789331,0.25,28.0,1,2,1,4,0.2412823518841342,0.7587176481158657,134.43,Low,123.52558176461943,63.405156198904365,128.64735,109.46953714030556,10.904418235380575
6,52,1241.010094843723,62,35,2,8,0.5750194506929764,0.1476931416797315,6,0.3161694381464126,Sports,South,M,Growers,CUST_01270,23.86557874699467,0.5,104.0,4,4,4,12,0.8439922961978445,0.1560077038021554,5678.67,Very High,3896.545459345585,12141.53936576611,4426.9746,5081.988203599829,1782.124540654415
29,5,275.25446833177875,114,60,2,5,0.4022080474520165,0.144166482461219,10,0.4594403821763617,Pharmacy,East,M,At-Risk,CUST_01761,55.05089366635575,2.4166666666666665,2.0689655172413794,2,1,2,5,0.2209262285978909,0.7790737714021091,57.35,Low,65.01325290489483,44.74610574996177,57.474743,58.15302004971422,7.663252904894826
74,191,10169.113967232292,19,55,4,10,0.4149133628988092,0.0117982751408585,0,0.0276452095425148,Luxury,East,F,Champions,CUST_00417,53.24143438341515,6.166666666666667,30.97297297297297,5,5,5,15,0.9333039228641152,0.0666960771358848,7372.05,Very High,8839.870807516041,8535.621410315916,7678.2095,8414.884463383596,1467.820807516041
6,1,200.0,324,49,1,2,0.3573200664144433,0.4827118614507544,12,0.5197900069036434,Pharmacy,West,F,Hibernating,CUST_02632,200.0,0.5,2.0,1,1,2,4,0.1683406529725397,0.8316593470274602,123.95,Low,129.90313311586758,161.90444653329507,147.29884,140.97208011499242,5.953133115867573
45,8,630.9959233567288,138,66,1,6,0.2821471534954928,0.1269618004002763,5,0.3529974134720577,Clothing,South,M,At-Risk,CUST_02292,78.8744904195911,3.75,2.1333333333333333,2,2,3,7,0.41329160849277,0.58670839150723,103.07,Low,110.7877630050414,111.40549699664761,103.8855,108.79164242036204,7.717763005041405
50,53,7396.748333022658,6,54,3,8,0.3939601904076615,0.0262032649635708,3,0.0778969038963454,Luxury,South,M,Champions,CUST_00175,139.5612893023143,4.166666666666667,12.72,5,4,5,14,0.8702264305669192,0.1297735694330808,5048.76,Very High,5637.598743714856,5900.343409946318,5218.256,5558.7905210386825,588.8387437148558
39,15,388.1947613070407,121,25,1,6,0.4171300866966873,0.2662311309112024,12,0.5187689323227342,Pharmacy,East,M,At-Risk,CUST_01726,25.879650753802714,3.25,4.615384615384615,2,3,2,7,0.4707279368700453,0.5292720631299547,76.89,Low,74.12439801857892,71.6016074402699,75.49486,74.01868627802874,2.765601981421085
44,15,589.40256526884,62,50,1,7,0.2476106311772285,0.117418850179091,12,0.4806694912300685,Grocery,North,F,At-Risk,CUST_02176,39.293504351256,3.6666666666666665,4.090909090909091,4,3,3,10,0.6909554772536957,0.3090445227463043,182.82,Low,241.340825261213,285.0087956792756,200.73845,236.09685879849098,58.52082526121302
67,85,6831.939591032553,9,44,3,8,0.7454277674915734,0.0159281839312714,3,0.1428093669958504,Home,North,F,Champions,CUST_00046,80.37575989450062,5.583333333333333,15.223880597014926,5,5,5,15,0.95,0.05,9772.27,Very High,9157.545827495307,4330.590361404818,9140.482,7879.390568551791,614.7241725046933
21,51,915.5323915514696,67,30,2,7,0.8725028915043407,0.1433818016807282,1,0.2505385765316135,Clothing,North,F,Growers,CUST_00686,17.951615520617047,1.75,29.142857142857142,3,4,3,10,0.7743724694159262,0.2256275305840738,757.57,Medium,780.9515708984794,837.8931782571859,713.97833,771.0033069411857,23.381570898479367
26,7,267.28195608973857,167,42,2,5,0.503065631194024,0.2192747061334818,11,0.6671031448320988,Clothing,West,F,At-Risk,CUST_01608,38.183136584248366,2.1666666666666665,3.230769230769231,2,2,2,6,0.4342955559834484,0.5657044440165515,73.2,Low,80.47553248271463,86.98537149623301,75.59662,80.21917618458752,7.275532482714624
17,33,1893.9481828475211,30,52,2,7,0.8770653015287877,0.1301946320045069,4,0.1881156960998099,Tech,East,M,Growers,CUST_01232,57.392369177197615,1.4166666666666667,23.294117647058822,4,4,4,12,0.7837711630107679,0.2162288369892321,2189.8,High,2019.8646315207268,2108.9827907844597,2267.706,2109.3664119803566,169.9353684792734
25,56,2255.586389427568,83,43,3,9,0.6711021943596576,0.1051490295351336,5,0.3236669060785033,Tech,East,M,Growers,CUST_00863,40.27832838263514,2.083333333333333,26.88,3,4,4,11,0.8048505955606806,0.1951494044393193,1617.1,High,1690.9568692372497,1732.6887246981705,1729.0663,1710.6216493990155,73.85686923724984
34,17,800.0,113,63,1,4,0.4090279691299996,0.2533660684014787,4,0.6748496231413548,Pharmacy,North,F,At-Risk,CUST_01966,47.05882352941177,2.833333333333333,6.0,2,3,3,8,0.5245830587428004,0.4754169412571996,203.18,Medium,198.28132466510374,180.0952027649146,203.80019,196.11235186933266,4.898675334896268
73,85,7219.00706852484,21,59,4,8,0.333508268875605,0.0450194974645432,4,0.1202760252679208,Electronics,East,F,Champions,CUST_00332,84.92949492382165,6.083333333333333,13.972602739726028,5,5,5,15,0.95,0.05,8227.76,Very High,9509.576787429656,4043.54189603413,8736.392,7813.33269591064,1281.816787429656
33,167,6924.366376975074,23,54,4,9,0.5678282996737893,0.0679111504816072,4,0.1435702248809694,Home,West,F,Champions,CUST_00094,41.463271718413615,2.75,60.72727272727273,5,5,5,15,0.95,0.05,22531.45,Very High,15827.681685259742,23961.43198375713,20702.715,18638.8764816035,6703.768314740259
19,4,794.5508709293622,166,46,1,5,0.4090752262586571,0.1425847764743421,11,0.6568632532759257,Pharmacy,East,M,At-Risk,CUST_01642,198.63771773234052,1.5833333333333333,2.5263157894736845,2,1,3,6,0.3267756272432657,0.6732243727567343,249.48,Medium,216.44208954860386,302.7664819030138,249.88731,241.67409047691984,33.03791045139613
9,4,84.57647241652121,284,67,2,3,0.2640821379890485,0.4001224726465923,16,0.5389361088635598,Grocery,North,M,Hibernating,CUST_02987,21.144118104130303,0.75,5.333333333333333,1,1,1,3,0.1656187640469326,0.8343812359530673,48.74,Low,46.07835115654495,32.23575013547527,47.246323,43.235505977955505,2.6616488434550547
24,193,6282.111272699119,22,53,4,10,0.7645723586058437,0.0710339142896353,1,0.0756754386082253,Electronics,West,F,Champions,CUST_00507,32.54979934040994,2.0,96.5,5,5,5,15,0.947374554459698,0.0526254455403019,23976.76,Very High,13667.45497547659,56228.531507792155,16578.977,19217.868488028093,10309.305024523408
14,3,41.53650824312984,217,23,2,4,0.381587346721744,0.4107664960887952,10,0.9811944266732656,Grocery,South,M,Hibernating,CUST_02910,13.845502747709943,1.1666666666666667,2.571428571428571,1,1,1,3,0.2043229545021221,0.7956770454978779,13.81,Low,17.217751513170338,25.497092449591822,14.4131775,17.674746050136875,3.4077515131703375
20,9,687.6032220552946,72,60,2,4,0.5540867717329494,0.2516366220540333,6,0.3530176420500303,Clothing,South,F,At-Risk,CUST_02046,76.40035800614385,1.6666666666666667,5.4,3,2,3,8,0.4819889114346982,0.5180110885653018,342.64,Medium,298.49013608479936,274.6003770454307,321.55933,300.1827784501531,44.149863915200626
73,111,7210.939245889407,21,59,4,10,0.4405248750834445,0.050721565319483,1,0.0576773720559399,Luxury,West,M,Champions,CUST_00496,64.9634166296343,6.083333333333333,18.246575342465757,5,5,5,15,0.95,0.05,10810.71,Very High,9444.945342456787,4347.2639054581205,9940.209,8212.299812202278,1365.7646575432118
32,12,800.0,62,51,2,5,0.2906925858069772,0.132429000713649,7,0.650288519227667,Pharmacy,West,M,At-Risk,CUST_02133,66.66666666666667,2.6666666666666665,4.5,4,2,3,9,0.6370577912042458,0.3629422087957542,288.05,Medium,261.76019628170496,358.6359253241639,282.92868,285.3618957737485,26.289803718295047
62,183,6218.277153597636,7,33,4,9,0.3552159317055513,0.0379663149210854,4,0.0964192605759463,Luxury,West,M,Champions,CUST_00001,33.979656577036266,5.166666666666667,35.41935483870967,5,5,5,15,0.95,0.05,7769.93,Very High,8165.704472156244,7437.731545621608,8111.4707,7998.616776080647,395.774472156244
26,132,6972.446744145303,26,53,4,8,0.6295227050661162,0.0332380053315091,2,0.0413350164463767,Electronics,East,F,Champions,CUST_00315,52.82156624352502,2.1666666666666665,60.92307692307693,4,5,5,14,0.9212969055474296,0.0787030944525705,18266.98,Very High,13075.842477267113,19298.109542084236,17630.191,15460.208426613299,5191.137522732886
24,54,914.8023879183532,85,32,3,9,0.7978495163357436,0.0991238775951003,1,0.1128887183165628,Tech,North,F,Growers,CUST_01273,16.940784961450987,2.0,27.0,3,4,3,10,0.763356407136237,0.236643592863763,762.26,Medium,706.7572100512718,769.5665885179725,738.0737,728.3072626869154,55.50278994872815
23,15,494.50326504054107,101,56,2,4,0.5115589190328229,0.1392464092438088,10,0.572611892449822,Pharmacy,East,M,At-Risk,CUST_01942,32.966884336036074,1.9166666666666667,7.826086956521739,3,3,2,8,0.5303097777050175,0.4696902222949825,194.63,Low,197.24641286411153,162.8881993753137,193.12518,188.64299069148865,2.6164128641115383
21,2,98.76365783897312,336,74,1,5,0.1564841237109813,0.3554943919826224,7,0.7801832412491434,Pharmacy,West,F,Hibernating,CUST_02968,49.381828919486566,1.75,1.1428571428571428,1,1,1,3,0.1488610879506124,0.8511389120493876,28.75,Low,30.00716283409441,28.31566549545928,28.5512,29.222021172672225,1.2571628340944088
27,38,893.2097990952141,48,26,2,6,0.7521930392586882,0.1459719689133339,7,0.3042818205425361,Sports,West,F,Growers,CUST_01317,23.505521028821423,2.25,16.88888888888889,4,4,3,11,0.7994415691360235,0.2005584308639765,844.6,High,793.7650388954272,747.1289472183275,818.89874,791.5794649880701,50.83496110457281
32,24,2094.437750664986,54,44,3,7,0.8414877499154486,0.1315552254032128,1,0.1421422860980282,Sports,East,F,Growers,CUST_00756,87.2682396110411,2.6666666666666665,9.0,4,3,4,11,0.7017800983952517,0.2982199016047483,876.45,High,891.0567970009153,1088.3613384776195,858.25836,917.0530478831728,14.606797000915208
21,5,384.3710987970911,160,58,1,5,0.243982384704872,0.2743271007845613,13,0.4589423816424229,Clothing,South,F,At-Risk,CUST_01771,76.87421975941822,1.75,2.857142857142857,2,1,2,5,0.297390124726857,0.702609875273143,113.57,Low,99.74709241451225,78.9969780017256,111.593445,98.4683558312624,13.82290758548774
8,35,2404.266957268236,34,30,3,9,0.6933166564865082,0.0672449133573068,7,0.2717053039980739,Tech,South,M,Growers,CUST_01201,68.69334163623532,0.6666666666666666,52.5,4,4,4,12,0.7844611410606162,0.2155388589393838,6385.44,Very High,4349.755743607554,5006.342106955104,5674.296,4845.189567804635,2035.6842563924456
25,4,800.0,143,59,1,4,0.2962964552462479,0.279990029344732,7,0.3284896114942886,Pharmacy,North,F,At-Risk,CUST_02175,200.0,2.083333333333333,1.92,2,1,3,6,0.283696983877399,0.7163030161226009,188.44,Low,177.29703192872478,234.24626333489846,193.9596,192.57979240944195,11.14296807127522
28,4,409.68993481915794,153,44,1,7,0.5119685266143181,0.1952610537389724,8,0.437817066719437,Grocery,South,M,At-Risk,CUST_01992,102.42248370478949,2.333333333333333,1.7142857142857142,2,1,2,5,0.3192129068410814,0.6807870931589186,73.27,Low,91.45375239059712,80.53371689024364,81.9635,86.27620653922934,18.18375239059712
7,22,2158.976403952436,19,45,2,7,0.8987741108406206,0.1032873679161507,1,0.2220845359988296,Tech,West,M,Growers,CUST_00880,98.1352910887471,0.5833333333333334,37.71428571428572,5,3,4,12,0.8566971276819587,0.1433028723180412,7852.76,Very High,5645.11967469396,5779.124466742432,7778.8506,6244.308199843158,2207.64032530604
24,33,1630.8348165678228,77,51,3,9,0.6990705326852664,0.1280167522225122,1,0.2248511403450611,Clothing,South,F,Growers,CUST_00766,49.4192368656916,2.0,16.5,3,4,4,11,0.6759523635155786,0.3240476364844213,718.38,Medium,838.1847888469911,996.8473081700128,776.6316,848.1292401699479,119.80478884699107
28,35,2250.7039227009013,42,49,2,8,0.8325954055531977,0.0919746974918205,3,0.2674307519577876,Clothing,South,F,Growers,CUST_00928,64.3058263628829,2.333333333333333,14.999999999999998,4,4,4,12,0.9219199672585328,0.0780800327414672,4655.65,Very High,3590.3405493996324,2145.1831137133317,4481.068,3461.6228902625885,1065.3094506003672
10,5,56.01268149976252,196,59,1,5,0.3865599401453544,0.2255685981274814,3,0.7592021545041783,Grocery,West,M,Hibernating,CUST_02378,11.202536299952502,0.8333333333333334,6.0,2,1,1,4,0.3980345717870158,0.6019654282129842,32.72,Low,36.448351777011,58.17326407987929,34.446556,39.365811641582106,3.7283517770109995
29,40,2363.971370534005,20,41,2,9,0.8837008151176149,0.092550044874697,4,0.2634474127091807,Tech,North,F,Growers,CUST_01375,59.099284263350135,2.4166666666666665,16.551724137931036,5,4,4,13,0.95,0.05,7047.88,Very High,6328.253449928371,2849.546730188044,7098.968,5584.200795391933,719.626550071629
15,16,288.6647887717592,133,30,1,4,0.2811623182220711,0.2338515767414733,12,0.5592115175760661,Grocery,North,F,At-Risk,CUST_01815,18.041549298234948,1.25,12.8,2,3,2,7,0.531124166728078,0.4688758332719219,226.9,Medium,179.37183786260408,156.54765111496286,196.53606,179.41004413830848,47.528162137395924
22,19,431.2829125199585,112,67,1,6,0.3861251303631234,0.123392056208073,3,0.534118256152904,Clothing,East,F,At-Risk,CUST_01799,22.699100658945184,1.8333333333333333,10.363636363636363,2,3,2,7,0.6003994053235078,0.3996005946764922,255.25,Medium,209.49807419951446,155.24003233112455,237.56079,204.9028018622422,45.75192580048554
34,41,1001.353771785002,41,33,2,6,0.7560272668456136,0.1291072143478112,6,0.1642786657510362,Tech,East,M,Growers,CUST_00930,24.423262726463463,2.833333333333333,14.470588235294118,4,4,3,11,0.7854942317500296,0.2145057682499703,437.75,Medium,660.1082090531938,605.4853796352281,614.31854,634.9608154006125,222.35820905319383
67,65,6080.862271935816,3,57,3,8,0.578392455464094,0.0129105271892615,0,0.0922604631022046,Home,North,M,Champions,CUST_00437,93.55172726055102,5.583333333333333,11.64179104477612,5,5,5,15,0.95,0.05,6293.17,Very High,8158.075403606129,3771.542819680161,6962.14,6666.896474599129,1864.9054036061289
52,67,11983.088227195018,29,35,4,10,0.6804256654653908,0.0362305379355163,4,0.1110995371599938,Electronics,East,M,Champions,CUST_00197,178.85206309246294,4.333333333333333,15.461538461538463,4,5,5,14,0.8737013970298008,0.1262986029701992,6820.73,Very High,7045.066846582606,10561.628939046086,7205.5234,7691.110692529789,224.33684658260609
17,10,396.2559632347348,95,63,1,7,0.2414354618528116,0.1370476606242108,3,0.4266781661851584,Pharmacy,East,F,At-Risk,CUST_01763,39.62559632347348,1.4166666666666667,7.0588235294117645,3,2,2,7,0.4498528598454959,0.550147140154504,149.33,Low,165.6139556250472,140.4593149837488,154.19695,156.85086868895058,16.283955625047184
21,17,1317.7258020684922,15,47,3,8,0.459198420713827,0.1134550140861627,5,0.2629934284807401,Clothing,West,M,Growers,CUST_01065,77.51328247461718,1.75,9.714285714285714,5,3,4,12,0.8060900661156686,0.1939099338843314,1060.52,High,1184.0207799626644,1816.6907973761504,1159.6937,1281.869034785363,123.50077996266441
4,2,200.0,217,40,1,5,0.1345497518091178,0.2484377284573263,15,0.4316834079498632,Pharmacy,North,M,Hibernating,CUST_02343,100.0,0.3333333333333333,6.0,1,1,2,4,0.2149915232063871,0.7850084767936129,267.08,Medium,182.85271902713598,95.19684356112701,233.83817,172.8192374774261,84.22728097286401
9,5,64.7613125582198,267,43,1,1,0.1162420887839966,0.2800856022611578,12,0.6895578629675003,Grocery,North,M,Hibernating,CUST_02529,12.95226251164396,0.75,6.666666666666667,1,1,1,3,0.2100419919340553,0.7899580080659446,42.53,Low,38.37399503176016,33.857511657071846,40.207394,37.95440444398581,4.1560049682398414
9,49,2041.0570247381995,87,32,3,6,0.6998520682553724,0.1021096179580125,7,0.2145036560789864,Clothing,South,F,Growers,CUST_01269,41.65422499465713,0.75,65.33333333333333,3,4,4,11,0.69937843239091,0.30062156760909,3655.88,Very High,2998.5923053085644,3820.828116865053,3193.3306,3207.4798904575155,657.2876946914357
9,1,108.65500884754144,243,66,1,2,0.223510310544799,0.3067872359007493,3,0.8987172737942781,Grocery,East,M,Hibernating,CUST_02324,108.65500884754144,0.75,1.3333333333333333,1,1,1,3,0.2066577264085808,0.7933422735914192,59.52,Low,58.12235849429314,51.06932445465634,61.929134,57.72835199369212,1.397641505706865
5,2,29.80962523661949,186,48,1,6,0.2475147359579373,0.3048095607979266,19,0.4000404985879446,Grocery,North,F,Hibernating,CUST_02780,14.904812618309746,0.4166666666666667,4.8,2,1,1,4,0.3868161904424944,0.6131838095575055,39.2,Low,44.14889612584506,59.762030014782994,41.056038,45.90277375888712,4.94889612584506
29,4,508.3858348758465,64,31,2,4,0.4304687146162307,0.1525505415624826,8,0.6583649103861238,Grocery,North,M,At-Risk,CUST_02226,127.09645871896164,2.4166666666666665,1.6551724137931036,3,1,2,6,0.4310025933819542,0.5689974066180458,136.49,Low,128.38757210989914,130.88813293968536,149.40668,134.88377344867226,8.10242789010087
69,181,6314.952636670814,12,62,3,9,0.6751328819694211,0.059121679171408,4,0.0867812727305297,Luxury,East,M,Champions,CUST_00451,34.889241086579084,5.75,31.47826086956522,5,5,5,15,0.95,0.05,7563.68,Very High,7459.571968109504,5994.034111812352,7388.5537,7119.817837730928,104.10803189049602
19,7,800.0,163,34,1,5,0.3095609884275775,0.2775967707966223,14,0.5064492629267806,Pharmacy,South,F,At-Risk,CUST_02165,114.28571428571428,1.5833333333333333,4.421052631578948,2,2,3,7,0.4095394968343394,0.5904605031656606,338.22,Medium,279.0424472246957,257.48171970536794,328.03387,288.24784564512083,59.17755277530432
6,6,167.93228297456417,238,67,1,2,0.3578222399857386,0.3155762407798326,13,0.5286073360382044,Pharmacy,West,F,Hibernating,CUST_02373,27.988713829094028,0.5,12.0,1,2,2,5,0.2192205650765961,0.7807794349234038,160.6,Low,163.99039284351403,78.59609391766939,157.76381,139.9721049049797,3.390392843514036
44,15,670.8675237187115,102,50,1,7,0.3922337271015961,0.2655254758724289,8,0.6244452531595182,Clothing,West,F,At-Risk,CUST_02013,44.72450158124743,3.6666666666666665,4.090909090909091,3,3,3,9,0.5093058764765244,0.4906941235234756,123.34,Low,141.8011587539102,164.61184053332235,131.69022,142.8917216163232,18.461158753910183
46,105,12128.0859158966,8,44,4,10,0.5273821712763305,0.0754103127127409,2,0.1319756621912201,Luxury,South,M,Champions,CUST_00271,115.5055801513962,3.8333333333333335,27.39130434782609,5,5,5,15,0.95,0.05,16763.5,Very High,19763.37524322897,18139.56459505612,22419.686,20176.45824908169,2999.8752432289693
18,18,304.2392284470044,74,40,1,6,0.554702162434715,0.2856899673888503,11,0.5406809960583172,Pharmacy,North,M,At-Risk,CUST_01841,16.90217935816691,1.5,12.0,3,3,2,8,0.5734088862384389,0.4265911137615611,208.37,Medium,184.61731478244604,186.79675405853234,202.45802,190.24466940831596,23.75268521755396
12,5,157.23287398238787,283,20,1,6,0.4991761665136544,0.4261087677904263,11,0.7727391942854739,Grocery,South,F,Hibernating,CUST_02935,31.446574796477574,1.0,5.0,1,1,1,3,0.1691624327924034,0.8308375672075966,59.76,Low,57.273296851649675,32.47896332983856,60.178467,51.925964642779086,2.4867031483503226
32,23,945.2826725932696,56,40,3,6,0.8613379142621206,0.1217979534020384,1,0.3011679044638896,Sports,East,F,Growers,CUST_00979,41.09924663448998,2.6666666666666665,8.625,4,3,3,10,0.7122831620688624,0.2877168379311375,454.98,Medium,459.6555311923397,465.94706436477003,435.07474,453.37032646797684,4.67553119233969
41,19,655.2580945248798,80,43,2,5,0.4971950011303823,0.1552419265330418,9,0.507418972417605,Grocery,West,F,At-Risk,CUST_02167,34.48726813288841,3.4166666666666665,5.560975609756098,3,3,3,9,0.6275201489164963,0.3724798510835037,135.18,Low,166.8736055500956,218.01751592247848,144.69577,168.6762665224694,31.693605550095583
78,166,7955.207120292144,9,34,3,10,0.4162529961039156,0.0515422967893306,4,0.0896712020102271,Luxury,West,F,Champions,CUST_00355,47.92293445959123,6.5,25.53846153846154,5,5,5,15,0.95,0.05,8552.62,Very High,9017.791449242664,5167.5580718030815,8505.2,7927.093673253748,465.1714492426636
17,18,335.2584520500183,159,61,2,6,0.2536073288656491,0.2202255984592481,3,0.6573482088562342,Grocery,East,M,At-Risk,CUST_01877,18.625469558334352,1.4166666666666667,12.705882352941176,2,3,2,7,0.5887209266440002,0.4112790733559998,204.44,Medium,186.05927831836294,185.060738897065,215.41125,194.21113342051672,18.380721681637056
62,113,5681.024816592705,2,40,3,8,0.7695342397251458,0.0107911775612315,0,0.0520503503118299,Luxury,East,M,Champions,CUST_00185,50.27455589905049,5.166666666666667,21.870967741935484,5,5,5,15,0.95,0.05,7870.36,Very High,8137.23767744105,4601.812393888401,8156.5845,7265.718786455971,266.87767744105076
3,3,31.19040309297011,284,19,1,1,0.1574363593132596,0.2860467727880634,10,0.8323762039156157,Pharmacy,South,F,Hibernating,CUST_02745,10.396801030990035,0.25,12.0,1,1,1,3,0.1594533387680589,0.840546661231941,81.64,Low,75.64557000148078,38.35233064672787,75.80399,66.12012537937802,5.994429998519223
12,4,441.5929843206205,109,64,2,4,0.2231782625644007,0.1333426223233855,12,0.429689555423688,Clothing,North,F,At-Risk,CUST_01615,110.39824608015512,1.0,4.0,3,1,2,6,0.4484367286710894,0.5515632713289105,254.91,Medium,200.4342942122363,199.57221212107416,255.14029,215.30384702406346,54.4757057877637
18,1,114.14210479988088,352,51,2,2,0.1572910231240718,0.2043466058477866,18,0.7923263908582803,Pharmacy,North,F,Hibernating,CUST_02760,114.14210479988088,1.5,0.6666666666666666,1,1,1,3,0.18079545408946,0.8192045459105399,36.77,Low,37.69754121919572,47.39193244904104,36.81735,39.18866751828544,0.9275412191957173
14,16,471.2733620917087,135,59,2,7,0.5749526186261729,0.1980590386968322,3,0.5399394532840324,Clothing,South,M,At-Risk,CUST_01707,29.454585130731797,1.1666666666666667,13.714285714285714,2,3,2,7,0.4931245627784612,0.5068754372215388,301.7,Medium,264.89063829804536,166.941177133966,297.0628,250.00092483734733,36.80936170195463
17,15,284.5554779342986,91,60,2,5,0.5562561270124875,0.1231325442367701,6,0.4241173677147096,Clothing,East,F,At-Risk,CUST_01862,18.97036519561991,1.4166666666666667,10.588235294117649,3,3,2,8,0.5453005397024319,0.4546994602975681,139.65,Low,157.68691711345448,181.9492341487478,146.26361,158.64867932810424,18.03691711345448
55,90,7782.149113256513,2,50,4,10,0.5816976753563201,0.0377894513545231,3,0.1386962686692955,Luxury,North,M,Champions,CUST_00247,86.46832348062793,4.583333333333333,19.63636363636364,5,5,5,15,0.9153463573084296,0.0846536426915705,7921.82,Very High,8644.595302094089,6445.538769656714,8034.8936,7974.778119291719,722.775302094089
75,86,8690.053384581923,4,42,3,9,0.5354801262173667,0.0138195785797889,0,0.0910986625189598,Luxury,East,M,Champions,CUST_00556,101.04713237885956,6.25,13.76,5,5,5,15,0.95,0.05,9495.9,Very High,10186.421856672978,4706.575625011113,9388.071,8517.801163768498,690.5218566729782
19,6,322.32345358099576,62,62,2,7,0.4348766801868468,0.2539212779561048,13,0.5046123777904056,Grocery,North,F,At-Risk,CUST_01753,53.720575596832624,1.5833333333333333,3.789473684210527,4,2,2,8,0.5522009041944377,0.4477990958055623,181.44,Low,148.31075233048986,203.56741142964236,164.877,163.11517099575417,33.129247669510136
28,58,1631.6808869808517,79,33,3,8,0.8839001233715038,0.0768326068964338,5,0.1210275248274214,Sports,South,M,Growers,CUST_01365,28.132429085876755,2.333333333333333,24.85714285714285,3,5,4,12,0.8463906839286018,0.1536093160713981,2138.23,High,1793.8315809977753,1667.5331715330651,2012.4327,1829.8805139573642,344.3984190022247
43,75,4549.88214085021,22,34,4,9,0.5059790475170509,0.0493532167745167,0,0.1272707661609396,Home,West,M,Champions,CUST_00068,60.66509521133613,3.583333333333333,20.930232558139533,5,5,5,15,0.95,0.05,9091.48,Very High,9799.003490864045,5896.820119433264,8661.769,8530.953350575894,707.523490864045
19,1,122.40634235364406,181,45,1,5,0.1332962991514735,0.4696622481879217,17,0.6013344400252008,Pharmacy,South,M,Hibernating,CUST_02619,122.40634235364406,1.5833333333333333,0.6315789473684211,2,1,1,4,0.3154295109474936,0.6845704890525064,37.89,Low,41.248988314677234,64.10110969449723,38.073914,43.997866515621425,3.3589883146772337
18,13,315.5240916717619,139,33,2,6,0.5145773615687197,0.2217706500444404,7,0.4540122724931301,Grocery,East,F,At-Risk,CUST_02285,24.27108397475092,1.5,8.666666666666666,2,2,2,6,0.4683762876957716,0.5316237123042284,162.15,Low,126.81692672347856,113.42976323418091,133.86836,126.05011384690013,35.333073276521446
38,174,10261.512950042985,1,53,4,10,0.6531230812776311,0.0187042089001609,2,0.0665158654254066,Electronics,North,M,Champions,CUST_00533,58.97421235656887,3.1666666666666665,54.94736842105264,5,5,5,15,0.9257352409108944,0.0742647590891054,18831.21,Very High,16653.077093744014,26975.065107364255,17441.557,18595.83653408947,2178.1329062559853
18,7,56.590496711629314,266,50,1,1,0.4085815412551518,0.3151151931616099,7,0.8691704424555573,Grocery,South,F,Hibernating,CUST_02874,8.084356673089902,1.5,4.666666666666667,1,2,1,4,0.2637691305725156,0.7362308694274844,15.71,Low,19.9368909969714,32.73010008699746,19.311628,21.823542895375727,4.226890996971399
14,5,79.14993542820886,204,58,2,5,0.2976344172924644,0.4653502889795476,5,0.824658018278106,Grocery,North,F,Hibernating,CUST_02706,15.829987085641772,1.1666666666666667,4.285714285714286,2,1,1,4,0.3090441812282924,0.6909558187717075,32.11,Low,31.247870357764725,44.09926983547076,32.65374,33.92966821461029,0.8621296422352742
16,15,329.6008220983022,72,65,1,4,0.3154640242339218,0.2417612595940822,5,0.6062987040137237,Grocery,East,M,At-Risk,CUST_01503,21.97338813988681,1.3333333333333333,11.25,3,3,2,8,0.615626240791163,0.384373759208837,249.09,Medium,206.9521910663564,216.8322430606424,233.10707,216.48563455880767,42.13780893364361
33,17,1381.0960604671734,53,35,3,6,0.4092740978622037,0.1145710344745637,1,0.1322841010165835,Tech,South,F,Growers,CUST_00762,81.24094473336314,2.75,6.181818181818182,4,3,4,11,0.7551748750636162,0.2448251249363837,703.89,Medium,816.4281688957267,1003.0833978936603,717.7199,818.4957041699357,112.5381688957267
23,6,87.26055503621029,220,18,2,2,0.4620899694119761,0.3455062123068789,17,0.6955169692151908,Grocery,South,M,Hibernating,CUST_02753,14.543425839368382,1.9166666666666667,3.130434782608696,1,2,1,4,0.3433576564520298,0.6566423435479701,21.03,Low,26.93337911083094,32.435543884320424,25.271366,27.42812564538035,5.90337911083094
22,19,1356.492712406036,62,32,3,6,0.8995453838986553,0.1184936748241309,1,0.1391585452976297,Sports,East,F,Growers,CUST_01212,71.39435328452821,1.8333333333333333,10.363636363636363,4,3,4,11,0.7048466812865369,0.295153318713463,951.52,High,919.8967973325487,1187.1345152266206,879.0769,954.9491418737695,31.623202667451324
16,17,485.04667708465473,117,21,1,4,0.4801287874534434,0.2843038384674842,13,0.58236724423931,Pharmacy,South,M,At-Risk,CUST_02244,28.532157475567924,1.3333333333333333,12.75,2,3,2,7,0.5151702335298628,0.4848297664701372,290.45,Medium,244.78831623271202,155.68373952192513,276.05896,231.83974265372444,45.66168376728797
31,13,404.9769789681735,170,36,2,5,0.3126897094401318,0.2043630646102721,7,0.4036008287177965,Grocery,North,F,At-Risk,CUST_01794,31.15207530524411,2.583333333333333,5.032258064516129,2,2,2,6,0.4165537945495245,0.5834462054504754,89.44,Low,90.34822432389028,78.28288886920741,104.01831,91.59029778885949,0.9082243238902805
83,150,4987.246472588809,22,33,3,10,0.4559397178818626,0.0224007466255837,3,0.1031653809548602,Home,South,F,Champions,CUST_00536,33.24830981725873,6.916666666666667,21.686746987951807,5,5,5,15,0.9265143817663122,0.0734856182336878,3465.98,Very High,5473.818032952825,2792.3524652503597,3954.5051,4339.808664611841,2007.838032952825
14,17,337.504518625455,152,58,2,4,0.3617267254458748,0.1893810183607014,5,0.5387112910433414,Clothing,West,F,At-Risk,CUST_01747,19.85320697796794,1.1666666666666667,14.571428571428571,2,3,2,7,0.4921812261322519,0.5078187738677481,182.87,Low,183.8222064064585,162.49453210683265,192.37315,181.80859190342093,0.9522064064584868
48,177,15000.0,17,42,3,8,0.5331497064699093,0.0417928563915694,1,0.1364393086666416,Electronics,West,F,Champions,CUST_00464,84.7457627118644,4.0,44.25,5,5,5,15,0.95,0.05,22273.12,Very High,21769.31016987201,34109.90163605274,23382.988,24331.491930730863,503.8098301279897
19,6,31.42200490908132,240,54,1,5,0.4027705550509922,0.2064597800895794,6,0.4657562647401241,Pharmacy,West,M,Hibernating,CUST_02678,5.23700081818022,1.5833333333333333,3.789473684210527,1,2,1,4,0.3229275429392553,0.6770724570607447,9.52,Low,12.308530549732659,34.01330764456803,9.922082,14.21960342199093,2.788530549732659
38,19,439.73251024217376,94,46,1,6,0.3896879788655604,0.2811680584284608,9,0.5229329699003005,Grocery,North,F,At-Risk,CUST_01840,23.14381632853546,3.1666666666666665,6.0,3,3,2,8,0.553781827996792,0.446218172003208,110.13,Low,110.50587740142754,112.91341337892884,111.55437,111.29814091117484,0.37587740142754456
10,5,32.69871845743691,214,34,1,4,0.2536098327905159,0.3040071131087755,4,0.6011773923765487,Pharmacy,East,F,Hibernating,CUST_02863,6.539743691487383,0.8333333333333334,6.0,1,1,1,3,0.1365601043735554,0.8634398956264445,12.75,Low,19.71402850806382,24.62502944845428,16.764397,19.640980551398805,6.964028508063819
30,161,12857.313772580002,21,54,4,10,0.4100556629523765,0.06909486277003,2,0.0895968567496067,Luxury,South,M,Champions,CUST_00125,79.85909175515529,2.5,64.4,5,5,5,15,0.95,0.05,33782.07,Very High,29136.077817906127,56272.50205721072,36118.08,35448.07127258648,4645.9921820938725
49,156,7788.832771584469,20,64,3,8,0.7109154732926797,0.0135435730588351,1,0.0127449434834199,Electronics,West,F,Champions,CUST_00179,49.92841520246454,4.083333333333333,38.204081632653065,5,5,5,15,0.95,0.05,13529.36,Very High,12402.029325445017,12035.843407019449,13369.204,12608.789511947934,1127.3306745549835
62,131,15000.0,10,38,3,10,0.4323175134626786,0.0292667426725905,1,0.05044850914055,Home,East,F,Champions,CUST_00193,114.50381679389314,5.166666666666667,25.354838709677416,5,5,5,15,0.95,0.05,24311.07,Very High,18820.405494193685,17455.053456164507,23623.773,19847.402521138738,5490.664505806315
10,3,182.46464354955324,282,54,2,6,0.4813249983915212,0.441795138448498,3,0.4763772484022562,Pharmacy,East,M,Hibernating,CUST_02308,60.82154784985108,0.8333333333333334,3.6,1,1,2,4,0.2586964123677405,0.7413035876322596,98.64,Low,91.28046129113659,81.33950597847763,101.16404,91.99636842388506,7.359538708863411
17,41,2442.154041619947,28,30,2,8,0.7204583873220377,0.0531321785222159,5,0.292400037823683,Sports,West,F,Growers,CUST_01430,59.564732722437725,1.4166666666666667,28.94117647058824,4,4,4,12,0.8792369821522561,0.1207630178477439,4144.54,Very High,3566.92134572266,3157.6942155593797,4508.899,3734.589986685572,577.6186542773398
24,16,263.81164822364053,153,25,2,5,0.4061265343565418,0.2880754621673319,13,0.5606199131813914,Clothing,North,F,At-Risk,CUST_01692,16.488228013977533,2.0,8.0,2,3,2,7,0.5022733263116597,0.4977266736883403,89.88,Low,102.63257813649766,113.38981086859795,94.52934,102.1493884221035,12.752578136497661
20,15,818.8296258984461,80,51,2,7,0.4961865461312346,0.0936777883021257,5,0.1788096571002552,Clothing,South,F,Growers,CUST_00742,54.58864172656308,1.6666666666666667,9.0,3,3,3,9,0.5660076032673275,0.4339923967326725,363.93,Medium,444.2004257834101,362.195213941081,383.84323,408.157948750361,80.27042578341008
27,42,1489.0892704417306,58,52,3,6,0.4271830892200919,0.113498966159645,6,0.2913379984799134,Clothing,West,M,Growers,CUST_01035,35.454506439088824,2.25,18.666666666666668,4,4,4,12,0.8256409781829113,0.1743590218170887,1443.22,High,1297.1664625597393,1580.4341147815185,1336.5521,1361.600904626984,146.0535374402607
26,13,203.3917725949068,185,69,2,7,0.408541590074729,0.1773891699850604,5,0.3821274496933136,Clothing,West,M,At-Risk,CUST_01967,15.645520968838982,2.1666666666666665,6.0,2,2,2,6,0.4097495146049748,0.5902504853950252,52.91,Low,72.42644807546061,81.14251296646532,62.218494,70.7948205399357,19.516448075460616
50,134,8488.007160751677,20,31,4,10,0.6075645702705998,0.0348309989711148,2,0.0807330152802712,Luxury,North,F,Champions,CUST_00479,63.3433370205349,4.166666666666667,32.16,5,5,5,15,0.95,0.05,9495.93,Very High,11602.806049918145,11170.921726066366,10334.724,11122.158715837235,2106.8760499181444
24,32,1384.8526726034793,52,49,2,9,0.543093123342067,0.0519632271387653,3,0.2806818195111568,Clothing,North,F,Growers,CUST_01028,43.27664601885873,2.0,16.0,4,4,4,12,0.7670598586814112,0.2329401413185887,1810.03,High,1174.1598535699995,1390.550027329052,1116.3247,1196.2974680105224,635.8701464300004
14,5,134.4456155228796,252,50,1,5,0.3782566431662361,0.3866910539704399,8,0.6293635570239855,Pharmacy,West,F,Hibernating,CUST_02602,26.88912310457592,1.1666666666666667,4.285714285714286,1,1,1,3,0.2226789926072665,0.7773210073927335,53.01,Low,48.250781626568006,32.13405568255408,54.35277,46.11978411022677,4.759218373431992
75,190,4331.62192931682,28,52,4,9,0.4512097556392682,0.061025744007361,1,0.1364895237239577,Electronics,North,M,Champions,CUST_00369,22.79801015429905,6.25,30.4,4,5,5,14,0.9466720204084274,0.0533279795915726,4609.92,Very High,5924.407604084878,3352.831639878512,4552.8574,4885.31288761729,1314.4876040848776
12,1,49.77421481901784,226,42,2,3,0.4212583704630178,0.4293944722373078,6,0.6972012081636654,Grocery,East,F,Hibernating,CUST_02524,49.77421481901784,1.0,1.0,1,1,1,3,0.1838604899342306,0.8161395100657693,16.94,Low,22.570445039944843,31.071291944181738,17.688498,22.381884344142154,5.630445039944842
8,23,2488.337040402182,19,49,2,9,0.5312301557003417,0.1311547006334733,1,0.1702569815675506,Clothing,West,M,Growers,CUST_00846,108.18856697400793,0.6666666666666666,34.5,5,3,4,12,0.7965433217555974,0.2034566782444026,5154.52,Very High,4308.351310448018,5101.259265260785,5194.5474,4713.633177439324,846.1686895519824
62,157,15000.0,3,57,3,10,0.4144377312417495,0.0784095952796513,0,0.0772113290635169,Electronics,South,M,Champions,CUST_00257,95.54140127388536,5.166666666666667,30.387096774193548,5,5,5,15,0.95,0.05,20044.21,Very High,17908.926063145584,18818.27168610475,22106.889,19266.77910916491,2135.2839368544155
24,15,2500.0,46,45,2,9,0.6633739262150231,0.0867074950745034,2,0.1268089504423808,Clothing,West,F,Growers,CUST_01223,166.66666666666666,2.0,7.5,4,3,4,11,0.6913756557913032,0.3086243442086968,1490.9,High,1295.685248767317,1893.7601269857423,1420.4114,1436.9512254210738,195.21475123268306
45,16,223.5368011462552,165,26,2,5,0.5703735409492394,0.1027960970170333,7,0.5096018303137145,Grocery,North,M,At-Risk,CUST_01993,13.971050071640953,3.75,4.266666666666667,2,3,2,7,0.4850336513352057,0.5149663486647942,45.01,Low,47.89380120710841,64.9967270150931,43.89597,49.60502273254006,2.8838012071084123
51,95,7580.44905547626,6,35,3,10,0.7489595934788329,0.0247788159790626,4,0.1153120697043769,Luxury,North,M,Champions,CUST_00212,79.79420058396063,4.25,22.352941176470587,5,5,5,15,0.95,0.05,12938.14,Very High,12185.669481788898,7692.871717363422,12763.485,11270.260710811983,752.4705182111011
23,3,97.80160587248903,309,20,2,3,0.3023111500184248,0.3320512873504919,13,0.4024678969534584,Pharmacy,East,F,Hibernating,CUST_02690,32.60053529082968,1.9166666666666667,1.5652173913043477,1,1,1,3,0.1613657688312984,0.8386342311687016,17.83,Low,27.83456533056912,24.331189567815645,23.615335,25.794741199352508,10.004565330569122
32,6,652.2264623767581,88,23,2,7,0.2565501305524221,0.1682363822816732,14,0.3019064521926145,Pharmacy,South,F,At-Risk,CUST_01950,108.70441039612636,2.6666666666666665,2.25,3,2,3,8,0.6334441379111628,0.3665558620888371,160.4,Low,197.586137826552,336.77752747315753,168.5199,209.6041055045548,37.186137826552
22,43,1310.0868436699773,69,52,3,8,0.600758127092301,0.1462740586056845,3,0.1388502821847538,Sports,South,F,Growers,CUST_01363,30.4671358993018,1.8333333333333333,23.454545454545457,3,4,4,11,0.6901899169960458,0.3098100830039542,795.25,Medium,860.7812704320174,1090.716308182379,813.7345,887.4343767702367,65.53127043201744
39,11,282.49615853162135,152,43,2,6,0.4021237117414863,0.1532192184819096,5,0.3675474768598931,Clothing,North,M,At-Risk,CUST_02152,25.68146895742012,3.25,3.3846153846153846,2,2,2,6,0.4682529160756112,0.5317470839243887,52.81,Low,57.268848623840945,66.3734307403187,52.839027,57.57942627492982,4.458848623840943
13,17,501.70100302149217,81,45,2,7,0.4807815109314345,0.2688280004130399,7,0.6293396641615543,Clothing,South,M,At-Risk,CUST_02154,29.5118237071466,1.0833333333333333,15.692307692307692,3,3,2,8,0.6841996668759536,0.3158003331240464,424.71,Medium,350.1108877724909,319.9080747736345,423.87134,364.1535722200982,74.59911222750907
81,134,6138.598967605792,27,57,4,9,0.5055987444412728,0.0488280917351857,4,0.0200667217490952,Luxury,North,M,Champions,CUST_00568,45.81044005675964,6.75,19.85185185185185,4,5,5,14,0.8908208855253421,0.1091791144746578,3300.94,Very High,3553.1029122501805,2292.525172491412,3160.5747,3142.669034304976,252.1629122501804
37,15,360.3255101687994,99,49,2,7,0.5065932357291136,0.194806316473784,4,0.6270442123668973,Clothing,North,M,At-Risk,CUST_02207,24.021700677919963,3.083333333333333,4.864864864864865,3,3,2,8,0.6184214904217384,0.3815785095782615,84.63,Low,95.1381250312039,131.50832834839395,83.574844,97.6435807308336,10.508125031203903
37,18,308.2334342299709,95,26,1,5,0.2149122548435826,0.2689212965234752,12,0.5242609834563909,Grocery,East,M,At-Risk,CUST_02094,17.12407967944283,3.083333333333333,5.837837837837838,3,3,2,8,0.6051239241016516,0.3948760758983484,97.2,Low,85.71762053430481,122.26040496737556,84.41528,91.61452606530877,11.482379465695189
20,7,662.9606495538186,167,46,1,4,0.4090179325245228,0.2009283766732456,14,0.6477782755995832,Pharmacy,West,F,At-Risk,CUST_01711,94.70866422197408,1.6666666666666667,4.2,2,2,3,7,0.3193908824670661,0.6806091175329338,165.56,Low,194.46120959351285,181.55346157332065,195.14784,192.01160323718057,28.901209593512846
18,29,1393.1924946757945,59,36,3,6,0.8248316888179525,0.0889553135626095,4,0.3220814536756555,Clothing,South,F,Growers,CUST_01264,48.04112050606188,1.5,19.33333333333333,4,4,4,12,0.7224013493875919,0.277598650612408,1194.83,High,1316.1929319084534,1572.1203484274565,1168.674,1316.0328026189347,121.36293190845345
40,19,401.9215056966473,198,58,2,5,0.3329884907693523,0.175806052329196,8,0.5794365674346094,Grocery,South,M,At-Risk,CUST_02124,21.15376345771828,3.333333333333333,5.7,2,3,2,7,0.5024424233452136,0.4975575766547864,97.57,Low,89.29436341834986,87.61485423531224,93.78236,90.27459379612289,8.275636581650133
15,58,2462.220739387741,38,44,3,7,0.5332486000064227,0.1393987673757247,1,0.3273813898405824,Clothing,West,M,Growers,CUST_00799,42.45208171358174,1.25,46.4,4,5,4,13,0.8787543230695702,0.1212456769304297,5405.11,Very High,4543.1623338966265,5000.291958985397,5093.0312,4792.601446967483,861.9476661033732
63,152,13800.47183502522,22,59,4,10,0.4021581916994851,0.0670269703296992,1,0.1123444726290597,Luxury,South,F,Champions,CUST_00081,90.79257786200805,5.25,28.952380952380956,5,5,5,15,0.95,0.05,23709.43,Very High,18686.32415198602,15964.973721781169,22359.0,19108.714794159554,5023.10584801398
45,163,12458.10107646612,13,60,4,9,0.3896266278696403,0.0258565138225273,0,0.0308691565484132,Electronics,South,M,Champions,CUST_00033,76.43006795377988,3.75,43.46666666666667,5,5,5,15,0.95,0.05,31006.86,Very High,23701.05889087228,26006.274555873835,28364.252,25481.854892321477,7305.801109127722
61,133,14633.769846999776,19,49,4,8,0.5448122310251224,0.0533420914756085,4,0.1080685112194134,Luxury,East,M,Champions,CUST_00415,110.02834471428405,5.083333333333333,26.16393442622951,5,5,5,15,0.95,0.05,20881.24,Very High,18748.236846014934,17467.06034685306,20332.09,18939.950295101815,2133.003153985068
42,13,241.66837918021608,159,38,1,6,0.2144470081816012,0.2181536119152965,7,0.4753098330187176,Clothing,North,M,At-Risk,CUST_01805,18.589875321555084,3.5,3.7142857142857135,2,2,2,6,0.3761804301932228,0.6238195698067772,42.02,Low,50.43717143343567,48.86659300654194,41.352562,47.22413138343555,8.41717143343567
33,16,286.61174109979163,94,29,1,7,0.5292004699565378,0.1142497475820785,3,0.6866629749170118,Grocery,West,F,At-Risk,CUST_02214,17.913233818736977,2.75,5.818181818181818,3,3,2,8,0.6956100210304467,0.3043899789695533,140.51,Low,122.54281094595257,165.00469936598108,136.17624,134.2435303352944,17.967189054047424
7,52,800.0,89,37,2,8,0.5306436801684189,0.1471174405139958,6,0.1204921943983726,Clothing,West,M,Growers,CUST_01322,15.384615384615383,0.5833333333333334,89.14285714285714,3,4,3,10,0.7253212248473673,0.2746787751526327,1896.19,High,1694.28831850997,3136.7531558341034,1864.0205,1972.107211759097,201.90168149003011
31,19,327.78347718727986,177,26,2,7,0.5196955027748484,0.2046135914815455,8,0.6877081009714091,Grocery,West,F,At-Risk,CUST_01568,17.251761957225256,2.583333333333333,7.354838709677419,2,3,2,7,0.5281645947885598,0.4718354052114402,100.5,Low,107.10691430180303,109.44425875664797,106.63186,107.42704275652314,6.60691430180303
26,12,1152.413435135523,37,44,3,6,0.8237870148951313,0.1489179233267833,4,0.2870275602899839,Clothing,South,F,Growers,CUST_00784,96.03445292796026,2.1666666666666665,5.538461538461539,4,2,3,9,0.5744118021633176,0.4255881978366824,404.35,Medium,406.3829857298127,430.93457243550193,397.4647,408.4510840252622,2.0329857298126512
20,7,200.0,296,57,2,6,0.4897599328636582,0.3848342707491571,13,0.7505045105090344,Pharmacy,South,F,Hibernating,CUST_02992,28.571428571428573,1.6666666666666667,4.2,1,2,2,5,0.3288458590201844,0.6711541409798156,48.59,Low,60.471876382371946,71.94229793734681,56.902256,61.48025300946488,11.881876382371942
15,47,1455.268251463202,41,32,2,9,0.5083819340052,0.0573870417907467,3,0.1322740874649083,Clothing,South,F,Growers,CUST_01413,30.963154286451108,1.25,37.6,4,4,4,12,0.8846356716540626,0.1153643283459373,2867.3,Very High,2932.5600013666776,3214.283457753977,2821.6562,2952.512522842512,65.26000136667744
44,116,4368.428534494546,16,44,4,10,0.3200295595253472,0.0636569121355139,1,0.0130450530383899,Electronics,South,M,Champions,CUST_00458,37.65886667667712,3.6666666666666665,31.63636363636364,5,5,5,15,0.95,0.05,11922.0,Very High,10081.823676005837,7037.6047393411845,10781.687,9573.288517221084,1840.1763239941629
28,58,7613.20279672567,21,35,3,10,0.6864047866451687,0.0663801030132185,0,0.0294730450434316,Luxury,South,M,Champions,CUST_00140,131.26211718492533,2.333333333333333,24.85714285714285,5,5,5,15,0.95,0.05,23971.49,Very High,21337.396521929393,16010.88343839429,24780.938,21071.207461680646,2634.0934780706084
32,5,390.8051328624837,88,22,2,5,0.2690412916964518,0.1886746509677866,14,0.6594948247591689,Clothing,South,M,At-Risk,CUST_02231,78.16102657249675,2.6666666666666665,1.875,3,1,2,6,0.3876618730569956,0.6123381269430044,80.74,Low,91.24376447233425,86.2632628691522,87.26257,89.02596491636693,10.503764472334254
30,14,800.0,50,43,2,7,0.6631993979326367,0.0806381036936289,6,0.1087454683790384,Sports,East,M,Growers,CUST_01026,57.142857142857146,2.5,5.6,4,3,3,10,0.7810055802503219,0.2189944197496781,618.14,Medium,499.938172977639,547.6875351974484,543.3581,522.0250582303232,118.20182702236099
52,179,6659.4493614231005,25,43,4,9,0.6142132283072935,0.0560711877008301,3,0.1122913062872748,Electronics,South,F,Champions,CUST_00089,37.20362771744749,4.333333333333333,41.30769230769232,4,5,5,14,0.9427675603500544,0.0572324396499456,8398.84,Very High,8356.27733208215,8490.828044844731,8444.133,8409.360994631796,42.56266791784947
27,38,2500.0,17,49,3,9,0.4947977450883464,0.1147507757401237,6,0.3339137823523861,Tech,West,M,Growers,CUST_01443,65.78947368421052,2.25,16.88888888888889,5,4,4,13,0.95,0.05,8488.71,Very High,6424.310792622039,3112.5629232176307,8192.059,5978.0538246020615,2064.39920737796
33,19,588.2641337003034,66,60,2,7,0.3723192211455099,0.1639805987011454,5,0.4680941852767895,Pharmacy,East,F,At-Risk,CUST_01832,30.961270194752814,2.75,6.909090909090909,3,3,3,9,0.6156811355242134,0.3843188644757865,197.08,Low,199.64301560578335,248.81607165211463,170.69023,199.05978353362244,2.5630156057833346
19,4,52.31149672541972,314,58,2,4,0.4596389584566971,0.4645134941499712,13,0.4575146842401738,Grocery,South,M,Hibernating,CUST_02577,13.07787418135493,1.5833333333333333,2.5263157894736845,1,1,1,3,0.2019659678388916,0.7980340321611084,15.53,Low,15.666331440199563,26.847462803237416,14.428792,17.04582419324766,0.1363314401995641
75,78,11501.0628063998,19,55,3,10,0.6536985000164639,0.0209341055551419,2,0.1278072623707039,Home,South,F,Champions,CUST_00255,147.44952315897177,6.25,12.48,5,5,5,15,0.95,0.05,12247.31,Very High,12853.104119294758,7602.165756277711,11965.939,11325.997040486296,605.7941192947583
27,31,1603.1256686014149,73,39,3,7,0.8209875127031356,0.1079267829575199,2,0.3222862404989463,Tech,South,F,Growers,CUST_00606,51.71373124520693,2.25,13.77777777777778,3,4,4,11,0.7535079267206269,0.246492073279373,875.4,High,951.4341753713877,1048.1194393357353,940.48627,966.6687923788846,76.03417537138773
17,58,1308.873375390187,81,53,2,6,0.5527052654857575,0.1399879520571152,3,0.164626563036953,Sports,North,M,Growers,CUST_01045,22.56678233431357,1.4166666666666667,40.94117647058823,3,5,4,12,0.7876440878706068,0.2123559121293932,1345.95,High,1541.492067568954,2353.9820017709917,1405.5808,1631.8956752182107,195.54206756895405
78,154,5756.864538177772,2,53,3,10,0.5012031296496559,0.0678152615985011,1,0.1429960751373558,Electronics,East,M,Champions,CUST_00569,37.38223726089463,6.5,23.692307692307693,5,5,5,15,0.95,0.05,5511.95,Very High,6329.547445311975,3677.4966207236666,5637.557,5484.360063266309,817.5974453119752
22,19,611.1399515658405,178,38,2,6,0.3116070735061466,0.241960041792811,13,0.536775071482519,Pharmacy,East,F,At-Risk,CUST_01733,32.16526060872845,1.8333333333333333,10.363636363636363,2,3,3,8,0.5182915278532938,0.4817084721467062,242.1,Medium,237.00347698249135,251.8520334677023,242.25948,241.48556775865242,5.096523017508645
22,5,108.87090336859686,209,65,1,2,0.2949370123412715,0.2088920217955168,11,0.9887319632343142,Pharmacy,East,M,Hibernating,CUST_02543,21.77418067371937,1.8333333333333333,2.7272727272727275,1,1,1,3,0.079686093098491,0.9203139069015088,17.88,Low,26.39869130376188,16.46185732149625,18.414095,21.579699315336985,8.51869130376188
10,57,2500.0,43,40,3,9,0.6875431806925576,0.1124916262186079,6,0.3130348909636189,Clothing,East,M,Growers,CUST_00858,43.85964912280702,0.8333333333333334,68.39999999999999,4,5,4,13,0.9441746713552598,0.0558253286447402,15598.95,Very High,10043.686130530868,9802.09091766611,16659.781,11633.547086330433,5555.263869469132
15,4,67.04457288920739,339,63,1,5,0.1463598876971015,0.3233647428447437,8,0.8973723605839777,Grocery,South,F,Hibernating,CUST_02473,16.761143222301847,1.25,3.2,1,1,1,3,0.1363847493369008,0.8636152506630992,22.18,Low,22.341344783558554,27.188465815532,21.257568,22.895743985132018,0.16134478355855464
21,28,1317.329136541687,74,48,3,8,0.8503629050619917,0.0700016261265826,2,0.243688922663851,Tech,East,M,Growers,CUST_00818,47.04746916220311,1.75,16.0,3,4,4,11,0.7429586380336993,0.2570413619663007,1005.55,High,1030.5305354069567,1143.801332309661,1005.2211,1044.4304826040843,24.980535406956733
44,8,739.7028877379845,80,41,2,7,0.3736045645242515,0.2282681922979993,9,0.3569190315191937,Clothing,West,F,At-Risk,CUST_02031,92.46286096724806,3.6666666666666665,2.181818181818182,3,2,3,8,0.5450758999119083,0.4549241000880917,159.7,Low,156.14342346803704,195.95421267349244,165.35321,166.23629617724112,3.5565765319629463
42,6,348.05054253925664,124,62,1,7,0.3172663922923661,0.1101664197068246,7,0.3193098254242588,Pharmacy,West,F,At-Risk,CUST_01878,58.008423756542776,3.5,1.7142857142857142,2,2,2,6,0.4164946298690604,0.5835053701309396,59.25,Low,63.77296433304015,60.08224595282585,57.890415,61.2147416551351,4.52296433304015
62,130,8478.489021761525,27,63,4,9,0.333231662888136,0.038014859309477,4,0.0062245988264859,Home,South,F,Champions,CUST_00142,65.2191463212425,5.166666666666667,25.161290322580644,4,5,5,14,0.9271840449438348,0.0728159550561653,11509.18,Very High,9338.302812510596,5598.034984610042,10758.953,8795.76650601499,2170.8771874894046
58,58,7705.50772305294,25,52,3,10,0.7370358866525926,0.0666947094212029,1,0.0214221456709301,Electronics,South,F,Champions,CUST_00444,132.85358143194725,4.833333333333333,12.0,4,5,5,14,0.95,0.05,11373.88,Very High,11051.102562524477,5234.055789982075,11479.452,9626.076803247362,322.7774374755227
24,53,1855.92005956003,68,39,2,7,0.7795260050335542,0.0750655980041569,4,0.1467273837067693,Tech,West,M,Growers,CUST_01175,35.01735961434019,2.0,26.5,3,4,4,11,0.6752186163094636,0.3247813836905364,944.74,High,1130.490571061486,1182.2750282320042,1078.9152,1124.7956870402513,185.75057106148597
66,115,6659.648901066315,3,60,4,9,0.7195901974901493,0.0553763428165492,0,0.0340891580339493,Home,North,F,Champions,CUST_00487,57.90999044405492,5.5,20.90909090909091,5,5,5,15,0.95,0.05,8605.47,Very High,8408.226913157296,4801.459823746247,8229.484,7468.619368833193,197.24308684270363
15,46,841.0948506179487,51,38,3,9,0.6570434374396369,0.0803853580868222,5,0.1303261761412909,Clothing,North,M,Growers,CUST_00882,18.28467066560758,1.25,36.8,4,4,3,11,0.8581511651478518,0.1418488348521481,1934.73,High,1808.981950996314,1626.0426109217208,1871.2601,1788.892004405721,125.74804900368599
16,3,23.519309722594564,305,55,2,2,0.1639757237758256,0.3109718695989299,7,0.928525981890942,Pharmacy,South,M,Hibernating,CUST_02565,7.8397699075315215,1.3333333333333333,2.25,1,1,1,3,0.2880041298769239,0.7119958701230761,8.61,Low,11.387135967892847,33.126760041002925,8.441263,12.983423110321816,2.777135967892848
12,56,839.6239582434113,64,39,3,8,0.5910574322547593,0.1030332756069634,2,0.1876755818576818,Tech,South,F,Growers,CUST_01085,14.993284968632343,1.0,56.0,3,4,3,10,0.6447109856970148,0.3552890143029852,916.59,High,1213.4015489622602,1250.3104271640548,928.39667,1126.4946713327029,296.8115489622602
30,40,1625.480126304256,62,29,2,8,0.7431249679287537,0.1113995124034817,3,0.1679720804796311,Clothing,West,F,Growers,CUST_01300,40.6370031576064,2.5,16.0,4,4,4,12,0.8204258032493884,0.1795741967506116,1344.83,High,1177.093723511352,1454.6641110356322,1207.0055,1237.2913849405977,167.73627648864795
32,182,5440.758806562364,3,32,4,9,0.338485834690437,0.0707886666762853,2,0.0296333858517717,Luxury,East,M,Champions,CUST_00176,29.894279156936065,2.6666666666666665,68.25,5,5,5,15,0.95,0.05,13673.19,Very High,14029.891322073148,23805.09055563691,13842.421,15531.926029289905,356.7013220731478
33,33,2038.5721617265408,84,39,3,6,0.7260299379973124,0.1022023417664348,4,0.3220444775945956,Sports,West,M,Growers,CUST_01095,61.77491399171335,2.75,12.0,3,4,4,11,0.6498038991149251,0.3501961008850749,753.31,Medium,881.6422431211549,792.9637491379981,745.25653,820.7107536481979,128.332243121155
23,2,121.97798715509887,249,63,1,6,0.4989705518343912,0.2833714242356185,6,0.621011414493025,Grocery,South,F,Hibernating,CUST_02701,60.98899357754944,1.9166666666666667,1.0434782608695652,1,1,1,3,0.217951388620299,0.7820486113797009,36.2,Low,36.57011773521523,29.411717654870472,31.702744,33.54655381825032,0.3701177352152243
14,2,53.05352109283481,359,26,2,4,0.1816988345378093,0.4276222672847558,7,0.5921710007314659,Grocery,South,F,Hibernating,CUST_02847,26.526760546417407,1.1666666666666667,1.7142857142857142,1,1,1,3,0.2038727907398069,0.7961272092601931,20.73,Low,21.719287663385476,34.76323460761584,20.300507,23.400667491060386,0.9892876633854755
13,19,800.0,154,62,2,5,0.4411050608688684,0.2614158312517464,11,0.5904346014283482,Pharmacy,South,M,At-Risk,CUST_01964,42.10526315789474,1.0833333333333333,17.53846153846154,2,3,3,8,0.5572500739260993,0.4427499260739007,503.51,Medium,432.1912289670047,396.1929352523545,604.1547,469.6521785294942,71.3187710329953
15,7,59.298651979935,224,20,1,1,0.1852392724593919,0.4805092320007399,17,0.7416666620144139,Pharmacy,West,F,Hibernating,CUST_02682,8.471235997133572,1.25,5.6,1,2,1,4,0.2826911775202895,0.7173088224797104,22.06,Low,25.474383315598033,34.14345974936373,22.205551,25.931429266649136,3.414383315598034
40,13,317.7258986302215,94,45,2,5,0.2233965511098276,0.2889634143100014,9,0.540910992199908,Clothing,South,M,At-Risk,CUST_02098,24.440453740786268,3.333333333333333,3.9,3,2,2,7,0.4932974281901494,0.5067025718098506,47.95,Low,61.578137321285,80.77305647690018,54.710163,62.75492232818269,13.628137321284996
16,5,219.2108875623556,92,33,2,6,0.4075189949984591,0.1974952289306883,14,0.342661086971172,Clothing,North,M,At-Risk,CUST_02156,43.842177512471125,1.3333333333333333,3.75,3,1,2,6,0.4105752131169092,0.5894247868830907,99.66,Low,102.47579073279563,109.22762298872263,97.23437,102.17073322701005,2.8157907327956337
17,5,459.0691856770391,189,33,2,7,0.3607984549514226,0.2161968612153715,7,0.586184106669899,Grocery,South,F,At-Risk,CUST_01557,91.81383713540782,1.4166666666666667,3.5294117647058822,2,1,2,5,0.2569085574281772,0.7430914425718228,185.83,Low,153.2475622608409,93.39795636967573,172.30716,143.7927009092583,32.582437739159104
44,15,523.2940525789218,159,38,2,5,0.4264889379242593,0.2779857634377013,6,0.6205603476988675,Grocery,South,M,At-Risk,CUST_01671,34.88627017192812,3.6666666666666665,4.090909090909091,2,3,2,7,0.4638465077492034,0.5361534922507966,76.18,Low,92.2865598217949,72.2879508702402,82.28035,84.9169486832818,16.10655982179489
38,40,10980.282900792325,7,62,4,8,0.4913993822181939,0.0393739167964767,0,0.0278665432048061,Electronics,North,M,Champions,CUST_00178,274.50707251980805,3.1666666666666665,12.63157894736842,5,4,5,14,0.95,0.05,24823.52,Very High,19461.39360589387,26056.923955058686,24441.28,22090.678161157,5362.12639410613
18,24,800.0,30,48,3,7,0.6758276243952283,0.1149526128749369,5,0.3360665399138877,Tech,North,F,Growers,CUST_01079,33.333333333333336,1.5,16.0,4,3,3,10,0.6725522479359445,0.3274477520640555,660.88,Medium,603.4098356512195,596.5735908556672,598.44556,600.5462390208075,57.470164348780486
35,145,5228.272321643882,4,48,4,10,0.6285152491170536,0.0201728684694352,1,0.1052347898404413,Luxury,East,M,Champions,CUST_00599,36.05705049409573,2.9166666666666665,49.71428571428572,5,5,5,15,0.95,0.05,14779.19,Very High,13125.022934916597,13994.293494791329,14573.608,13718.621540199527,1654.167065083404
26,4,512.8893934194933,63,41,1,4,0.2837583302979965,0.2602105549545657,14,0.6391941839712985,Clothing,North,F,At-Risk,CUST_02191,128.22234835487333,2.1666666666666665,1.8461538461538465,3,1,2,6,0.4303656290334147,0.5696343709665852,176.23,Low,151.54583191150635,138.42110267123527,173.72507,155.05311976650887,24.684168088493635
1,4,96.98789004101786,338,44,2,4,0.427189737558287,0.2038421997891281,16,0.6199703818650915,Pharmacy,West,M,Hibernating,CUST_02532,24.246972510254466,0.0833333333333333,48.0,1,1,1,3,0.1226234487255532,0.8773765512744468,350.81,Medium,334.82573617661194,87.43379560999578,433.06323,276.74519895414716,15.984263823388062
14,2,88.24763162436211,220,63,2,6,0.1375315604668339,0.3000803537492576,16,0.7605249352571568,Grocery,South,M,Hibernating,CUST_02668,44.12381581218106,1.1666666666666667,1.7142857142857142,1,1,1,3,0.2265189345918894,0.7734810654081106,36.92,Low,33.719189607338,31.42991302111301,36.331314,34.0022484399879,3.2008103926619995
3,5,157.7163576059553,241,59,1,1,0.3080978266440777,0.4108186349185286,18,0.7644210102074225,Grocery,North,F,Hibernating,CUST_02787,31.54327152119106,0.25,20.0,1,1,1,3,0.2261239911547063,0.7738760088452936,227.64,Medium,202.2704459466939,55.02039137382724,233.97023,163.06285031603417,25.369554053306075
65,88,4094.8187435841273,21,46,4,8,0.7553028586072108,0.0380492916784126,2,0.0799985321789407,Electronics,North,F,Champions,CUST_00480,46.53203117709236,5.416666666666667,16.246153846153845,5,5,5,15,0.95,0.05,4555.8,Very High,5896.837598718263,3110.961581975333,4555.416,4802.306040487572,1341.0375987182624
23,7,291.43932564336035,107,69,2,5,0.3478991492250557,0.1939980177637173,5,0.582117049077814,Grocery,South,F,At-Risk,CUST_01968,41.63418937762291,1.9166666666666667,3.652173913043478,3,2,2,7,0.4929061636808494,0.5070938363191506,118.71,Low,99.64406027172483,128.85879954996537,96.291405,103.8360600812861,19.06593972827517
17,23,1214.1826072465594,36,36,3,8,0.5821425006474163,0.0595767886199627,2,0.2060845349490689,Clothing,East,M,Growers,CUST_01058,52.79054814115476,1.4166666666666667,16.235294117647058,4,3,4,11,0.6529966272304073,0.3470033727695927,885.21,High,1001.0351388753357,1131.584626663562,877.72284,986.2138227513005,115.82513887533571
13,4,662.4515948397213,62,39,2,4,0.408111725078953,0.1827056997967186,10,0.6095338910061809,Pharmacy,West,F,At-Risk,CUST_02269,165.6128987099303,1.0833333333333333,3.692307692307693,4,1,3,8,0.567310638305631,0.432689361694369,551.57,Medium,351.60331181584667,695.7831212561309,483.91,443.5914438082762,199.96668818415338
77,81,8189.084676604609,24,32,4,10,0.6113447704748987,0.0712593533034806,3,0.0481495568461346,Luxury,West,M,Champions,CUST_00534,101.09981082227912,6.416666666666667,12.623376623376624,4,5,5,14,0.8949210205638582,0.1050789794361417,3697.87,Very High,4333.661202943428,2951.7263976733175,3771.6602,3849.494642725758,635.7912029434283
6,39,1355.4004137591987,62,48,3,9,0.8869677029940974,0.0596576580705664,5,0.1382014523295708,Clothing,West,M,Growers,CUST_01104,34.753856763056376,0.5,78.0,4,4,4,12,0.7558296919832317,0.2441703080167683,4846.96,Very High,3624.0369680635326,6343.4587594172235,4627.2705,4361.754941877631,1222.9230319364674
21,15,1768.077002954791,71,50,3,6,0.6809253265226494,0.1099291582220141,5,0.147424091212532,Clothing,East,M,Growers,CUST_01107,117.87180019698606,1.75,8.571428571428571,3,3,4,10,0.6228734343044005,0.3771265656955995,1039.64,High,979.4177200855585,1016.008744972342,979.69293,986.7124134479151,60.22227991444163
23,6,200.0,192,49,1,5,0.4624419557419905,0.3584156412306537,8,0.9594912560599804,Grocery,East,M,Hibernating,CUST_02928,33.333333333333336,1.9166666666666667,3.130434782608696,2,2,2,6,0.3628610014633371,0.6371389985366629,65.5,Low,65.30045901305513,78.9893435515038,64.2388,67.5040860654588,0.19954098694486788
13,32,1472.2661435541593,41,52,3,9,0.4191537334198307,0.074095966228128,2,0.3414875512781433,Tech,South,F,Growers,CUST_01124,46.00831698606748,1.0833333333333333,29.53846153846154,4,4,4,12,0.7525456985857439,0.247454301414256,1634.67,High,1886.4830315058541,2225.764393950881,1690.7268,1886.8846271596408,251.81303150585404
22,42,1095.539872671395,81,37,2,8,0.4232480198456522,0.1281460145830638,3,0.2214020794992117,Tech,North,F,Growers,CUST_00943,26.084282682652265,1.8333333333333333,22.90909090909091,3,4,3,10,0.681226369389878,0.318773630610122,782.14,Medium,639.5038796745484,620.9719741179985,681.7871,648.0836391521873,142.63612032545154
24,83,8901.872926864859,10,33,4,10,0.6161956621641937,0.0158889363581568,2,0.1454728296950677,Home,North,M,Champions,CUST_00163,107.25148104656456,2.0,41.5,5,5,5,15,0.95,0.05,29713.47,Very High,24933.48575423236,25135.424475803382,29114.89,26162.74778404096,4779.984245767642
45,16,427.79699362779417,83,50,2,4,0.3776154652161498,0.1528815428111901,9,0.3063497687175391,Pharmacy,South,M,At-Risk,CUST_01552,26.737312101737132,3.75,4.266666666666667,3,3,2,8,0.5543878874007713,0.4456121125992287,81.75,Low,92.36799229056307,93.50342496050821,91.27424,92.26370474747823,10.617992290563066
7,23,800.0,57,32,3,8,0.567554930018472,0.1006783381582314,7,0.3095372913440892,Clothing,North,F,Growers,CUST_00966,34.78260869565217,0.5833333333333334,39.42857142857142,4,3,3,10,0.7403205881130879,0.2596794118869121,2030.25,High,1748.491809457878,1429.6915048551894,1955.621,1736.869679132198,281.75819054212207
47,112,5593.561749277733,14,35,4,9,0.4989328515087136,0.0143425734540147,4,0.0021294951707585,Electronics,North,M,Champions,CUST_00472,49.942515618551184,3.9166666666666665,28.595744680851062,5,5,5,15,0.95,0.05,10910.95,Very High,9520.8894976636,7261.023163176206,9297.98,8954.787402056592,1390.0605023364005
15,33,2247.294197983404,82,36,3,9,0.7416681406401069,0.0648110924889023,2,0.1887833038289476,Tech,West,F,Growers,CUST_00845,68.09982418131527,1.25,26.4,3,4,4,11,0.7626139972757946,0.2373860027242054,2334.52,High,2218.4551308619,2090.8949398150753,2789.7292,2348.3434310804155,116.06486913809977
16,14,1601.4466162864535,43,33,3,6,0.5466780399969938,0.1390593760121909,1,0.2697672747442421,Sports,West,F,Growers,CUST_00999,114.389044020461,1.3333333333333333,10.5,4,3,4,11,0.6572745261135031,0.3427254738864969,1669.75,High,1293.3992507294786,1507.5277138355495,1475.3478,1387.3577973075264,376.3507492705214
35,5,399.9172030595136,80,36,2,4,0.5655992704158861,0.2532272592028305,6,0.6369915180227596,Grocery,North,M,At-Risk,CUST_01905,79.98344061190271,2.9166666666666665,1.7142857142857144,3,1,2,6,0.3136219481181832,0.6863780518818168,91.79,Low,85.01203452197143,69.02871847853737,88.39923,82.50932863348645,6.777965478028577
35,191,7882.358618817586,10,41,4,10,0.3801827030598715,0.0584407879162658,4,0.024254182991098,Electronics,East,F,Champions,CUST_00031,41.26889329223867,2.9166666666666665,65.4857142857143,5,5,5,15,0.95,0.05,20714.86,Very High,18906.503705130075,29264.606133410292,21550.32,21459.053661443013,1808.3562948699255
18,5,200.0,331,21,1,1,0.3838019167941299,0.3233073201996178,14,0.8124988520185072,Pharmacy,East,F,Hibernating,CUST_02891,40.0,1.5,3.333333333333333,1,1,2,4,0.2927989460903208,0.7072010539096791,70.39,Low,63.36898134706162,68.7873061836875,68.34475,65.89562450548858,7.0210186529383805
53,191,6004.603119639392,10,42,3,9,0.4393215315575182,0.0774435963232029,2,0.0642527700853269,Home,North,M,Champions,CUST_00424,31.437712668269064,4.416666666666667,43.24528301886792,5,5,5,15,0.95,0.05,9999.34,Very High,9034.127352892181,10459.710395229084,9300.659,9384.286590052761,965.2126471078191
35,128,10876.093345847632,28,30,3,10,0.5623678188307161,0.0155496199241834,3,0.0668276721739741,Luxury,North,F,Champions,CUST_00512,84.96947926443463,2.9166666666666665,43.885714285714286,4,5,5,14,0.95,0.05,20687.64,Very High,20261.951752593715,20490.571228118097,28760.125,22557.39438404118,425.68824740628406
9,6,70.21372654277205,279,63,1,1,0.3871375485074937,0.4380332127946102,15,0.9695536508120712,Grocery,West,M,Hibernating,CUST_02759,11.702287757128676,0.75,8.0,1,2,1,4,0.3166029560474544,0.6833970439525456,48.76,Low,45.50292232666935,49.31998690083803,49.221447,47.34538496953672,3.257077673330649
20,3,200.0,327,64,1,6,0.4678427446882547,0.3286484029120657,3,0.7618409576516827,Pharmacy,West,F,Hibernating,CUST_02738,66.66666666666667,1.6666666666666667,1.7999999999999998,1,1,2,4,0.2117776105644045,0.7882223894355955,54.09,Low,59.087057256735356,62.72836410072171,57.97961,59.459929583380905,4.997057256735353
23,54,1004.720248783245,76,26,3,9,0.5317213796984046,0.0743932563810216,2,0.1330709270024013,Sports,South,F,Growers,CUST_01394,18.605930533023056,1.9166666666666667,28.173913043478255,3,4,3,10,0.592231866447104,0.407768133552896,412.7,Medium,539.4528883701419,546.9480729502193,424.99847,503.6023183599131,126.75288837014187
19,8,301.4600197382573,162,64,2,5,0.5369963456141296,0.260559886301185,13,0.5109510652392254,Grocery,West,M,At-Risk,CUST_01587,37.68250246728216,1.5833333333333333,5.052631578947369,2,2,2,6,0.4213973720294264,0.5786026279705736,109.95,Low,103.57251578529637,101.28430205636994,108.12994,104.45174292974959,6.377484214703628
46,12,291.9544932815321,113,23,2,5,0.4630108138788426,0.139850474654916,11,0.5162318442854688,Grocery,West,F,At-Risk,CUST_01930,24.32954110679434,3.8333333333333335,3.130434782608696,2,2,2,6,0.4084333880009645,0.5915666119990355,31.53,Low,47.970898525914365,45.42326852703467,36.078865,43.57117857446291,16.440898525914363
9,2,69.27790765521189,258,49,1,6,0.4235126184558777,0.3896680087314899,18,0.8460616550665775,Pharmacy,South,F,Hibernating,CUST_02498,34.638953827605945,0.75,2.6666666666666665,1,1,1,3,0.1796289400897731,0.8203710599102269,33.43,Low,37.918242753056155,32.05422315007226,34.057938,35.50546826696071,4.488242753056156
21,49,2491.5971751319225,61,42,3,6,0.8226686112532069,0.1169480746385931,7,0.3385384317797945,Sports,South,M,Growers,CUST_00788,50.84892194146781,1.75,28.0,4,4,4,12,0.7931610566470465,0.2068389433529535,2766.48,Very High,2077.607166882688,2446.500508764609,2356.1672,2229.2210493201205,688.872833117312
7,3,103.17195687707697,311,62,2,6,0.2773145934208918,0.3614626660939439,10,0.7333104555585873,Grocery,South,M,Hibernating,CUST_02637,34.390652292358986,0.5833333333333334,5.142857142857142,1,1,1,3,0.196594971282891,0.803405028717109,99.9,Low,76.91303396076063,41.17990941919684,92.45619,71.77942782062539,22.986966039239377
14,6,121.9016617088362,274,23,2,3,0.4353988871645901,0.2193620313446106,9,0.946464546482413,Pharmacy,South,M,Hibernating,CUST_02539,20.31694361813937,1.1666666666666667,5.142857142857142,1,2,1,4,0.2910035423533968,0.7089964576466032,44.77,Low,47.07398059315314,42.024408610436524,53.41856,47.80026514695317,2.3039805931531347
40,98,7711.693490891231,5,55,4,9,0.4807018895335931,0.0577534182478569,3,0.0499094214765568,Luxury,North,F,Champions,CUST_00403,78.69074990705337,3.333333333333333,29.4,5,5,5,15,0.95,0.05,16644.88,Very High,18300.70524361285,11390.478219248418,17151.463,16324.247600189836,1655.8252436128496
58,101,5699.806030039874,2,41,4,10,0.6988661316741069,0.0263618554425721,2,0.133113680305554,Electronics,South,M,Champions,CUST_00434,56.43372306970172,4.833333333333333,20.89655172413793,5,5,5,15,0.95,0.05,9733.4,Very High,8915.884151367545,4899.4153745388285,9389.611,8033.546085173919,817.5158486324544
6,30,1361.7020586526291,85,43,2,6,0.475621669073483,0.0880007364240751,5,0.2353051570082234,Tech,North,F,Growers,CUST_01152,45.3900686217543,0.5,60.0,3,4,4,11,0.7084656861926928,0.2915343138073072,3024.14,Very High,2599.8346914914296,3348.62438873631,2907.4253,2828.1309664914893,424.3053085085703
31,152,9543.19957474304,6,53,4,8,0.3586019528401167,0.0756937510749908,4,0.1207645968061702,Electronics,East,F,Champions,CUST_00074,62.78420772857263,2.583333333333333,58.83870967741935,5,5,5,15,0.95,0.05,28619.71,Very High,23084.49583437786,31517.42388604121,28209.617,26090.93571294376,5535.214165622139
45,13,354.45278642797444,113,31,2,5,0.4368099266110888,0.2035197649750876,10,0.6200268305003956,Grocery,West,M,At-Risk,CUST_01537,27.265598955998037,3.75,3.466666666666667,2,2,2,6,0.439171559332194,0.5608284406678059,58.69,Low,56.09412974772602,51.56445321512863,55.496017,54.98085541635004,2.5958702522739756
20,5,34.57660670840358,325,36,2,1,0.1866452005864735,0.2337959260303448,14,0.8563032542314382,Pharmacy,West,M,Hibernating,CUST_02710,6.915321341680716,1.6666666666666667,3.0,1,1,1,3,0.2088381849986103,0.7911618150013897,10.97,Low,11.521882063074367,26.185436781916078,10.336219,13.191965704217793,0.5518820630743662
27,32,1160.0142850842865,66,43,3,8,0.5716766932080259,0.1274550327473691,1,0.2286918435188607,Tech,East,M,Growers,CUST_00622,36.25044640888395,2.25,14.22222222222222,3,4,3,10,0.6860044713414759,0.3139955286585241,474.11,Medium,520.1297109322425,484.1418955950523,482.90915,501.4303221958281,46.01971093224245
28,21,1110.3334751015925,89,28,3,7,0.4086629858778485,0.1033741980777664,2,0.3062597276558404,Sports,West,F,Growers,CUST_01438,52.87302262388536,2.333333333333333,9.0,3,3,3,9,0.5037016027046408,0.4962983972953592,284.34,Medium,338.97230174747887,282.3390680530866,298.81082,314.6728968186146,54.63230174747889
23,4,200.0,119,48,2,6,0.2629501770293924,0.1563328204223083,12,0.6158257252603856,Clothing,South,F,At-Risk,CUST_01560,50.0,1.9166666666666667,2.0869565217391304,2,1,2,5,0.3121654112644375,0.6878345887355625,55.37,Low,65.28929920631424,60.681650735325434,55.351135,61.233429250008676,9.919299206314243
41,10,414.7979300373842,64,23,2,7,0.2667250027702973,0.291095961389083,10,0.6989833315358394,Grocery,North,M,At-Risk,CUST_01567,41.47979300373842,3.4166666666666665,2.926829268292683,3,2,2,7,0.4845211863210124,0.5154788136789876,83.63,Low,86.84231384976688,79.33345404840466,84.415726,84.56429155985681,3.212313849766886
41,61,15000.0,3,49,4,10,0.748682932895466,0.0307152420605631,4,0.0424148185590147,Electronics,East,M,Champions,CUST_00325,245.9016393442623,3.4166666666666665,17.853658536585368,5,5,5,15,0.95,0.05,30473.16,Very High,24323.793033182734,38266.04801293029,27709.496,27692.822554585375,6149.366966817266
46,73,15000.0,26,38,4,8,0.7876715667395353,0.0148575860132928,2,0.0651796444956743,Home,South,M,Champions,CUST_00333,205.4794520547945,3.8333333333333335,19.043478260869563,4,5,5,14,0.8408771026377333,0.1591228973622667,9383.44,Very High,6442.054793572234,18507.21781822991,8956.6875,8782.703570303567,2941.385206427766
34,22,1018.8138178129052,35,27,2,8,0.8370911166469768,0.1264662555229244,4,0.1345209141505022,Clothing,North,M,Growers,CUST_01393,46.30971899149569,2.833333333333333,7.764705882352941,4,3,3,10,0.7716641086360098,0.2283358913639902,479.36,Medium,524.0775407536129,496.03143063349273,479.0932,504.575718806276,44.717540753612866
12,46,2500.0,67,42,3,7,0.781530301881521,0.0847558327311601,5,0.1023895465370171,Clothing,South,F,Growers,CUST_00651,54.34782608695652,1.0,46.0,3,4,4,11,0.7428371587921936,0.2571628412078064,2770.7,Very High,2699.8524500500325,2962.9652464185697,2894.882,2808.6959883668014,70.84754994996729
38,19,365.8202864930765,191,32,2,4,0.4515531834270746,0.1253381217810384,12,0.5630688999502003,Clothing,South,M,At-Risk,CUST_02237,19.25369928910929,3.1666666666666665,6.0,2,3,2,7,0.5715352998820316,0.4284647001179684,87.55,Low,93.25217170471736,103.98955117222387,93.47908,95.37749655685886,5.702171704717358
41,7,274.1431661019494,96,32,2,7,0.4858595613828605,0.2942889490092872,4,0.5118127535776822,Grocery,West,F,At-Risk,CUST_01534,39.16330944313563,3.4166666666666665,2.048780487804878,3,2,2,7,0.5573489650390477,0.4426510349609522,59.85,Low,70.89381184313042,94.9476238823701,65.822495,73.51255241556156,11.04381184313042
41,8,306.39164477514873,147,31,1,5,0.5088084051326798,0.2893312061771689,6,0.3438844675440259,Pharmacy,East,F,At-Risk,CUST_02164,38.29895559689359,3.4166666666666665,2.341463414634146,2,2,2,6,0.4296158651063731,0.5703841348936269,52.73,Low,59.79693333788934,59.82965364649199,56.521366,58.80158320981593,7.0669333378893455
28,72,8282.8342201344,5,52,3,8,0.3928665360025928,0.0436894565853465,4,0.0736529644003365,Luxury,North,F,Champions,CUST_00544,115.03936416853334,2.333333333333333,30.85714285714285,5,5,5,15,0.942885874563678,0.0571141254363221,26314.65,Very High,21673.495495366333,17321.707158316483,24956.47,21619.1092116606,4641.154504633669
8,5,159.50923935816502,282,44,1,6,0.4896256496900596,0.4210187446200217,17,0.5869457603548008,Pharmacy,South,F,Hibernating,CUST_02959,31.901847871633,0.6666666666666666,7.5,1,1,2,4,0.2921693582035929,0.7078306417964071,132.8,Low,122.61042566375369,81.14559067438285,131.86166,115.40304130509055,10.189574336246324
27,4,379.0812150902922,174,26,1,7,0.5616782544271073,0.1638744652032458,7,0.3122542768824572,Clothing,North,M,At-Risk,CUST_01819,94.77030377257306,2.25,1.7777777777777777,2,1,2,5,0.2536182424556245,0.7463817575443755,85.58,Low,85.05358723985017,70.43006767993168,83.114624,81.34214783227206,0.5264127601498245
41,16,455.29253450788906,68,58,2,4,0.366800748243875,0.2075078408848664,6,0.4789009386078449,Grocery,North,F,At-Risk,CUST_01625,28.455783406743063,3.4166666666666665,4.682926829268293,3,3,2,8,0.5865796187962519,0.4134203812037481,116.63,Low,106.5510085199308,109.66330493748073,111.2782,108.57125362619605,10.078991480069192
25,28,1850.3210923156416,63,52,3,8,0.8986022539253395,0.0784135864205398,7,0.1808668336826241,Tech,South,F,Growers,CUST_01178,66.08289615413007,2.083333333333333,13.44,3,4,4,11,0.7353451140313461,0.2646548859686539,1100.5,High,1115.4423821176445,1117.7473798645663,1092.4882,1108.9638385476972,14.942382117644456
21,50,1402.4350486003443,65,50,3,7,0.4582001589151879,0.1002566976789397,3,0.20617087292424,Sports,South,M,Growers,CUST_00680,28.048700972006888,1.75,28.571428571428573,3,4,4,11,0.7378270393593702,0.2621729606406298,941.23,High,1054.1634314740538,1380.9442636180154,934.32916,1073.1065776719433,112.9334314740538
42,15,380.642616474037,157,59,1,6,0.3238406592531934,0.1200858668615107,4,0.6816271379920548,Clothing,West,F,At-Risk,CUST_02097,25.376174431602468,3.5,4.285714285714286,2,3,2,7,0.5286118363472279,0.4713881636527721,67.48,Low,77.98429127744176,81.41276013134942,76.80366,78.29928267597452,10.504291277441752
17,5,392.9529987194706,84,62,2,5,0.4290616421702713,0.177705754547404,8,0.3416825750151405,Clothing,East,F,At-Risk,CUST_02030,78.59059974389412,1.4166666666666667,3.5294117647058822,3,1,2,6,0.3799855759335455,0.6200144240664545,141.09,Low,133.1196662309858,122.72699853556595,142.958,133.80620755615425,7.970333769014189
23,9,520.4554447677083,191,46,2,4,0.4328383729130167,0.2694516623288374,11,0.3415071864658482,Pharmacy,North,F,At-Risk,CUST_01660,57.82838275196759,1.9166666666666667,4.695652173913043,2,2,2,6,0.3696534186322263,0.6303465813677738,149.81,Low,145.60859869991077,99.44843162561625,151.04828,136.42407799631903,4.2014013000892305
46,15,374.2058440976192,111,33,2,6,0.2739152460296561,0.2700300995421281,7,0.359239399920482,Clothing,North,F,At-Risk,CUST_01638,24.94705627317461,3.8333333333333335,3.9130434782608696,3,3,2,8,0.7267266284303068,0.2732733715696932,105.14,Low,107.49356230769692,138.91542467044033,108.03386,113.3256196224376,2.3535623076969188
74,92,15000.0,19,58,3,8,0.3071907230360425,0.0260995627774268,1,0.0427808704020621,Luxury,South,M,Champions,CUST_00240,163.04347826086956,6.166666666666667,14.918918918918918,5,5,5,15,0.95,0.05,17465.54,Very High,15319.596100442504,12766.448523933683,17227.285,15300.404813165393,2145.9438995574965
23,14,236.29283761203905,126,68,2,6,0.4522825328364033,0.112128415490335,5,0.4530989296830394,Grocery,North,M,At-Risk,CUST_02125,16.87805982943136,1.9166666666666667,7.304347826086956,2,3,2,7,0.4919114307680582,0.5080885692319418,82.48,Low,98.10977728933219,107.54411428760477,83.97605,95.37590724576098,15.629777289332182
11,3,47.69169137058058,285,42,1,3,0.1871572256756689,0.2780656796974571,16,0.6329681385125567,Pharmacy,South,F,Hibernating,CUST_02620,15.897230456860193,0.9166666666666666,3.272727272727273,1,1,1,3,0.1643221754530623,0.8356778245469376,20.53,Low,21.09935963097084,28.21363617980545,21.427265,22.47144722745945,0.5693596309708404
28,4,602.4170868230186,71,57,2,5,0.5067100798103954,0.1990693693122347,8,0.4070229446907234,Grocery,North,F,At-Risk,CUST_02291,150.60427170575466,2.333333333333333,1.7142857142857142,3,1,3,7,0.4122335174535479,0.5877664825464521,183.0,Low,179.48684676545105,247.98575212408156,174.26505,189.7947053777366,3.513153234548952
6,42,1578.571503119725,78,45,3,6,0.5566619017883958,0.1097884936362598,4,0.2854152221795221,Clothing,South,F,Growers,CUST_00765,37.58503578856488,0.5,84.0,3,4,4,11,0.7099011400289035,0.2900988599710965,2633.43,Very High,2685.7732240861214,5344.808460963906,2840.3687,3134.281385305002,52.34322408612161
25,42,965.8241802943352,38,31,2,7,0.7576107380291004,0.108295294936452,3,0.3410364489663895,Sports,South,F,Growers,CUST_01129,22.995813816531783,2.083333333333333,20.16,4,4,3,11,0.7991886895647853,0.2008113104352147,762.82,Medium,851.9527027164318,836.686554198479,861.35736,851.677826167473,89.13270271643171
47,14,368.4615045716297,168,48,2,6,0.403017639329316,0.1065870595659691,3,0.4829346720063233,Clothing,East,F,At-Risk,CUST_01886,26.318678897973548,3.9166666666666665,3.5744680851063837,2,3,2,7,0.5190863323393943,0.4809136676606057,48.11,Low,70.4533866701637,72.59693083015397,67.184616,69.87437992407312,22.343386670163696
32,50,1256.6419876486143,87,41,2,9,0.8166956570523021,0.0784319686978291,5,0.155874688588661,Sports,West,M,Growers,CUST_01117,25.13283975297229,2.6666666666666665,18.75,3,4,4,11,0.7881768751221176,0.2118231248778823,807.01,High,863.7998885053526,1014.2870302154056,782.9418,866.0831491012685,56.789888505352565
14,16,800.0,17,52,3,6,0.4093921630435909,0.091965384267101,5,0.106495573431445,Sports,East,F,Growers,CUST_01103,50.0,1.1666666666666667,13.714285714285714,5,3,3,11,0.7702473646854551,0.2297526353145449,1171.12,High,1039.8648155647206,1043.7683016896506,1117.3641,1063.3295842452685,131.25518443527926
5,3,199.0789505698743,279,54,1,6,0.3775953137036661,0.2434764657014409,19,0.9950041297202408,Pharmacy,North,F,Hibernating,CUST_02848,66.3596501899581,0.4166666666666667,7.199999999999999,1,1,2,4,0.202154187110106,0.797845812889894,171.15,Low,162.3140294374574,83.89959546250168,180.18666,146.8191786922424,8.835970562542599
19,3,38.30016833576694,273,41,2,6,0.2780750182958978,0.4553733150090755,16,0.4046525669038981,Grocery,West,M,Hibernating,CUST_02331,12.76672277858898,1.5833333333333333,1.8947368421052635,1,1,1,3,0.1676075773724722,0.8323924226275278,8.47,Low,10.867170647005368,22.535157427080954,8.572574,11.759264557346349,2.3971706470053675
31,24,1078.3134262093636,25,44,3,9,0.6864293758092698,0.1294729340736278,1,0.2762090493793341,Sports,South,F,Growers,CUST_01362,44.92972609205682,2.583333333333333,9.29032258064516,4,3,3,10,0.7147349180412813,0.2852650819587187,396.96,Medium,477.9695722525245,478.8562961500437,416.08038,458.66575301499813,81.00957225252449
7,3,18.867365352358107,271,48,1,1,0.1247520844984796,0.3687590892669146,8,0.5255244894513257,Pharmacy,North,M,Hibernating,CUST_02317,6.289121784119369,0.5833333333333334,5.142857142857142,1,1,1,3,0.171576524931279,0.8284234750687209,13.8,Low,20.700023729135776,30.42711737359666,14.2463875,20.020406968235957,6.900023729135775
25,52,1086.2520151972135,66,41,2,9,0.7479441788392844,0.0824991895263588,7,0.1112273741271829,Clothing,South,F,Growers,CUST_01408,20.88946183071565,2.083333333333333,24.96,3,4,3,10,0.6737278504282904,0.3262721495717096,531.45,Medium,595.9310067297271,581.0237011139706,544.574,577.1044555096347,64.48100672972703
10,7,33.290651414994045,225,55,1,6,0.1929675377377507,0.2801269331526704,7,0.948230286309203,Pharmacy,North,F,Hibernating,CUST_02530,4.755807344999149,0.8333333333333334,8.4,1,2,1,4,0.2270238312972187,0.7729761687027813,17.35,Low,21.323224772384552,35.26717434338487,17.34208,22.190803835288726,3.973224772384551
75,102,6858.010855504591,20,37,4,9,0.3504890534088805,0.0730184877841449,3,0.0342496878552916,Home,North,M,Champions,CUST_00344,67.23540054416266,6.25,16.32,5,5,5,15,0.95,0.05,7268.5,Very High,8124.999635292912,3789.147930868071,7415.311,6786.753012157555,856.499635292912
34,26,1635.843049066131,15,35,3,6,0.8110696045500515,0.0979023731609173,5,0.1184045653834204,Clothing,South,M,Growers,CUST_01106,62.91704034869735,2.833333333333333,9.176470588235292,5,3,4,12,0.8214884810952489,0.1785115189047511,978.19,High,1113.423827773957,1377.5831997366142,986.5192,1120.4386513039287,135.23382777395705
12,4,39.51054955835507,342,35,2,2,0.3980935412227956,0.2382411064355724,18,0.8084272723680282,Grocery,West,M,Hibernating,CUST_02593,9.877637389588768,1.0,4.0,1,1,1,3,0.2930238176596147,0.7069761823403853,23.18,Low,20.384311998377914,40.230217887600936,18.717745,22.798410713268773,2.7956880016220857
36,54,11834.262876181954,3,51,4,10,0.6755885684770213,0.0731682293277472,4,0.1015308413741364,Luxury,East,F,Champions,CUST_00558,219.15301622559176,3.0,18.0,5,4,5,14,0.9234751240594924,0.0765248759405077,18794.33,Very High,15145.963921552848,23222.932310948134,18028.846,17382.91479193958,3648.366078447154
8,30,2312.942293749516,87,44,2,9,0.5699479105809167,0.053387546440675,4,0.1561900594147048,Clothing,East,F,Growers,CUST_01476,77.0980764583172,0.6666666666666666,45.0,3,4,4,11,0.6775157938351339,0.322484206164866,3152.4,Very High,3144.1912394262226,2969.825596633727,3242.548,3137.3770566387648,8.208760573777454
3,5,106.24031328176324,338,50,1,1,0.3515396180469111,0.3805112853966709,11,0.7255525014638511,Grocery,West,F,Hibernating,CUST_02704,21.24806265635265,0.25,20.0,1,1,1,3,0.1320160456156955,0.8679839543843044,154.27,Low,155.39214478722647,49.76806601381213,156.34422,124.10677926761666,1.1221447872264605
45,159,7747.249856764121,24,49,4,9,0.6293306774698835,0.045819521298029,0,0.0539513341834601,Electronics,West,M,Champions,CUST_00595,48.72484186644102,3.75,42.4,4,5,5,14,0.8389356497167261,0.1610643502832739,3938.9,Very High,4682.99685299063,8740.217339412031,4341.595,5186.37402207316,744.0968529906299
45,10,254.13159801375164,127,33,1,6,0.4046906097298054,0.2722275563357698,14,0.5117615853426907,Clothing,West,F,At-Risk,CUST_01558,25.41315980137517,3.75,2.6666666666666665,2,2,2,6,0.3352185830264014,0.6647814169735986,44.06,Low,48.400949515938294,39.261431802430316,43.439793,44.938535314813514,4.340949515938291
69,133,9434.082243284998,15,49,4,10,0.3877458136906787,0.0711001595095965,0,0.1475567374813727,Luxury,North,M,Champions,CUST_00412,70.93294919763157,5.75,23.130434782608692,5,5,5,15,0.95,0.05,12777.96,Very High,12343.908614440537,7040.46432911432,12842.575,11164.607926045994,434.0513855594618
9,24,827.8391398456,80,40,3,7,0.4579235762986692,0.0598680917483877,5,0.1903106985102526,Tech,South,M,Growers,CUST_01056,34.493297493566665,0.75,32.0,3,3,3,9,0.6143905248463185,0.3856094751536815,983.03,High,997.3472429913483,731.6075077730436,972.02216,930.219294709983,14.31724299134828
13,2,87.12288710069913,207,48,2,5,0.3169800636405003,0.3053676213122465,16,0.6269315301396677,Pharmacy,West,F,Hibernating,CUST_02474,43.561443550349566,1.0833333333333333,1.8461538461538465,1,1,1,3,0.1708516890369053,0.8291483109630946,43.86,Low,34.949636830021625,27.631872240486416,32.92772,32.758539411401074,8.910363169978375
41,78,12436.698378043016,22,40,3,8,0.7508870142731143,0.0540874458104295,0,0.1258649548199417,Luxury,East,F,Champions,CUST_00109,159.44485100055147,3.4166666666666665,22.82926829268293,5,5,5,15,0.95,0.05,31680.55,Very High,23509.70860723464,22535.66428662035,30960.68,25318.680780312603,8170.84139276536
20,17,524.3178991529343,165,32,2,4,0.2491472529109606,0.1579155811860037,12,0.3458035143649032,Clothing,North,F,At-Risk,CUST_02026,30.84222936193731,1.6666666666666667,10.2,2,3,3,8,0.4571946079803039,0.542805392019696,195.95,Low,230.2523446479539,218.84680492432673,199.68468,218.39229995940968,34.3023446479539
13,3,70.74903749597468,258,68,1,5,0.2930304734884029,0.4039928210483209,15,0.9297682599431956,Pharmacy,West,M,Hibernating,CUST_02707,23.583012498658224,1.0833333333333333,2.7692307692307696,1,1,1,3,0.1695350302746811,0.8304649697253189,25.88,Low,29.744301011701427,27.104493840563215,24.723171,27.624297849026988,3.8643010117014285
30,90,11661.678727350689,21,51,4,9,0.3983267924764793,0.0281014113794348,4,0.139410522577373,Home,South,M,Champions,CUST_00319,129.57420808167433,2.5,36.0,5,5,5,15,0.95,0.05,30925.25,Very High,28022.002168027047,30042.09432154217,31130.275,29325.84602315656,2903.2478319729526
19,4,107.6644235511516,192,37,1,4,0.4657436519408212,0.2073839016810278,9,0.5069312595331626,Pharmacy,East,M,Hibernating,CUST_02719,26.916105887787904,1.5833333333333333,2.5263157894736845,2,1,1,4,0.2985028276471125,0.7014971723528876,29.41,Low,32.0556757977145,38.33283512870283,30.077612,32.59761056990382,2.6456757977144996
18,12,2500.0,73,34,3,7,0.5596283526239485,0.0752005671211382,1,0.2976648815114027,Sports,South,M,Growers,CUST_00841,208.33333333333331,1.5,8.0,3,2,4,9,0.4276266791363025,0.5723733208636974,1321.89,High,889.9965781314288,1123.245495185699,1245.1936,1031.2524678579757,431.8934218685713
16,3,38.2371887800465,241,35,1,5,0.111169038895456,0.2440897523025623,8,0.9414589895653712,Pharmacy,West,F,Hibernating,CUST_02958,12.745729593348834,1.3333333333333333,2.25,1,1,1,3,0.3155229637365186,0.6844770362634813,12.61,Low,13.467378402450915,32.34017546559354,12.500425,15.745292584340454,0.8573784024509159
28,36,1043.6965947125796,26,38,2,9,0.5864351653404303,0.0671290554667673,7,0.1613074895579197,Sports,West,F,Growers,CUST_01352,28.99157207534943,2.333333333333333,15.428571428571429,4,4,3,11,0.7429919430317051,0.2570080569682949,693.88,Medium,695.5572486691749,628.4286873184283,670.35004,674.0756676975807,1.677248669174901
12,1,72.61688694530316,260,18,1,3,0.3773147490229155,0.3766093860843175,9,0.4134348215922092,Pharmacy,North,F,Hibernating,CUST_02826,72.61688694530316,1.0,1.0,1,1,1,3,0.1704582345038066,0.8295417654961934,33.98,Low,33.486814537687025,36.22781706954969,34.58703,34.34984967404716,0.49318546231297233
17,3,80.89855098998265,261,56,2,6,0.216471225899566,0.2372715189909798,9,0.4287877967269931,Pharmacy,West,M,Hibernating,CUST_02367,26.966183663327552,1.4166666666666667,2.117647058823529,1,1,1,3,0.2655072193816941,0.7344927806183059,26.0,Low,26.88778355280904,32.115580812141474,25.531443,27.434249045097957,0.8877835528090401
39,11,446.48401517059926,130,65,2,6,0.4663382414344255,0.1903626156821841,5,0.6195907560156234,Clothing,North,M,At-Risk,CUST_01883,40.58945592459993,3.25,3.3846153846153846,2,2,2,6,0.4207574816304533,0.5792425183695467,108.9,Low,90.34557375802471,63.3103283627749,100.20218,86.81260811062052,18.554426241975293
35,35,800.0,78,52,3,6,0.4194479061234131,0.0675624781328838,7,0.1044462853156208,Tech,East,M,Growers,CUST_00681,22.857142857142858,2.9166666666666665,12.0,3,4,3,10,0.6765038500187894,0.3234961499812105,234.87,Medium,378.7172583649766,349.67926126201957,267.86572,335.9557202124314,143.8472583649766
33,18,1876.6154228485912,34,30,2,8,0.4926340110762938,0.1150584986646123,5,0.1712271557604412,Tech,South,M,Growers,CUST_00730,104.25641238047729,2.75,6.545454545454546,4,3,4,11,0.6384316536953082,0.3615683463046918,652.72,Medium,763.2271947534299,888.3173960995811,665.7589,755.1592896365588,110.50719475342987
17,37,2329.77365867193,19,33,3,8,0.7957441911723788,0.1320153658685647,7,0.301914900393695,Clothing,North,M,Growers,CUST_00790,62.9668556397819,1.4166666666666667,26.11764705882353,5,4,4,13,0.8516654945537487,0.1483345054462512,3605.9,Very High,3357.5404925859916,3561.502855214067,4903.487,3806.188751462548,248.35950741400848
32,11,284.8380334678897,89,50,2,6,0.4612734408321759,0.1419913440498023,13,0.4633780689792079,Grocery,West,M,At-Risk,CUST_01814,25.894366678899065,2.6666666666666665,4.125,3,2,2,7,0.4546751940461767,0.5453248059538233,79.18,Low,69.67493771601043,86.93045139909046,59.556896,69.48710568455631,9.505062283989574
15,16,2500.0,56,48,2,6,0.61107758246374,0.1229911313792363,2,0.2669018074317507,Sports,West,F,Growers,CUST_01346,156.25,1.25,12.8,4,3,4,11,0.7003515898924775,0.2996484101075225,2463.31,High,1907.3908230895483,2484.2008815916274,2184.3313,2094.3721581570035,555.9191769104516
32,9,362.30691067087366,104,65,2,5,0.3343399472360018,0.1518382042215376,8,0.4185526093978876,Pharmacy,South,M,At-Risk,CUST_01869,40.25632340787485,2.6666666666666665,3.375,3,2,2,7,0.5095530908640652,0.4904469091359348,74.83,Low,88.22898192484186,109.02950884478234,83.89833,90.66943327428861,13.398981924841863
34,12,262.654399043724,170,41,2,7,0.5022643619254399,0.127142815400201,5,0.3074753819918735,Clothing,East,M,At-Risk,CUST_02070,21.887866586977,2.833333333333333,4.235294117647059,2,2,2,6,0.3925672685684329,0.6074327314315671,64.33,Low,59.84172311001276,64.12785762914976,61.231945,61.09521447994644,4.48827688998724
27,133,7385.108458829074,9,37,4,8,0.4872741216897906,0.0481041421344024,1,0.0583812927935158,Luxury,East,F,Champions,CUST_00433,55.52713126939153,2.25,59.11111111111112,5,5,5,15,0.95,0.05,24711.4,Very High,21179.982453735738,25782.288562112186,24311.371,22959.90312878588,3531.4175462642634
79,115,6445.05176666503,14,40,4,9,0.3034389811098246,0.0511600324400739,2,0.1265719295487459,Home,North,F,Champions,CUST_00565,56.04392840578287,6.583333333333333,17.468354430379748,5,5,5,15,0.947463840240284,0.052536159759716,5583.85,Very High,6513.045941825612,3323.6786157619026,5878.1123,5520.649952966883,929.195941825612
39,15,220.21715835304408,168,63,2,7,0.2729387223510891,0.179394332482845,14,0.5459777446631617,Grocery,East,M,At-Risk,CUST_01749,14.68114389020294,3.25,4.615384615384615,2,3,2,7,0.5146568053111944,0.4853431946888056,46.37,Low,51.40090194228027,79.26599317994206,44.936096,53.85572009919824,5.030901942280273
34,18,557.0970293661226,67,34,2,7,0.4830073484245288,0.1715154201915625,14,0.3787972223355762,Grocery,East,F,At-Risk,CUST_01777,30.949834964784586,2.833333333333333,6.352941176470588,3,3,3,9,0.6640259318418498,0.3359740681581502,168.54,Low,189.09300354316875,263.1491524823895,172.53854,196.54757616268563,20.553003543168757
83,190,11758.281699657748,23,33,4,9,0.5662520332079909,0.0392366897071896,2,0.1411488483861655,Electronics,South,F,Champions,CUST_00071,61.88569315609341,6.916666666666667,27.46987951807229,5,5,5,15,0.95,0.05,11598.88,Very High,11657.190254578187,8238.453923642282,11489.924,10828.33379806998,58.310254578187596
25,19,554.22853128834,198,51,1,6,0.5467975935032625,0.141679496043234,11,0.4178668486765886,Grocery,North,M,At-Risk,CUST_01789,29.16992269938632,2.083333333333333,9.12,2,3,3,8,0.4908856646785263,0.5091143353214737,187.05,Low,191.57474103761652,218.78803197832403,187.23352,195.38557113078892,4.524741037616508
10,30,990.5252714515228,54,31,3,9,0.5825017477918593,0.1311858222909777,5,0.3176012924855249,Sports,East,M,Growers,CUST_01230,33.01750904838409,0.8333333333333334,36.0,4,4,3,11,0.8041500526026425,0.1958499473973575,2020.18,High,1999.1565449820766,1644.8906485244772,2010.3544,1925.8981711004553,21.023455017923425
28,8,800.0,181,61,2,4,0.4830125205203756,0.161396329898652,4,0.4738526566460835,Pharmacy,South,F,At-Risk,CUST_01513,100.0,2.333333333333333,3.4285714285714284,2,2,3,7,0.4559102429879696,0.5440897570120304,206.14,Medium,200.27950191401106,225.43394609597053,208.85992,207.67333659858247,5.860498085988922
41,174,8358.964847452402,21,59,3,10,0.4097769616149009,0.0752788414893518,0,0.0513198900167842,Electronics,East,F,Champions,CUST_00057,48.04002785892185,3.4166666666666665,50.926829268292686,5,5,5,15,0.95,0.05,13445.82,Very High,16255.556508794427,20302.296227563307,14099.366,16284.336076276071,2809.736508794427
15,17,725.7579905143156,82,55,1,5,0.5658036170874627,0.2723539420340787,11,0.6103317406858944,Pharmacy,South,F,At-Risk,CUST_01602,42.69164650084209,1.25,13.6,3,3,3,9,0.6725423667866067,0.3274576332133933,652.78,Medium,498.3128651268705,512.2545816473161,626.486,536.6927465320445,154.46713487312945
25,38,1399.5715565789642,39,46,3,8,0.7321769763296935,0.1114757388740648,7,0.1592829005958307,Clothing,North,F,Growers,CUST_00652,36.83083043628853,2.083333333333333,18.24,4,4,4,12,0.8210611119717619,0.1789388880282381,984.54,High,1245.1275914459798,1548.6718224571075,1158.3822,1272.788132051768,260.5875914459798
28,18,800.0,163,52,2,7,0.3637983399165912,0.2565802898912197,14,0.6881357650899405,Grocery,South,F,At-Risk,CUST_02177,44.44444444444444,2.333333333333333,7.7142857142857135,2,3,3,8,0.5014340347849434,0.4985659652150566,241.82,Medium,240.26264409428333,214.03550478332355,236.31468,233.60891048479752,1.557355905716662
18,30,1741.2913818990353,42,52,3,9,0.8678984204477265,0.1190538558115565,6,0.2561396589793486,Clothing,West,M,Growers,CUST_00898,58.043046063301176,1.5,20.0,4,4,4,12,0.860661941833216,0.139338058166784,2226.25,High,2297.4248524879076,2311.2062369002388,2311.334,2304.343683246196,71.17485248790763
9,58,800.0,59,49,3,9,0.644353084195801,0.0827949568321486,7,0.1549811370098435,Tech,North,M,Growers,CUST_00786,13.79310344827586,0.75,77.33333333333333,4,5,3,12,0.8408968963061773,0.1591031036938227,2364.33,High,2675.8619987549755,4269.181067862676,2392.4734,2840.9134721110454,311.5319987549756
83,143,6563.737582333987,7,48,3,10,0.5116675720765987,0.0131497774864797,1,0.1127134976296953,Electronics,North,M,Champions,CUST_00310,45.90026281352439,6.916666666666667,20.67469879518072,5,5,5,15,0.95,0.05,6636.72,Very High,6839.094006597838,3399.975654289055,6758.342,5925.838862718733,202.37400659783816
14,7,48.701747870111966,278,45,1,5,0.1344072750254722,0.2873261794982691,7,0.9811352149164048,Grocery,West,M,Hibernating,CUST_02405,6.957392552873138,1.1666666666666667,6.0,1,2,1,4,0.3215154782253309,0.6784845217746691,22.88,Low,22.354546191465158,42.50966897990445,22.588976,25.528678931728987,0.5254538085348415
45,7,598.0249230564568,168,68,1,6,0.4163681228109467,0.2248392201578962,3,0.4392629760576345,Clothing,East,M,At-Risk,CUST_01742,85.43213186520812,3.75,1.8666666666666667,2,2,3,7,0.3532272467803103,0.6467727532196896,98.21,Low,96.80225039893126,105.42278115677966,93.48237,97.44339696085669,1.4077496010687298
20,48,1595.8603281359422,27,31,3,6,0.8819214257969298,0.1358775285228464,1,0.1327536386084036,Sports,East,M,Growers,CUST_00908,33.2470901694988,1.6666666666666667,28.8,4,4,4,12,0.8230319061476911,0.1769680938523089,2215.97,High,1739.8629092749093,2165.431732991888,1644.0071,1787.0583094531569,476.10709072509053
29,17,1922.9280007681216,27,50,3,8,0.748273532142852,0.0834196711536849,7,0.2172536076381969,Clothing,West,M,Growers,CUST_00603,113.1134118098895,2.4166666666666665,7.03448275862069,4,3,4,11,0.7141652589690243,0.2858347410309757,765.27,Medium,904.3224771443191,1207.3665617609115,818.61847,929.9469014007419,139.05247714431914
6,36,1896.054942449903,21,41,3,8,0.7900959647340158,0.1232922259630569,1,0.1878820103992201,Sports,North,F,Growers,CUST_01179,52.66819284583064,0.5,72.0,5,4,4,13,0.8910630940155033,0.1089369059844966,12077.64,Very High,7533.739880808008,10668.579369674659,11971.076,9280.421458880584,4543.9001191919915
26,8,383.0791391444511,149,38,1,6,0.3846445670663109,0.1047978814959041,3,0.4824932594270033,Pharmacy,South,F,At-Risk,CUST_02298,47.88489239305638,2.1666666666666665,3.692307692307693,2,2,2,6,0.4431408777615166,0.5568591222384833,150.25,Low,113.14722168931603,94.07606859946021,132.98802,114.46935386588603,37.10277831068397
14,7,800.0,147,42,2,7,0.2201131481417914,0.1205592045962738,8,0.3539733371841257,Pharmacy,South,M,At-Risk,CUST_01746,114.28571428571428,1.1666666666666667,6.0,2,2,3,7,0.3714122873821168,0.6285877126178832,388.69,Medium,324.8911732542724,269.17577057500444,391.3812,330.87769208371475,63.79882674572758
19,19,1001.7027032914548,18,46,3,6,0.7522027720812876,0.138770923175231,5,0.3237581879012923,Clothing,South,F,Growers,CUST_01162,52.72119491007656,1.5833333333333333,12.0,5,3,3,11,0.8135160622921684,0.1864839377078315,1048.18,High,992.2839907765759,1045.8744301382083,1094.6599,1032.756972910489,55.89600922342413
33,18,678.3760928394997,123,68,2,6,0.3547758164135018,0.2097493330926834,5,0.6423657901728177,Pharmacy,North,M,At-Risk,CUST_01510,37.68756071330554,2.75,6.545454545454546,2,3,3,8,0.493416310877234,0.506583689122766,168.41,Low,175.27732109087856,166.87332727972247,179.37334,174.77063122185797,6.867321090878562
17,7,218.29973062762252,87,35,1,7,0.4863384977407667,0.2886376581500552,12,0.5383659180199625,Clothing,South,F,At-Risk,CUST_02096,31.18567580394608,1.4166666666666667,4.941176470588235,3,2,2,7,0.4692651588496166,0.5307348411503834,95.94,Low,96.25811462592952,126.94663381160136,90.03485,99.72355378788865,0.31811462592952466
35,4,779.2761566499072,88,56,2,7,0.4697586846141222,0.2377453897763438,7,0.6794236001863041,Grocery,North,F,At-Risk,CUST_01578,194.8190391624768,2.9166666666666665,1.3714285714285714,3,1,3,7,0.4251442342559386,0.5748557657440614,136.36,Low,151.30207747789538,293.27819989407453,146.89928,171.22428452813193,14.942077477895367
76,66,5358.76870916474,9,40,4,9,0.4569390382575136,0.0389898747750966,1,0.093035227344168,Luxury,West,M,Champions,CUST_00573,81.19346529037486,6.333333333333333,10.421052631578949,5,5,5,15,0.95,0.05,6747.58,Very High,7084.191437358697,2705.650506676002,6771.3174,5765.117158179583,336.611437358697
63,198,9859.239018577491,1,34,4,8,0.4233293079027032,0.0366666291516432,4,0.1073977040312586,Electronics,West,F,Champions,CUST_00555,49.79413645746207,5.25,37.71428571428572,5,5,5,15,0.9263496770645226,0.0736503229354773,9741.92,Very High,9236.19126736941,11381.325603782938,9364.811,9670.186990870901,505.72873263059046
16,27,847.2205220566183,83,52,3,6,0.6969359028915285,0.0848699809139185,3,0.1258743758983919,Sports,West,M,Growers,CUST_00946,31.378537853948824,1.3333333333333333,20.25,3,3,3,9,0.5099466947641007,0.4900533052358993,371.49,Medium,539.4625995194989,401.2130501031985,397.95312,464.1046224273066,167.97259951949889
15,3,200.0,364,25,1,1,0.3501767987224046,0.4453581212024152,13,0.6292698965123493,Pharmacy,West,F,Hibernating,CUST_02997,66.66666666666667,1.25,2.4,1,1,2,4,0.2394528734041601,0.7605471265958399,72.61,Low,68.61168662038627,78.67217493557172,72.70121,71.75197953624772,3.998313379613734
14,59,800.0,82,52,3,6,0.8825703503688431,0.1085484509170978,6,0.1781263642463006,Sports,South,M,Growers,CUST_00875,13.559322033898304,1.1666666666666667,50.57142857142857,3,5,3,11,0.7389699946386585,0.2610300053613414,844.54,High,1222.0554908003992,1498.6036174894148,832.6295,1134.5607773728862,377.5154908003992
8,3,23.95772147006697,244,73,2,5,0.2365250440126656,0.3166659311527413,14,0.4609950184029979,Pharmacy,East,M,Hibernating,CUST_02995,7.985907156688992,0.6666666666666666,4.5,1,1,1,3,0.2139692246700303,0.7860307753299697,12.58,Low,19.42101022822254,31.21588237481007,13.10939,19.021891303093923,6.8410102282225385
46,5,343.3896833243446,97,33,1,5,0.4738553327452426,0.1044732445931531,3,0.4672430891145686,Pharmacy,West,M,At-Risk,CUST_01570,68.67793666486892,3.8333333333333335,1.3043478260869563,3,1,2,6,0.4027475946814075,0.5972524053185925,42.46,Low,61.96538159166322,63.23464278450331,49.835945,58.28653363748582,19.505381591663216
13,3,110.33544714847956,297,24,2,2,0.1494547069352055,0.3978492471376603,10,0.5200492842388507,Pharmacy,East,F,Hibernating,CUST_02669,36.77848238282652,1.0833333333333333,2.7692307692307696,1,1,1,3,0.181573411151455,0.8184265888485449,36.02,Low,39.44063104861143,32.94825621405902,37.171352,37.37900691365622,3.420631048611426
23,6,196.1221194098811,317,44,2,2,0.1696933763537672,0.4582131569890965,17,0.7866183240099406,Pharmacy,South,F,Hibernating,CUST_02628,32.68701990164685,1.9166666666666667,3.130434782608696,1,2,2,5,0.397833422860767,0.602166577139233,58.96,Low,61.99000336947084,80.71655416676262,58.42848,64.20730461461243,3.0300033694708404
47,4,533.6178160205933,171,41,2,5,0.5919563884261373,0.2738913881316098,9,0.424585733072565,Pharmacy,North,F,At-Risk,CUST_01554,133.40445400514832,3.9166666666666665,1.021276595744681,2,1,3,6,0.3089837009230223,0.6910162990769777,64.43,Low,89.8998916811134,105.98256678986529,65.48007,84.4971752706836,25.469891681113396
38,46,5566.742606079384,18,52,3,9,0.5167361163778172,0.040191119443871,2,0.1346095977482379,Luxury,East,M,Champions,CUST_00121,121.0161436104214,3.1666666666666665,14.526315789473683,5,4,5,14,0.9377816741341032,0.0622183258658967,8563.73,Very High,8817.23270648193,7019.436860769744,8299.308,8272.549339029281,253.50270648192964
9,7,143.1265458161455,348,32,2,4,0.1878807121058448,0.304769687272741,17,0.4473472187452797,Pharmacy,South,F,Hibernating,CUST_02660,20.446649402306495,0.75,9.333333333333334,1,2,1,4,0.3142408107669904,0.6857591892330095,91.84,Low,76.60428595749083,60.70053317865308,100.98794,79.45727193474873,15.235714042509173
34,53,800.0,37,49,3,8,0.5649846569723469,0.0603603869569552,1,0.2696066667521842,Sports,South,M,Growers,CUST_00810,15.09433962264151,2.833333333333333,18.70588235294117,4,4,3,11,0.788423028844126,0.211576971155874,522.5,Medium,659.6041098335525,648.524795650362,510.76276,608.8322773244514,137.10410983355246
38,19,521.8156568462596,151,36,1,7,0.3498535478411466,0.1866109103522985,4,0.5624284467908824,Pharmacy,South,M,At-Risk,CUST_02187,27.46398193927682,3.1666666666666665,6.0,2,3,2,7,0.4990455624882029,0.5009544375117971,121.46,Low,114.87763838343022,88.69106676768732,112.90279,108.52417094827838,6.58236161656977
40,7,800.0,152,28,2,6,0.5061617757016885,0.2925105561322649,14,0.5785742146195827,Clothing,North,M,At-Risk,CUST_01619,114.28571428571428,3.333333333333333,2.1,2,2,3,7,0.4729271382830242,0.5270728617169758,185.21,Low,147.04396464636756,178.1637936696867,157.69092,156.04027968801165,38.16603535363245
49,194,8817.73123494291,21,54,4,9,0.741457408259361,0.0750201684891895,2,0.1407271758787083,Home,North,M,Champions,CUST_00314,45.45222286053047,4.083333333333333,47.51020408163266,5,5,5,15,0.95,0.05,14607.19,Very High,13002.000388679837,17765.66825878147,13333.778,13944.650816937865,1605.1896113201637
15,15,522.8711713372617,155,69,2,6,0.3933238044839332,0.1950436684744858,12,0.5599776135526486,Pharmacy,West,F,At-Risk,CUST_01563,34.85807808915078,1.25,12.0,2,3,2,7,0.5975993215844301,0.4024006784155699,462.69,Medium,306.9877189146241,209.77592719721588,429.15622,314.5867801188315,155.7022810853759
29,45,10054.635986289091,6,49,3,10,0.480213413570743,0.0235404740069537,0,0.1149893917068077,Luxury,South,M,Champions,CUST_00234,223.43635525086876,2.4166666666666665,18.620689655172416,5,4,5,14,0.9110821046486444,0.0889178953513557,17254.56,Very High,13213.764417071536,22610.27689418839,16995.613,15866.317452081861,4040.7955829284656
31,101,7019.977014107558,22,63,4,9,0.493661258987657,0.0503887128692377,2,0.0391273868943133,Home,South,F,Champions,CUST_00508,69.50472291195602,2.583333333333333,39.096774193548384,5,5,5,15,0.95,0.05,17676.78,Very High,18884.354692675606,15435.55672836691,20074.59,18473.51970490096,1207.5746926756074
29,28,1521.8542980042605,33,27,3,8,0.752485166903603,0.061727176955391,1,0.1482336090731988,Tech,North,M,Growers,CUST_01337,54.35193921443788,2.4166666666666665,11.586206896551724,4,4,4,12,0.7779741527820094,0.2220258472179905,1006.64,High,1025.1152122561798,1225.5513516092321,943.0226,1036.1222922445936,18.475212256179816
33,26,1537.590267160099,54,44,3,9,0.8521884168304963,0.1290820656814577,7,0.2455926407895871,Tech,South,M,Growers,CUST_01386,59.13808719846535,2.75,9.454545454545457,4,3,4,11,0.6406110904100704,0.3593889095899296,451.55,Medium,677.4795947469222,756.8389137321882,510.25665,636.1995905821381,225.9295947469222
47,181,13521.463632263483,8,44,3,9,0.7386752265664194,0.0471905812845652,2,0.1092174656004249,Luxury,North,M,Champions,CUST_00112,74.70421896278168,3.9166666666666665,46.21276595744681,5,5,5,15,0.95,0.05,23081.23,Very High,22064.46226044213,29965.771915507372,24164.445,24105.99249382061,1016.7677395578685
32,17,200.0,132,62,2,6,0.2782724341800061,0.2902827828714541,9,0.3773422743373563,Pharmacy,West,M,At-Risk,CUST_01579,11.764705882352942,2.6666666666666665,6.375,2,3,2,7,0.4707041841961376,0.5292958158038624,52.9,Low,60.673159108619416,81.43965541620722,52.402424,61.595575312587584,7.773159108619417
45,43,15000.0,20,64,3,8,0.775722412831546,0.0627430477461717,2,0.1064507015256786,Luxury,West,M,Champions,CUST_00411,348.8372093023256,3.75,11.466666666666669,5,4,5,14,0.7472341026840245,0.2527658973159755,6070.94,Very High,4913.324849751887,30948.220885283576,5644.385,7401.356652144194,1157.6151502481125
81,104,5463.326609085634,2,30,3,10,0.4245043680545449,0.0470958410851163,3,0.0176958725442092,Luxury,West,F,Champions,CUST_00219,52.53198662582341,6.75,15.407407407407408,5,5,5,15,0.95,0.05,5327.6,Very High,6786.766992438096,2587.024721180413,6091.1885,5417.626712692306,1459.1669924380958
47,6,800.0,195,47,1,6,0.2741216334095738,0.1692061019189063,14,0.5649000285522601,Clothing,East,M,At-Risk,CUST_02115,133.33333333333334,3.9166666666666665,1.5319148936170213,2,2,3,7,0.3714699430755842,0.6285300569244158,171.4,Low,129.3428404341524,142.58025257517247,158.41112,140.1621066082706,42.0571595658476
32,14,1927.40981425844,58,51,2,7,0.696806608284692,0.1100455687275145,4,0.1243947923940673,Tech,South,M,Growers,CUST_01308,137.67212958988856,2.6666666666666665,5.25,4,3,4,11,0.6711704537257095,0.3288295462742905,749.69,Medium,833.3296713293578,1190.2047999991946,787.7213,879.9336528343313,83.63967132935772
31,45,1195.4599431437412,19,44,3,7,0.8922336865463081,0.1075749639203847,7,0.3413471759158574,Tech,South,M,Growers,CUST_01081,26.56577651430536,2.583333333333333,17.419354838709676,5,4,3,12,0.95,0.05,2518.34,Very High,2487.905585688157,1285.0048828655943,2767.2537,2250.7207214393275,30.434414311843284
7,17,1558.154722320956,76,42,3,6,0.5567066824268351,0.0715985275729503,3,0.1729309717950902,Tech,South,M,Growers,CUST_00760,91.65616013652682,0.5833333333333334,29.142857142857142,3,3,4,10,0.5395874274601242,0.4604125725398758,2435.86,High,1845.4058511997557,1443.0317027992428,2372.5374,1894.3867277417114,590.4541488002444
26,49,2500.0,87,45,3,7,0.791549338125075,0.0924363788681346,1,0.1365939846670392,Tech,South,F,Growers,CUST_00912,51.02040816326531,2.1666666666666665,22.615384615384617,3,4,4,11,0.7568302943266583,0.2431697056733417,1819.1,High,1597.2821896517057,1509.6608919434918,1772.9546,1629.5831093394195,221.8178103482942
9,12,2500.0,53,25,3,6,0.5849640476528293,0.1154632025917095,7,0.1797129522341455,Clothing,South,F,Growers,CUST_00808,208.33333333333331,0.75,16.0,4,2,4,10,0.5706278778287989,0.4293721221712011,2813.24,Very High,2392.8324897926946,2689.804144953794,2741.9927,2551.646682398929,420.4075102073052
52,109,12288.48205388061,4,54,4,9,0.3875615700651766,0.0276618348948781,0,0.0763438560633071,Luxury,South,M,Champions,CUST_00440,112.7383674667946,4.333333333333333,25.15384615384616,5,5,5,15,0.9338102277701572,0.0661897722298429,13985.13,Very High,14000.18083772487,14881.370323182677,14287.853,14258.884393398099,15.050837724871599
62,125,11543.158550081647,15,35,4,10,0.4862544657767329,0.0666772525386122,0,0.0481100373467356,Electronics,East,F,Champions,CUST_00545,92.3452684006532,5.166666666666667,24.19354838709677,5,5,5,15,0.95,0.05,16589.62,Very High,16227.397336938211,11040.568711350925,16829.299,15189.483736902062,362.2226630617879
32,176,5785.832795359973,21,50,3,10,0.5190893066241722,0.0409423394651786,2,0.0904868134026044,Luxury,South,M,Champions,CUST_00486,32.87404997363621,2.6666666666666665,66.0,5,5,5,15,0.95,0.05,19362.64,Very High,14609.436093394273,23955.88826461999,18158.041,17215.52695354934,4753.203906605726
22,1,126.80233498966288,186,43,1,5,0.1339734887086053,0.4247115965940917,8,0.946993203498276,Grocery,West,F,Hibernating,CUST_02476,126.80233498966288,1.8333333333333333,0.5454545454545455,2,1,1,4,0.3460000492257521,0.6539999507742479,38.15,Low,41.50085822620389,67.32168615794025,40.504948,45.40241151979849,3.35085822620389
58,106,12196.962691551653,23,51,4,8,0.6336061685970905,0.0166475692659863,0,0.0836533036778179,Electronics,West,M,Champions,CUST_00388,115.0656857693552,4.833333333333333,21.931034482758623,5,5,5,15,0.95,0.05,14168.99,Very High,15060.169049983266,13087.790406504131,14232.173,14396.920922760864,891.1790499832659
12,2,141.03836919331798,182,29,1,2,0.2249384574874367,0.4761568932818256,16,0.6483944480332006,Pharmacy,North,M,Hibernating,CUST_02917,70.51918459665899,1.0,2.0,2,1,1,4,0.329955081653884,0.670044918346116,43.89,Low,53.41675470904856,59.15704010518155,62.452007,57.1376214597915,9.52675470904856
27,56,2500.0,63,29,3,8,0.6792363958080675,0.0592421100453178,2,0.1072003426423333,Sports,South,F,Growers,CUST_01193,44.642857142857146,2.25,24.88888888888889,3,4,4,11,0.6383920987625978,0.3616079012374021,1139.3,High,1264.4262883026379,1122.468776129184,1086.5425,1179.768022634661,125.12628830263793
28,32,976.175358836046,36,32,2,8,0.6659454788295499,0.1329413497248319,4,0.142608300469999,Clothing,East,M,Growers,CUST_01231,30.50547996362644,2.333333333333333,13.714285714285714,4,4,3,11,0.805580542862233,0.1944194571377669,649.61,Medium,721.6571257924093,707.8034886704288,670.0553,703.042450823336,72.04712579240925
15,35,1042.9455871136415,51,41,3,8,0.63090326700981,0.1059615005765076,7,0.1351858408477883,Clothing,South,M,Growers,CUST_01211,29.79844534610404,1.25,28.0,4,4,3,11,0.7535618499774578,0.2464381500225422,1167.39,High,1233.110177811602,1132.4513375009078,1206.341,1204.3317202988487,65.72017781160184
14,59,2043.792494606117,30,53,3,7,0.5204017560773095,0.0694466344657694,4,0.3396858242271093,Tech,North,M,Growers,CUST_01274,34.640550756035886,1.1666666666666667,50.57142857142857,4,5,4,13,0.8305529740468472,0.1694470259531527,3204.92,Very High,3475.6410619566395,4495.629263959656,3143.5042,3550.591559508054,270.72106195663946
36,18,800.0,126,28,2,4,0.5638250640510287,0.1951105684004761,14,0.5760116453687292,Clothing,South,M,At-Risk,CUST_01940,44.44444444444444,3.0,6.0,2,3,3,8,0.5205476665354016,0.4794523334645983,170.57,Low,173.5861191473252,170.67765403339513,170.44357,172.05493759813174,3.016119147325213
7,7,82.25335329759245,280,49,1,2,0.1816796250371104,0.2546242799750765,16,0.8311217973974655,Grocery,West,M,Hibernating,CUST_02304,11.750479042513208,0.5833333333333334,12.0,1,2,1,4,0.3579074777829772,0.6420925222170228,68.53,Low,62.90942350116509,61.39236246996632,67.745186,64.01019538049627,5.6205764988349145
34,24,1062.6276619561045,26,30,3,7,0.8209860593536479,0.0967915631945544,5,0.2545107030204389,Clothing,South,M,Growers,CUST_00931,44.27615258150436,2.833333333333333,8.470588235294118,4,3,3,10,0.6808315587885968,0.3191684412114032,371.68,Medium,438.1535100596787,404.41231627423747,404.08636,420.8440228428925,66.47351005967869
58,171,14582.61686841324,18,57,3,9,0.6308421441999282,0.0376608708230613,4,0.0248249661995483,Electronics,West,F,Champions,CUST_00136,85.27846121879088,4.833333333333333,35.37931034482759,5,5,5,15,0.95,0.05,23727.61,Very High,18605.95906775367,21969.072821964342,22143.479,20265.72969231948,5121.650932246332
35,7,281.6722306106699,169,52,2,5,0.3939384747969958,0.2490860533931951,7,0.6775591561018783,Grocery,West,F,At-Risk,CUST_01781,40.23889008723855,2.9166666666666665,2.4,2,2,2,6,0.343092467745848,0.656907532254152,56.08,Low,65.07858894483714,58.5311036333297,59.353806,61.978249827952226,8.998588944837138
28,13,665.7671234083683,163,20,1,4,0.4420869136116165,0.1483119014432802,3,0.475958080810233,Pharmacy,East,M,At-Risk,CUST_02168,51.21285564679757,2.333333333333333,5.571428571428571,2,2,3,7,0.4003608573043949,0.5996391426956051,138.94,Low,175.78229136375668,152.3596898719964,151.46362,163.36582219035157,36.84229136375669
20,52,2085.2766582429526,28,51,3,6,0.818663716912259,0.0746516324409715,3,0.1883870556408637,Tech,East,F,Growers,CUST_01498,40.10147419697986,1.6666666666666667,31.2,4,4,4,12,0.8380038056194208,0.1619961943805792,2301.76,High,2576.5694253678444,2571.9075309719055,2748.4365,2626.018901958878,274.80942536784414
35,8,800.0,172,53,1,7,0.4443274344377596,0.1208728199088789,9,0.5953063693649068,Grocery,South,M,At-Risk,CUST_02257,100.0,2.9166666666666665,2.742857142857143,2,2,3,7,0.4395763868363886,0.5604236131636113,181.32,Low,165.77199543766088,178.63784846054406,180.88504,172.73217202135424,15.548004562339116
56,42,15000.0,8,30,4,10,0.3413684178090949,0.0172403880402338,4,0.0631104843852925,Electronics,East,M,Champions,CUST_00367,357.1428571428572,4.666666666666667,9.0,5,4,5,14,0.9272588087815468,0.0727411912184533,18110.75,Very High,11996.040444773987,35834.56884205303,17316.732,16669.447728376635,6114.7095552260125
46,10,240.8645530529073,85,65,2,6,0.5673366642534682,0.1222114265400034,11,0.4374487984508551,Grocery,North,M,At-Risk,CUST_02025,24.08645530529073,3.8333333333333335,2.608695652173913,3,2,2,7,0.4690784416402732,0.5309215583597268,48.39,Low,52.56129302882514,62.90359230095281,47.18795,52.754163999552055,4.17129302882514
1,4,161.06115363526982,254,62,1,6,0.4587129474652203,0.4838410753169727,17,0.5170911811449515,Pharmacy,East,M,Hibernating,CUST_02898,40.265288408817455,0.0833333333333333,48.0,1,1,2,4,0.1674935478286424,0.8325064521713575,699.07,Medium,443.98964258196014,152.51818479501884,715.589,413.94257814666275,255.0803574180399
56,123,4417.4425192512335,6,53,4,9,0.6052733775077123,0.0136935680501721,2,0.1389089339727398,Electronics,South,F,Champions,CUST_00030,35.91416682318076,4.666666666666667,26.35714285714285,5,5,5,15,0.95,0.05,7686.17,Very High,7628.598154067925,4920.615780775008,7605.388,6981.740792040223,57.57184593207512
19,3,85.19454782354549,258,56,1,1,0.1592931008944567,0.211730730602673,15,0.4354075994038299,Pharmacy,East,M,Hibernating,CUST_02502,28.398182607848497,1.5833333333333333,1.8947368421052635,1,1,1,3,0.2405999466108365,0.7594000533891634,19.0,Low,25.051077058520328,28.316497624508102,20.488604,24.17663779688505,6.0510770585203275
6,3,38.2563547924016,222,42,1,6,0.403584915847455,0.2505695391840334,11,0.8138534569233674,Pharmacy,South,M,Hibernating,CUST_02969,12.752118264133864,0.5,6.0,1,1,1,3,0.1914002507284053,0.8085997492715946,32.13,Low,44.947316911924645,31.457162845085357,42.870834,41.27123937947219,12.817316911924642
25,30,2500.0,50,51,3,9,0.438515999992057,0.0630863525943378,4,0.194771680762213,Tech,South,M,Growers,CUST_01048,83.33333333333333,2.083333333333333,14.4,4,4,4,12,0.7786914046217157,0.2213085953782843,2041.63,High,1782.5713232126864,1868.453136196199,1913.7512,1838.1703187297196,259.05867678731374
6,5,128.30748566573172,249,67,1,1,0.164714293792699,0.3843876825138335,8,0.8975390156498501,Pharmacy,East,M,Hibernating,CUST_02888,25.661497133146344,0.5,10.0,1,1,1,3,0.258362354672285,0.7416376453277149,88.66,Low,110.68589277669356,45.567659289793944,101.40137,90.34984141406696,22.025892776693567
8,34,1219.6067126168537,35,35,2,6,0.7961449766654511,0.1181675648359073,7,0.3107997854059212,Sports,East,F,Growers,CUST_01422,35.87078566520158,0.6666666666666666,51.0,4,4,4,12,0.7820025667593377,0.2179974332406623,4020.36,Very High,3381.716050347349,3581.0786052783274,3892.713,3568.184795564721,638.6439496526509
26,36,2062.298377319627,61,27,3,6,0.87707783472185,0.1235183943551323,4,0.2767277537747475,Sports,South,M,Growers,CUST_01489,57.28606603665631,2.1666666666666665,16.615384615384617,4,4,4,12,0.8372966112261891,0.1627033887738108,2498.37,High,2172.297101082125,1876.0839744200694,2418.4084,2178.561112433493,326.0728989178747
55,51,14084.258088680835,3,34,3,8,0.4320309923468594,0.0508276674618789,2,0.0837256775835661,Home,North,M,Champions,CUST_00184,276.1619233074674,4.583333333333333,11.127272727272729,5,4,5,14,0.8931578412570951,0.1068421587429049,11092.42,Very High,8237.735189136098,21003.662846910785,11289.689,10918.672499287606,2854.6848108639024
22,14,1684.096381089343,46,35,3,9,0.833822016456,0.1344940042018774,2,0.1868493404375847,Clothing,West,M,Growers,CUST_01135,120.29259864923876,1.8333333333333333,7.636363636363637,4,3,4,11,0.64762336094815,0.35237663905185,789.44,Medium,938.0175446060827,1288.2893918270468,855.2456,972.1650573401231,148.5775446060826
27,195,3481.4000195118647,18,53,3,10,0.3954632925358217,0.0511846554688207,0,0.0491825991027387,Luxury,South,F,Champions,CUST_00189,17.853333433394177,2.25,86.66666666666667,5,5,5,15,0.95,0.05,10720.94,Very High,12157.916200160671,31569.82480358708,12048.68,14674.649546207378,1436.9762001606705
50,70,13170.40538204742,5,46,4,9,0.3706117716865747,0.0694971531352243,3,0.0201650141054324,Electronics,West,F,Champions,CUST_00421,188.14864831496317,4.166666666666667,16.799999999999997,5,5,5,15,0.95,0.05,24911.49,Very High,20061.981860313022,19675.784837884923,24751.482,21284.027775129067,4849.508139686979
49,59,5967.126535325931,3,56,4,9,0.4074563185181979,0.0116595427551162,3,0.0903703755685899,Electronics,West,F,Champions,CUST_00171,101.1377378868802,4.083333333333333,14.448979591836736,5,5,5,15,0.95,0.05,8643.98,Very High,9836.807288045313,5932.7298508096155,8660.72,8557.467844753932,1192.8272880453133
27,12,1836.547323555505,57,47,3,9,0.4353354823475528,0.0833397127769633,2,0.2798171264871537,Sports,West,F,Growers,CUST_01378,153.0456102962921,2.25,5.333333333333333,4,2,4,10,0.5304597166112398,0.4695402833887602,592.19,Medium,757.2582944859311,955.5743650127456,804.26483,807.7866388008475,165.068294485931
56,49,14546.013529142549,11,39,4,10,0.4190733268328481,0.0572964031544951,3,0.1417061072508722,Luxury,South,F,Champions,CUST_00461,296.8574189620928,4.666666666666667,10.5,5,4,5,14,0.8354999600881583,0.1645000399118417,7602.31,Very High,5431.241637186713,21149.371844388465,7327.217,7798.246656919273,2171.0683628132874
70,51,6359.867083696553,27,49,3,8,0.3095644832186435,0.0329725637958328,2,0.1139735487642582,Electronics,North,M,Champions,CUST_00044,124.7032761509128,5.833333333333333,8.742857142857144,4,4,5,13,0.78135442979527,0.2186455702047299,1394.74,High,2199.6263412746416,1954.1013511655772,1403.9432,1877.47173232777,804.8863412746416
77,139,12617.750227596103,15,57,4,8,0.580339147469475,0.0573076047572851,2,0.043786676024671,Electronics,South,M,Champions,CUST_00088,90.77518149349716,6.416666666666667,21.662337662337663,5,5,5,15,0.95,0.05,14468.58,Very High,14298.130076974294,8705.478963457235,13155.932,12628.022763899498,170.44992302570608
19,45,1156.4026834594615,62,29,3,7,0.7756858852677514,0.1286296885086054,1,0.2079038793430873,Sports,North,F,Growers,CUST_01323,25.69783741021025,1.5833333333333333,28.42105263157895,4,4,3,11,0.770766906066288,0.229233093933712,857.07,High,944.2359687278691,1147.73289579562,917.62756,973.4415399271776,87.16596872786909
28,17,800.0,155,21,2,4,0.5303300762818923,0.1678634050687729,4,0.6658929696219813,Clothing,South,F,At-Risk,CUST_01741,47.05882352941177,2.333333333333333,7.285714285714286,2,3,3,8,0.5723727416173102,0.4276272583826898,243.57,Medium,247.00486761713492,252.62269180075242,242.17702,246.65352669264743,3.434867617134927
25,35,1478.3705562669545,41,32,2,9,0.4741739314594863,0.0966620751338846,4,0.2393686372439134,Clothing,North,F,Growers,CUST_00706,42.239158750484414,2.083333333333333,16.799999999999997,4,4,4,12,0.7934618165698458,0.2065381834301541,1114.86,High,1169.5658070758327,1457.3412882117962,1125.5005,1208.1752545351953,54.70580707583281
19,12,1353.0734631357416,29,43,2,9,0.5839514626431379,0.1070560051740898,1,0.2280259638659497,Sports,East,F,Growers,CUST_00904,112.75612192797848,1.5833333333333333,7.578947368421053,4,2,4,10,0.5409424804449159,0.4590575195550841,703.73,Medium,786.0568680769499,878.9700310996459,709.0547,779.3406279612816,82.32686807694984
55,69,7852.825421823236,18,49,3,9,0.6179701634133554,0.0635754354700628,3,0.1134676631983367,Luxury,South,M,Champions,CUST_00283,113.80906408439472,4.583333333333333,15.054545454545456,5,5,5,15,0.95,0.05,10796.68,Very High,11777.722251618883,7084.185755911284,11201.279,10480.20658500588,981.0422516188828
18,4,59.7798182269173,184,53,1,1,0.2982151098976444,0.329768090155803,7,0.8628172498327754,Grocery,East,F,Hibernating,CUST_02459,14.944954556729323,1.5,2.6666666666666665,2,1,1,4,0.2359506038131278,0.7640493961868722,18.6,Low,21.807178542549227,31.101427633874238,19.4172,22.623243796654467,3.207178542549226
34,28,1114.6920958357236,48,54,3,9,0.8191470585003817,0.0991712573490072,7,0.1300957411936549,Tech,South,M,Growers,CUST_00694,39.81043199413299,2.833333333333333,9.88235294117647,4,4,3,11,0.7572015774018074,0.2427984225981926,511.58,Medium,594.444249981487,557.59734608305,533.61053,568.1826045916728,82.86424998148703
14,14,290.19981854868524,138,52,1,6,0.2724128169504005,0.2021283697058117,3,0.4893360888380901,Clothing,East,M,At-Risk,CUST_02090,20.728558467763232,1.1666666666666667,12.0,2,3,2,7,0.4557125969062041,0.5442874030937959,147.71,Low,151.28468762601125,137.72090729661602,150.26077,148.16757356591577,3.57468762601124
21,8,800.0,102,45,1,6,0.212554402558746,0.2188536612060175,12,0.3231969674279819,Clothing,North,F,At-Risk,CUST_02067,100.0,1.75,4.571428571428571,3,2,3,8,0.4048098066259367,0.5951901933740633,324.29,Medium,250.84034013201446,264.63030571571176,289.8837,264.7871705618502,73.44965986798556
25,42,11107.65507467164,21,55,4,8,0.5984259384438797,0.0655672672735627,1,0.0149369570310043,Luxury,South,M,Champions,CUST_00258,264.4679779683724,2.083333333333333,20.16,5,4,5,14,0.95,0.05,31407.33,Very High,21564.81481954369,39081.568727810176,32693.13,27517.23524999536,9842.51518045631
7,5,157.01015546062973,285,72,1,5,0.3415293488912734,0.3282742210919142,11,0.5480360819011278,Grocery,East,F,Hibernating,CUST_02645,31.402031092125945,0.5833333333333334,8.571428571428571,1,1,1,3,0.210550851511114,0.7894491484888859,133.72,Low,104.20891271464463,42.897195066796456,130.20737,93.38459671013896,29.511087285355373
19,3,200.0,182,56,1,3,0.4360552657559797,0.2263502945037021,19,0.4835312761104261,Pharmacy,South,F,Hibernating,CUST_02595,66.66666666666667,1.5833333333333333,1.8947368421052635,2,1,2,5,0.2656860797190949,0.734313920280905,60.2,Low,66.79746965865874,71.07329612855649,59.438793,65.3065397171763,6.5974696586587385
6,4,130.76724665529446,200,21,1,5,0.2569141830656106,0.2997498118038915,9,0.7101822804561273,Grocery,South,F,Hibernating,CUST_02443,32.691811663823614,0.5,8.0,2,1,1,4,0.3110878873216695,0.6889121126783305,121.88,Low,115.38051005527477,61.22035934623443,125.39208,104.25496789651042,6.499489944725227
16,6,29.917089857984458,288,37,2,6,0.3234906171159659,0.4900033262750689,5,0.6008468595154323,Grocery,West,M,Hibernating,CUST_02884,4.986181642997409,1.3333333333333333,4.5,1,2,1,4,0.2582259803178969,0.7417740196821031,8.82,Low,12.30980628681089,34.81314642178607,9.105341,13.936872037782837,3.4898062868108894
30,30,1602.7953655159502,77,35,2,8,0.8218261282642488,0.1450872204625428,5,0.2891506245734636,Sports,East,M,Growers,CUST_01217,53.42651218386501,2.5,12.0,3,4,4,11,0.5664469017315121,0.4335530982684878,435.81,Medium,624.4121835290052,625.536023331142,505.06808,586.1311261476498,188.60218352900523
35,22,2474.1833618308456,71,41,2,6,0.8568981297133145,0.117271252648677,2,0.1500552339471665,Clothing,East,F,Growers,CUST_01042,112.46288008322026,2.9166666666666665,7.542857142857144,3,3,4,10,0.7478345816613274,0.2521654183386725,1053.92,High,976.4538548171364,1032.6815110513419,1054.1973,1010.4061690481429,77.46614518286367
7,2,28.680938418756966,359,46,1,2,0.14799012326372,0.3623117441505813,3,0.6123778786554475,Grocery,North,M,Hibernating,CUST_02454,14.340469209378483,0.5833333333333334,3.4285714285714284,1,1,1,3,0.209479993833853,0.790520006166147,21.28,Low,24.23081785053226,39.443084651892676,21.498226,25.79038816775322,2.9508178505322604
57,187,6035.929672186747,26,39,4,8,0.6355787366898443,0.0184271305152362,1,0.1395247804293825,Electronics,East,F,Champions,CUST_00150,32.27769878174731,4.75,39.36842105263158,4,5,5,14,0.8705493480342618,0.1294506519657382,3761.23,Very High,4303.723357453244,5953.9195650672555,3736.9001,4401.872717636403,542.4933574532438
47,16,291.7689743987971,150,53,2,4,0.3788866959574205,0.1526302473468423,14,0.6432216716025382,Grocery,South,F,At-Risk,CUST_01737,18.23556089992482,3.9166666666666665,4.085106382978724,2,3,2,7,0.4033042594161283,0.5966957405838716,41.77,Low,49.34630934872322,50.90707429443127,41.615185,47.1835152930051,7.576309348723214
16,5,66.61846683756899,197,62,1,5,0.4335832498659827,0.3050499070573093,12,0.4646453432390093,Grocery,North,M,Hibernating,CUST_02359,13.323693367513798,1.3333333333333333,3.75,2,1,1,4,0.225292510242872,0.774707489757128,21.8,Low,24.07775605825119,32.90335345246587,20.567572,24.458525588038032,2.277756058251189
2,3,107.37129689453197,196,18,2,3,0.479611816817923,0.4151911213115132,14,0.8372252227609895,Grocery,South,F,Hibernating,CUST_02393,35.790432298177315,0.1666666666666666,18.0,2,1,1,4,0.3827245964777452,0.6172754035222547,360.71,Medium,246.67130718998044,95.07728899728457,348.88434,226.32089764700217,114.03869281001954
10,3,59.90203920507656,348,31,2,4,0.1449178885639591,0.4404291218735952,2,0.4303472111000425,Pharmacy,West,F,Hibernating,CUST_02442,19.967346401692183,0.8333333333333334,3.6,1,1,1,3,0.2750969274399233,0.7249030725600767,37.28,Low,31.572326153083864,44.53704578713832,30.49383,33.47982108873479,5.707673846916137
12,19,257.1223760317542,117,21,2,7,0.2460048437730148,0.2230953780523777,6,0.5242957148650182,Clothing,East,F,At-Risk,CUST_02113,13.53275663325022,1.0,19.0,2,3,2,7,0.5376607517999474,0.4623392482000525,214.41,Medium,164.01537454994684,186.04610210866286,174.66673,171.40856458213156,50.394625450053155
15,6,163.570844109092,279,20,1,6,0.1431723421050809,0.4003345697090622,19,0.4734611823090915,Pharmacy,West,M,Hibernating,CUST_02418,27.261807351515333,1.25,4.8,1,2,2,5,0.2442461480795092,0.7557538519204907,49.22,Low,62.93653773174589,63.15241866177227,53.46416,59.97480297666914,13.716537731745888
31,84,10790.384700510256,23,63,4,10,0.408833699790268,0.0776023046873823,0,0.06455197985583,Luxury,East,M,Champions,CUST_00135,128.4569607203602,2.583333333333333,32.516129032258064,5,5,5,15,0.95,0.05,28027.15,Very High,27072.86339504556,25109.58185875929,28290.553,27022.621258614276,954.2866049544427
12,2,200.0,227,18,1,4,0.1838117606490061,0.3688585601844016,10,0.8576526312848638,Pharmacy,West,M,Hibernating,CUST_02931,100.0,1.0,2.0,1,1,2,4,0.2224891308972176,0.7775108691027823,108.23,Low,89.10407304202512,77.08112406198772,105.65665,91.10386074491956,19.125926957974883
22,44,2500.0,61,42,2,9,0.6611916527133677,0.1047061214798626,6,0.1476793132511863,Clothing,North,F,Growers,CUST_00832,56.81818181818182,1.8333333333333333,24.0,4,4,4,12,0.8327462224175768,0.1672537775824232,2342.36,High,2370.5265787250605,2465.5908059567264,2665.4775,2474.796109790278,28.16657872506039
29,12,300.2045818435346,150,62,2,6,0.51565938377932,0.2348504958569701,4,0.6703383794934628,Clothing,East,F,At-Risk,CUST_01801,25.01704848696121,2.4166666666666665,4.965517241379311,2,2,2,6,0.4223085472221623,0.5776914527778376,76.11,Low,79.49038019515103,76.52751762235481,74.68843,77.4281662081909,3.3803801951510337
3,7,38.9653437586369,232,20,2,3,0.1272196220019855,0.275532779668151,9,0.4251682438385243,Pharmacy,East,F,Hibernating,CUST_02930,5.566477679805272,0.25,28.0,1,2,1,4,0.2246506407686948,0.7753493592313052,68.58,Low,96.21993464299646,60.90184213162091,70.54128,80.01872244239657,27.639934642996465
10,3,21.448792870125235,203,70,2,4,0.4120250969383784,0.4023090745594266,11,0.6317691919657693,Grocery,West,F,Hibernating,CUST_02989,7.149597623375079,0.8333333333333334,3.6,2,1,1,4,0.2400919524626556,0.7599080475373444,10.89,Low,16.74931122513696,37.620296610151186,10.785832,17.338422619460676,5.85931122513696
28,17,800.0,164,28,2,6,0.3329362240060722,0.2969330988911403,7,0.353076232671105,Clothing,East,F,At-Risk,CUST_01899,47.05882352941177,2.333333333333333,7.285714285714286,2,3,3,8,0.4744890916795819,0.5255109083204181,289.89,Medium,239.86115680849218,205.8683228226721,257.4181,237.62673453034756,50.028843191507804
14,57,2500.0,35,50,3,9,0.7377999340870626,0.0515774389771446,6,0.3414757479664527,Sports,West,F,Growers,CUST_00865,43.85964912280702,1.1666666666666667,48.85714285714285,4,5,4,13,0.9321819853766556,0.0678180146233443,11120.28,Very High,7148.131064873452,5992.082962313003,8844.007,7355.4142209171105,3972.148935126549
72,143,9581.936010200456,22,60,4,10,0.4408080210528158,0.0680057034282802,1,0.0371447464607158,Luxury,South,F,Champions,CUST_00529,67.00654552587731,6.0,23.83333333333333,5,5,5,15,0.9309783958878428,0.0690216041121573,10158.45,Very High,9307.565583142981,6666.666399751318,9763.412,8832.443186415885,850.8844168570195
34,5,300.40022540249794,98,27,2,7,0.3313377378613779,0.2605666088500414,14,0.4647276009240322,Pharmacy,East,M,At-Risk,CUST_02220,60.08004508049959,2.833333333333333,1.7647058823529411,3,1,2,6,0.3912326792527905,0.6087673207472095,61.01,Low,69.64622183618104,75.89732302858742,62.789257,68.6868768500679,8.636221836181043
71,157,7663.824517658589,8,41,4,8,0.5856302349685487,0.0173838399222725,3,0.0803313709646697,Luxury,West,F,Champions,CUST_00431,48.814168902284,5.916666666666667,26.535211267605632,5,5,5,15,0.95,0.05,9715.15,Very High,9225.321908025797,5828.215692449768,8785.868,8293.431166542881,489.82809197420283
13,1,42.0360159150967,346,70,1,6,0.1886618699748467,0.3256019117814547,6,0.4937703751057762,Grocery,North,F,Hibernating,CUST_02744,42.0360159150967,1.0833333333333333,0.9230769230769232,1,1,1,3,0.2396369844663789,0.7603630155336211,16.38,Low,20.367293730823945,40.36642807784577,17.043758,22.179415700071587,3.9872937308239464
41,12,800.0,102,25,2,4,0.3305724594092952,0.241745963721291,5,0.4017963630786523,Clothing,West,F,At-Risk,CUST_01745,66.66666666666667,3.4166666666666665,3.5121951219512195,3,2,3,8,0.5337335767803831,0.4662664232196168,161.45,Low,157.73635386712843,192.0196105007674,166.37852,166.7136525020886,3.7136461328715598
19,39,2500.0,57,41,3,6,0.7287969161219385,0.0817760506824954,2,0.3148400561882053,Sports,East,M,Growers,CUST_00611,64.1025641025641,1.5833333333333333,24.63157894736842,4,4,4,12,0.7494887035473934,0.2505112964526066,2345.71,High,2172.0869896379195,2265.22910802166,2474.0535,2277.6350807517433,173.62301036208055
13,42,2158.8288248676854,65,43,3,7,0.6602635564045818,0.0712161262931029,1,0.103361010995854,Sports,East,F,Growers,CUST_00950,51.40068630637346,1.0833333333333333,38.76923076923077,3,4,4,11,0.772334308474365,0.2276656915256349,3266.54,Very High,2713.708961075275,2554.0466808087986,3334.4214,2851.9004374791584,552.8310389247249
7,6,48.9828549531286,244,52,1,6,0.228480539477226,0.4870606279543666,2,0.5971212861741689,Pharmacy,West,M,Hibernating,CUST_02812,8.163809158854766,0.5833333333333334,10.285714285714285,1,2,1,4,0.2418380085624855,0.7581619914375145,42.4,Low,38.27804727057583,43.22103175198377,40.175632,39.793675094424366,4.121952729424166
48,124,4333.73867547452,15,42,4,9,0.3474589684108348,0.066380263050999,3,0.1265990207913037,Luxury,West,F,Champions,CUST_00222,34.94950544737517,4.0,31.0,5,5,5,15,0.95,0.05,8024.89,Very High,8411.510047523476,6406.760066478022,8112.3296,7879.681992877637,386.6200475234755
36,14,331.412443201874,136,54,2,6,0.5972254866869442,0.1882053247031134,4,0.3019761220019828,Clothing,East,M,At-Risk,CUST_01916,23.67231737156243,3.0,4.666666666666667,2,3,2,7,0.4724927550825801,0.5275072449174198,59.98,Low,68.71752789126425,79.00340068825614,65.743805,69.73200414925994,8.737527891264257
12,6,26.869066065682908,272,42,1,6,0.1014265730718378,0.3768083155988224,9,0.8975934339975145,Grocery,East,M,Hibernating,CUST_02412,4.478177677613818,1.0,6.0,1,2,1,4,0.3081962976716686,0.6918037023283314,12.05,Low,17.67243619914154,41.75535011929707,11.849828,18.70007068616152,5.622436199141539
9,37,1793.7237542913902,56,39,3,7,0.6279622121597086,0.128509220392499,4,0.2974280023026372,Tech,North,F,Growers,CUST_01037,48.47902038625379,0.75,49.333333333333336,4,4,4,12,0.8112993730052153,0.1887006269947847,5039.16,Very High,3716.841747117028,4350.9533044636355,4412.569,4038.4223579339073,1322.318252882972
20,7,93.31114727468422,282,26,1,3,0.497209776067843,0.2219418863041276,14,0.6360157278898891,Grocery,East,M,Hibernating,CUST_02646,13.33016389638346,1.6666666666666667,4.2,1,2,1,4,0.3098853720354397,0.6901146279645602,21.17,Low,25.901140444834148,36.32527918402537,23.006731,26.757854239530523,4.731140444834146
19,18,800.0,66,50,3,9,0.7805301919837381,0.1291204253588071,2,0.2956104088000483,Tech,South,M,Growers,CUST_00933,44.44444444444444,1.5833333333333333,11.36842105263158,3,3,3,9,0.6337249599217285,0.3662750400782715,504.48,Medium,524.9978579309063,425.0377448679026,499.49216,495.82200685944764,20.517857930906302
16,3,138.39709619098196,336,38,1,4,0.404838268232688,0.3906085302285145,16,0.5964604418308235,Pharmacy,East,F,Hibernating,CUST_02556,46.13236539699398,1.3333333333333333,2.25,1,1,1,3,0.2195729748966766,0.7804270251033234,45.78,Low,42.09760808886707,37.0743800394276,47.53475,42.56813915235586,3.6823919111329317
62,88,10234.097540337632,14,31,4,8,0.5535298233693591,0.0194821675756283,0,0.0501663790677156,Luxury,West,F,Champions,CUST_00174,116.29656295838218,5.166666666666667,17.032258064516128,5,5,5,15,0.95,0.05,15750.07,Very High,13906.887127805452,8538.376755689225,13979.819,12634.012746619735,1843.1828721945476
42,169,9824.289355842682,7,33,4,9,0.4062236385977364,0.0347172022256872,0,0.0690493575964147,Luxury,South,F,Champions,CUST_00566,58.131889679542496,3.5,48.285714285714285,5,5,5,15,0.95,0.05,20915.66,Very High,19284.251776819616,21957.385655609363,19572.824,19879.873702568337,1631.408223180384
43,13,359.19137922787075,148,22,1,6,0.491049353919685,0.2057002582237005,10,0.6715164869159062,Grocery,East,F,At-Risk,CUST_01961,27.6301060944516,3.583333333333333,3.627906976744186,2,2,2,6,0.3367772370537078,0.6632227629462921,47.88,Low,54.052275015285595,45.22223546224661,50.229523,51.02522202279395,6.172275015285592
28,30,2500.0,38,28,2,8,0.8814769767876649,0.0678234423269322,6,0.1196955177509785,Clothing,West,M,Growers,CUST_00813,83.33333333333333,2.333333333333333,12.857142857142856,4,4,4,12,0.8134899537278995,0.1865100462721005,1807.67,High,1759.333835711758,1786.5496209745322,1919.7913,1811.5636927722815,48.33616428824212
5,1,127.08046413502056,202,65,2,3,0.3251920242407793,0.2955542112620836,16,0.4505977659035073,Pharmacy,West,F,Hibernating,CUST_02688,127.08046413502056,0.4166666666666667,2.4,2,1,1,4,0.2718065048747333,0.7281934951252667,135.54,Low,117.26510541961322,87.4658916614078,139.29315,116.46120596685248,18.27489458038677
15,28,800.0,76,50,3,7,0.6477623116559224,0.1295454910622082,3,0.2491847156949769,Clothing,North,F,Growers,CUST_00959,28.571428571428573,1.25,22.4,3,4,3,10,0.6445368761046357,0.3554631238953643,687.45,Medium,739.0333352508082,615.9665869792374,681.9437,695.616023458142,51.583335250808204
45,143,7289.842195508696,13,30,4,9,0.438732339862477,0.0541065188803164,3,0.1437207179706744,Home,North,F,Champions,CUST_00528,50.97791745110976,3.75,38.13333333333333,5,5,5,15,0.95,0.05,9634.05,Very High,11913.676739447421,11890.674026612727,11157.148,11676.970424903504,2279.6267394474216
15,44,924.8420066900544,79,52,3,6,0.424411020962685,0.0785906290394978,1,0.2141279391804475,Sports,East,F,Growers,CUST_01414,21.01913651568305,1.25,35.2,3,4,3,10,0.7091617799517544,0.2908382200482455,911.65,High,1020.0842092806895,937.824156621442,944.8082,980.2702170684776,108.43420928068952
28,14,489.9251832757603,190,34,2,6,0.4222786035174963,0.1832160954337665,14,0.4692067809755252,Clothing,West,M,At-Risk,CUST_01612,34.994655948268594,2.333333333333333,6.0,2,3,2,7,0.5124837513993892,0.4875162486006108,132.04,Low,145.10009291766872,122.56990514926855,139.2117,138.55425097281855,13.060092917668726
55,142,8769.613316082787,5,64,4,10,0.6387658069418423,0.0676291248876021,2,0.1348873377433803,Home,North,F,Champions,CUST_00273,61.75784025410413,4.583333333333333,30.981818181818184,5,5,5,15,0.95,0.05,13782.53,Very High,12286.582816816992,10016.100254719755,13178.863,12045.33466354382,1495.9471831830087
15,50,804.8991881407517,24,29,3,6,0.4608831887997827,0.0542524633519092,6,0.2809488075436963,Tech,North,M,Growers,CUST_00927,16.097983762815034,1.25,40.0,4,4,3,11,0.8653654559485789,0.134634544051421,1762.73,High,2013.2957869045808,1664.9151088731455,1790.487,1871.2177703450986,250.56578690458082
21,19,637.0388174155242,191,35,2,7,0.5961427030902495,0.1186779955140975,10,0.5680796665259769,Grocery,East,F,At-Risk,CUST_01740,33.52835881134338,1.75,10.857142857142858,2,3,3,8,0.5168140415378678,0.4831859584621322,205.49,Medium,245.33300838101604,268.66196618326984,224.6507,243.31845943873017,39.843008381016034
32,36,2039.9202009479395,37,50,3,6,0.8242862047910231,0.1265002323991723,5,0.1556324456247214,Clothing,West,M,Growers,CUST_00848,56.66445002633165,2.6666666666666665,13.5,4,4,4,12,0.8258553188504705,0.1741446811495295,1486.02,High,1503.841319578746,1446.8758058561637,1468.4922,1481.6610602538203,17.821319578745943
31,58,1904.6009536046568,38,26,3,7,0.4183888963665449,0.1177760494362671,2,0.2910998006406435,Sports,East,M,Growers,CUST_00953,32.83794747594236,2.583333333333333,22.451612903225804,4,5,4,13,0.9047654516587827,0.0952345483412172,2773.52,Very High,3174.5893561186563,2158.54930227444,2842.1768,2842.976267718496,401.0693561186563
28,9,504.7529544897431,112,30,1,5,0.2161598721107867,0.1734919266260956,8,0.3964843357988517,Clothing,North,M,At-Risk,CUST_01621,56.08366160997146,2.333333333333333,3.8571428571428568,2,2,2,6,0.4383612731824792,0.5616387268175207,136.6,Low,134.71948276761736,88.50987730712997,141.01045,125.58767267447685,1.8805172323826298
17,3,200.0,262,69,2,4,0.2173388950634417,0.206863383566571,3,0.6406697233928754,Pharmacy,East,F,Hibernating,CUST_03000,66.66666666666667,1.4166666666666667,2.117647058823529,1,1,2,4,0.2243494069418532,0.7756505930581468,62.55,Low,61.98662051551919,62.38748146301589,64.12193,62.70052923438723,0.5633794844808051
11,2,38.96212128284463,358,36,1,5,0.2910601509593176,0.4810906851301582,5,0.8942898863003472,Grocery,West,F,Hibernating,CUST_02316,19.481060641422317,0.9166666666666666,2.181818181818182,1,1,1,3,0.1972755953071098,0.8027244046928902,15.43,Low,21.860043302020312,35.16671102584831,16.02693,21.93724460357239,6.430043302020312
43,14,200.0,163,36,1,5,0.593277363899244,0.2381752120031926,8,0.3873528521025295,Clothing,East,M,At-Risk,CUST_01913,14.285714285714286,3.583333333333333,3.9069767441860463,2,3,2,7,0.607599128350215,0.392400871649785,42.41,Low,59.17144463778406,87.64654368168982,50.66202,61.11250394301552,16.761444637784066
17,1,157.73072101003845,266,69,1,6,0.270987258207951,0.2349364267575809,4,0.9473809933392902,Pharmacy,East,M,Hibernating,CUST_02594,157.73072101003845,1.4166666666666667,0.7058823529411764,1,1,2,4,0.172690831827909,0.827309168172091,38.31,Low,56.72230244756147,89.91490914987212,41.350227,56.60439022389419,18.412302447561466
43,14,465.0625122729273,199,24,2,7,0.5897523130364182,0.1556347839750647,5,0.3007662824715996,Grocery,North,F,At-Risk,CUST_02032,33.218750876637664,3.583333333333333,3.9069767441860463,2,3,2,7,0.5727228478354168,0.4272771521645832,115.52,Low,108.78060648049795,99.60907727108837,115.182335,108.73174256542575,6.739393519502045
18,18,2449.1880721090743,73,44,3,9,0.7803972545766991,0.106512267098305,6,0.2309935506714284,Clothing,North,F,Growers,CUST_01101,136.06600400605967,1.5,12.0,3,3,4,10,0.5322853536836532,0.4677146463163468,1200.85,High,1128.5511933359444,1126.6983389006923,1223.0421,1155.725873504937,72.29880666405552
26,46,1266.7188325209245,21,37,3,9,0.7078881573488262,0.1007239498216863,3,0.1253891508572947,Clothing,West,F,Growers,CUST_01293,27.53736592436792,2.1666666666666665,21.230769230769237,5,4,4,13,0.9406808268225728,0.0593191731774271,3422.86,Very High,4579.893984540565,2550.570934016407,4549.219,4065.739844371123,1157.0339845405647
2,5,41.15099841900212,235,62,1,4,0.2415525405415722,0.4400394082648786,17,0.4479081805434185,Grocery,South,F,Hibernating,CUST_02876,8.230199683800425,0.1666666666666666,30.0,1,1,1,3,0.2718284175863419,0.7281715824136581,91.89,Low,148.44804073544572,65.12877241579694,116.291214,117.06003153399429,56.558040735445715
24,157,4850.311886065579,18,57,4,9,0.4569134041122077,0.021411337967042,2,0.1000028477838769,Electronics,South,F,Champions,CUST_00169,30.893706280672475,2.0,78.5,5,5,5,15,0.904639046449604,0.0953609535503959,8856.21,Very High,8711.308683282197,27515.403443327836,8493.745,10881.534961970798,144.90131671780182
16,6,170.64318656241193,324,35,2,5,0.2557443365123529,0.2642325235183987,19,0.445391561188411,Pharmacy,West,M,Hibernating,CUST_02377,28.44053109373532,1.3333333333333333,4.5,1,2,2,5,0.3069475286527547,0.6930524713472452,71.08,Low,67.21581283795632,77.39851070727525,63.836693,68.07968598434384,3.8641871620436774
16,20,1108.7028772419496,38,28,3,8,0.5262772737043026,0.0810668505911946,7,0.1072596956649436,Clothing,South,M,Growers,CUST_01468,55.43514386209748,1.3333333333333333,15.0,4,3,3,10,0.7357707020622022,0.2642292979377978,835.56,High,962.9158135350455,818.9472948008644,909.3876,916.37039643935,127.35581353504551
4,1,153.09179069409225,330,24,2,5,0.2264993767261097,0.4556743915949038,7,0.5628927316855334,Pharmacy,East,F,Hibernating,CUST_02767,153.09179069409225,0.3333333333333333,3.0,1,1,1,3,0.2125981802064033,0.7874018197935967,188.39,Low,139.8219393822505,90.28130832206523,187.03517,139.8261438912818,48.568060617749495
11,21,2426.431483577386,53,43,3,6,0.5644978873439844,0.1181255630186874,7,0.2446183127504714,Clothing,South,F,Growers,CUST_01399,115.54435636082792,0.9166666666666666,22.90909090909091,4,3,4,11,0.7189077967803481,0.2810922032196519,2604.21,Very High,2642.888346753126,2717.5934176416854,2783.134,2699.2097808675917,38.67834675312588
20,59,955.8765689141276,22,32,2,6,0.8676350812909668,0.061070568880651,3,0.1776758808895602,Clothing,West,F,Growers,CUST_01229,16.20129777820555,1.6666666666666667,35.4,5,5,3,13,0.95,0.05,3769.4,Very High,4594.064658547609,2451.0022804094383,3944.2769,3870.4467714522493,824.6646585476087
35,7,789.5432847772349,171,27,1,5,0.5732654046199521,0.1930217912471862,10,0.6686285892706264,Clothing,West,F,At-Risk,CUST_02235,112.79189782531928,2.9166666666666665,2.4,2,2,3,7,0.3452876086819204,0.6547123913180796,126.42,Low,137.71992778072965,152.89509211449646,129.12096,137.9372048285738,11.299927780729647
26,16,800.0,72,50,1,6,0.2482693798406327,0.1356257015726512,9,0.3883671068703562,Clothing,West,F,At-Risk,CUST_01739,50.0,2.1666666666666665,7.384615384615385,3,3,3,9,0.718402279607772,0.2815977203922279,485.9,Medium,353.0311131144216,411.5583788759891,456.82272,393.3002088603982,132.86888688557838
47,150,13911.273325335838,21,37,4,10,0.5422689975400055,0.0381419051821768,0,0.0752918107697762,Electronics,South,F,Champions,CUST_00368,92.7418221689056,3.9166666666666665,38.297872340425535,5,5,5,15,0.95,0.05,25501.94,Very High,22801.428846577383,27231.288368670856,26571.842,24735.535973671747,2700.511153422616
25,13,536.607486293992,93,60,2,7,0.2515404666044862,0.1770501436723844,7,0.3405825888576138,Grocery,East,M,At-Risk,CUST_02276,41.27749894569169,2.083333333333333,6.239999999999999,3,2,3,8,0.5217080619389453,0.4782919380610547,228.77,Medium,216.91583093356368,232.21449773116154,196.753,213.55194445621447,11.854169066436327
6,27,1416.9853252985638,76,40,3,6,0.8716171416734845,0.1181872943496766,5,0.1318010298344452,Sports,South,M,Growers,CUST_00868,52.48093797402088,0.5,54.0,3,3,4,10,0.5676580161457286,0.4323419838542713,2275.69,High,1871.310954162486,2045.643489977274,2152.4421,1986.6384400431448,404.379045837514
22,47,1498.4018335941894,24,52,3,6,0.4512001748980006,0.1354546501735289,3,0.3015524137931082,Tech,East,F,Growers,CUST_01303,31.880890076472117,1.8333333333333333,25.63636363636364,4,4,4,12,0.6862068404989651,0.3137931595010349,959.1,High,1125.5410935708865,1392.9559302564853,1001.2796,1134.0631235910173,166.44109357088644
60,152,9526.973855197706,9,40,4,10,0.6991465986045933,0.025252396573872,3,0.0874960872276306,Luxury,East,M,Champions,CUST_00352,62.67745957366912,5.0,30.4,5,5,5,15,0.95,0.05,12267.37,Very High,12235.690013699841,9976.254429614257,12594.397,11848.439744636871,31.679986300159726
19,7,69.02721210200261,347,69,2,1,0.4331133256753953,0.2460465671389273,8,0.5355486303257551,Pharmacy,South,M,Hibernating,CUST_02395,9.861030300286089,1.5833333333333333,4.421052631578948,1,2,1,4,0.227619665386243,0.772380334613757,16.74,Low,19.27829135794044,34.35497053496397,17.080074,20.8960542790801,2.538291357940441
5,4,33.59071719931164,187,61,1,5,0.2466057414742705,0.4894621837038518,9,0.8697814429943536,Grocery,South,F,Hibernating,CUST_02504,8.39767929982791,0.4166666666666667,9.6,2,1,1,4,0.3545783769612244,0.6454216230387755,49.55,Low,45.712108009714356,60.05414872758907,47.580692,48.8651233266778,3.837891990285641
14,12,1780.878240204141,54,47,3,8,0.464623846994613,0.081101033848926,5,0.2841235521791947,Clothing,East,F,Growers,CUST_00980,148.4065200170118,1.1666666666666667,10.285714285714285,4,2,4,10,0.5696565991977772,0.4303434008022228,1496.0,High,1427.856762578413,1452.6874740703602,1490.926,1451.488769226131,68.14323742158695
45,13,721.3312044409003,117,56,2,7,0.2500516862082902,0.2828534489144592,8,0.3798801664265132,Grocery,West,M,At-Risk,CUST_01848,55.4870157262231,3.75,3.466666666666667,2,2,3,7,0.3742954330410019,0.6257045669589981,119.61,Low,117.07554928360666,90.97344178896965,118.258156,111.65719246647902,2.534450716393337
14,7,43.69194717847434,253,74,1,6,0.2391606162191367,0.2700799312223674,19,0.4062395132729137,Pharmacy,South,F,Hibernating,CUST_02371,6.241706739782048,1.1666666666666667,6.0,1,2,1,4,0.2467834643698132,0.7532165356301868,17.75,Low,19.740516633068687,33.59778705575361,17.669374,21.26170301034861,1.9905166330686868
36,53,11191.06272495268,8,32,3,10,0.7007228881114769,0.0188776815785293,1,0.1172669738893089,Home,South,F,Champions,CUST_00499,211.1521268858996,3.0,17.666666666666668,5,4,5,14,0.9047017699357552,0.0952982300642448,11837.96,Very High,11411.874276192162,20037.40345652217,12266.633,13051.640883479326,426.085723807837
41,8,706.363464131849,132,38,1,6,0.3838907295796807,0.2426762819771497,6,0.4807076469582741,Pharmacy,West,F,At-Risk,CUST_01629,88.29543301648113,3.4166666666666665,2.341463414634146,2,2,3,7,0.364177074181936,0.635822925818064,135.06,Low,125.9033706553043,114.66499541936994,133.41568,125.73948754397615,9.156629344695702
29,49,7971.685353495976,9,59,4,9,0.4615136728770469,0.0158467440276013,0,0.0757367176875208,Luxury,East,M,Champions,CUST_00211,162.68745619379544,2.4166666666666665,20.27586206896552,5,4,5,14,0.9496177365623396,0.0503822634376605,24996.28,Very High,15806.063040147563,15377.486912091515,22582.607,17495.305404316478,9190.216959852436
16,6,168.0946235389469,329,44,2,5,0.3840631125068924,0.2626762033085263,12,0.9264591693738584,Pharmacy,East,F,Hibernating,CUST_02471,28.015770589824484,1.3333333333333333,4.5,1,2,2,5,0.315101966154458,0.6848980338455419,87.29,Low,66.99268673209271,79.93519191299283,66.880264,69.36904477042818,20.2973132679073
21,26,1029.2433787968378,26,50,2,6,0.6467863966344906,0.065426427106515,3,0.176045619407129,Clothing,North,M,Growers,CUST_00602,39.58628379987837,1.75,14.857142857142858,4,3,3,10,0.6714087107137776,0.3285912892862224,526.85,Medium,616.5726566651713,576.4595388059845,544.2325,585.9794730687677,89.72265666517126
80,137,10159.040089083495,13,34,4,8,0.7988141487010783,0.0385918906985937,1,0.0856360580628217,Luxury,East,F,Champions,CUST_00228,74.15357729258027,6.666666666666667,20.55,5,5,5,15,0.95,0.05,12140.4,Very High,11842.841729912065,5798.475967720566,11049.935,10055.43005234097,297.55827008793494
79,46,8436.384339155493,28,61,4,9,0.3774626555717213,0.0554851632735009,2,0.1468547761187501,Luxury,East,F,Champions,CUST_00366,183.39965954685852,6.583333333333333,6.987341772151899,4,4,5,13,0.8003970261511619,0.199602973848838,2439.96,High,2840.9449032006037,2697.1208581391993,2438.7764,2685.7369685311596,400.98490320060364
70,86,8896.01188071401,17,57,4,9,0.6674629236974471,0.0523051523800339,1,0.0550018319554472,Luxury,West,F,Champions,CUST_00582,103.4419986129536,5.833333333333333,14.742857142857144,5,5,5,15,0.95,0.05,10141.34,Very High,10770.625810770805,5666.874349319313,10297.57,9345.690055786008,629.2858107708053
9,7,23.198515127517197,358,23,1,6,0.4332257959552391,0.3836262707070426,11,0.6758761204498827,Grocery,North,F,Hibernating,CUST_02856,3.314073589645313,0.75,9.333333333333334,1,2,1,4,0.2268682548134037,0.7731317451865963,17.18,Low,22.990610837383596,45.54018095914662,17.121058,24.179166443433818,5.810610837383596
21,15,294.436781011756,170,50,2,6,0.2681939455584284,0.288575429430698,4,0.3618450058653987,Clothing,East,F,At-Risk,CUST_02179,19.629118734117068,1.75,8.571428571428571,2,3,2,7,0.4964456933607343,0.5035543066392657,124.22,Low,126.28646888732371,128.9511805553149,121.34911,125.30699888309012,2.0664688873237083
40,5,800.0,175,41,2,6,0.3358362965583305,0.2563868282056158,7,0.6045877315749266,Pharmacy,West,M,At-Risk,CUST_02019,160.0,3.333333333333333,1.5,2,1,3,6,0.3160772319658999,0.6839227680341,106.72,Low,123.24724521673149,152.79720471632183,118.691414,127.21888392529254,16.527245216731487
35,43,2459.070178641986,32,43,3,6,0.6089057914507501,0.1248054069088116,3,0.2453462238341277,Clothing,North,F,Growers,CUST_00860,57.18767857306944,2.9166666666666665,14.742857142857144,4,4,4,12,0.8666783411099173,0.1333216588900827,2174.41,High,2258.4942343335874,1615.7810606663984,2060.1604,2054.7458082655235,84.08423433358757
74,60,10877.441698072684,14,58,4,10,0.6812234793374342,0.0504944755760531,4,0.0268745877435226,Electronics,South,F,Champions,CUST_00408,181.29069496787807,6.166666666666667,9.72972972972973,5,5,5,15,0.95,0.05,10709.32,Very High,13312.086791640051,7874.747671368033,15215.817,12475.563282846831,2602.7667916400515
36,16,519.4952958515083,192,58,1,6,0.4063208406661917,0.2272614545240631,6,0.3898084140548524,Grocery,West,F,At-Risk,CUST_01921,32.46845599071927,3.0,5.333333333333333,2,3,2,7,0.6139054311692755,0.3860945688307244,146.32,Low,120.09750965267884,129.10262060369234,118.61565,121.39430485611352,26.222490347321155
21,9,800.0,78,30,2,7,0.5323765585845227,0.2648325077824053,8,0.4734878508880615,Pharmacy,South,F,At-Risk,CUST_01614,88.88888888888889,1.75,5.142857142857143,3,2,3,8,0.5278434158414493,0.4721565841585506,376.6,Medium,308.65720698030185,323.88088020476573,360.55743,326.5206122259517,67.94279301969817
24,42,800.0,43,29,3,8,0.5738328353794333,0.1469472820427188,6,0.1274649392631833,Sports,North,F,Growers,CUST_00679,19.047619047619047,2.0,21.0,4,4,3,11,0.7240294061983097,0.2759705938016903,588.45,Medium,618.3216973315111,715.7933957837985,548.5177,614.2214630961727,29.871697331511086
20,50,2500.0,61,25,3,8,0.8792251782262291,0.1191349864276162,1,0.2916744559583706,Clothing,East,F,Growers,CUST_01265,50.0,1.6666666666666667,30.0,4,4,4,12,0.7577400942957222,0.2422599057042778,2240.21,High,2089.233046234482,2428.84994720792,2224.7559,2194.111531158555,150.97695376551792
20,4,64.88214797647926,247,58,1,4,0.232424530637958,0.3377961386059405,5,0.8097702398817188,Pharmacy,South,F,Hibernating,CUST_02408,16.220536994119815,1.6666666666666667,2.4,1,1,1,3,0.271049958210841,0.728950041789159,16.7,Low,18.244923256552642,27.99691258141185,17.794027,19.74122627378443,1.544923256552643
27,22,1589.7860876424725,51,27,2,6,0.4292813552602392,0.1021488621705889,5,0.3495757889334895,Sports,North,M,Growers,CUST_00692,72.26300398374875,2.25,9.77777777777778,4,3,4,11,0.7621614571481197,0.2378385428518803,1101.04,High,947.7258579561409,1199.5443165330325,1026.2185,1017.4621469467176,153.31414204385908
62,124,11707.091261030017,25,50,4,10,0.476894579368218,0.0424787188716821,4,0.1201408082312145,Luxury,South,F,Champions,CUST_00008,94.41202629862916,5.166666666666667,24.0,4,5,5,14,0.9009046740780252,0.0990953259219749,8920.28,Very High,7884.350060982964,7895.112622132579,8389.656,8034.85311763978,1035.9299390170363
20,1,76.83369060042594,328,71,2,3,0.3455215702479203,0.3620939803122895,9,0.5546228992656665,Pharmacy,North,F,Hibernating,CUST_02868,76.83369060042594,1.6666666666666667,0.6,1,1,1,3,0.2074958851528926,0.7925041148471074,15.15,Low,26.00224807798375,37.95110824466796,23.62006,27.261205062606155,10.85224807798375
9,43,1937.092481177452,57,28,2,7,0.4653122415382957,0.1234373478676773,2,0.2343394373067192,Clothing,West,F,Growers,CUST_01205,45.048662352964,0.75,57.333333333333336,4,4,4,12,0.7417694863137014,0.2582305136862985,3562.36,Very High,3506.050401052389,4388.163389892386,3606.8574,3698.32237924288,56.30959894761099
47,15,599.7593200752143,187,59,1,4,0.2580654833445091,0.2796307779251519,9,0.547456606618506,Grocery,East,M,At-Risk,CUST_02234,39.98395467168096,3.9166666666666665,3.8297872340425534,2,3,3,8,0.5660721370117671,0.4339278629882329,120.04,Low,133.37414455819015,150.55270516670836,120.89746,132.6807903100731,13.334144558190147
68,134,15000.0,28,62,3,9,0.6223726242884093,0.0230647957858377,1,0.0422737504943208,Luxury,North,F,Champions,CUST_00416,111.94029850746269,5.666666666666667,23.64705882352941,4,5,5,14,0.8506116456612767,0.1493883543387233,7155.56,Very High,5604.609927522587,9485.377392659238,6976.2456,6649.231781265355,1550.9500724774134
27,25,1809.4552201408624,45,37,3,8,0.6375463342436809,0.0756520427325807,5,0.1571046142079839,Tech,East,F,Growers,CUST_00671,72.3782088056345,2.25,11.11111111111111,4,3,4,11,0.7422370555561708,0.2577629444438292,1157.01,High,1058.5393276714299,1213.8618995655484,1157.8428,1117.5910618913217,98.47067232857012
25,53,1188.7282173097724,84,29,3,6,0.8040841235943879,0.0628586812931273,6,0.2825187916508322,Tech,West,M,Growers,CUST_00811,22.42883428886363,2.083333333333333,25.44,3,4,3,10,0.7676021184332569,0.2323978815667431,924.09,High,816.336649811842,765.351646484042,890.50543,827.1773035304686,107.75335018815804
24,44,800.0,57,26,3,9,0.4079466965700018,0.0674182206652928,1,0.1039118294855165,Sports,South,F,Growers,CUST_01090,18.181818181818183,2.0,22.0,4,4,3,11,0.8024077777109755,0.1975922222890245,659.12,Medium,729.1410160478712,900.9102739611418,671.04987,741.9447632085664,70.02101604787117
55,194,3098.119379947291,4,36,4,9,0.6494744142436928,0.0398284866566561,2,0.1458692085041853,Home,South,M,Champions,CUST_00200,15.9696875255015,4.583333333333333,42.32727272727273,5,5,5,15,0.95,0.05,4732.85,Very High,6750.484291631393,7025.746373368982,4903.178,6182.300832435351,2017.6342916313924
78,145,7010.967072226058,5,30,3,8,0.5996510580697189,0.0277118438644177,2,0.0711236918818619,Luxury,West,M,Champions,CUST_00284,48.35149704983488,6.5,22.307692307692307,5,5,5,15,0.95,0.05,8698.38,Very High,8170.8422054513185,4126.535254472469,8420.118,7191.984731715927,527.5377945486807
26,188,9803.284206785524,29,33,4,8,0.3650403349144734,0.0374337394060736,0,0.0550197480969402,Home,West,M,Champions,CUST_00232,52.14512875949747,2.1666666666666665,86.76923076923077,4,5,5,14,0.9133984399605368,0.086601560039463,18109.03,Very High,11992.849637139418,48951.66126767367,17582.318,17821.346056891765,6116.180362860581
1,2,97.91141341611292,268,71,1,6,0.3478598726073261,0.3641383862691597,2,0.5072326215802931,Pharmacy,East,M,Hibernating,CUST_02731,48.95570670805645,0.0833333333333333,24.0,1,1,1,3,0.1912349091784027,0.8087650908215973,521.96,Medium,348.26043439555815,67.67487895674957,506.85623,281.2646747492905,173.6995656044419
14,2,68.57183561714416,296,74,1,4,0.4393508554690466,0.4109145187009633,7,0.4193746102759649,Grocery,West,M,Hibernating,CUST_02862,34.28591780857208,1.1666666666666667,1.7142857142857142,1,1,1,3,0.1966573571224242,0.8033426428775758,20.34,Low,25.178531969601252,32.00736004437392,21.871344,25.331906944062833,4.838531969601252
54,150,8964.125688791184,17,38,4,8,0.7216630838939415,0.0217742559036562,1,0.1346932824277528,Electronics,East,F,Champions,CUST_00097,59.76083792527456,4.5,33.333333333333336,5,5,5,15,0.95,0.05,13801.57,Very High,12168.4438523518,11312.474588384322,12666.361,12137.373621612378,1633.1261476481995
13,5,565.2958612610789,139,57,2,6,0.5635273051206746,0.2518822893773762,12,0.3301799741918654,Pharmacy,East,M,At-Risk,CUST_01588,113.0591722522158,1.0833333333333333,4.615384615384616,2,1,3,6,0.2617208103631563,0.7382791896368437,182.93,Low,209.4372270602297,180.62027866101246,199.01137,200.23827896671807,26.507227060229695
5,6,122.322993588791,213,63,2,2,0.2922236499177726,0.4277623093139135,2,0.41294426584379,Grocery,West,M,Hibernating,CUST_02570,20.387165598131837,0.4166666666666667,14.4,1,2,1,4,0.3221203381912851,0.6778796618087148,140.28,Low,139.55002131169636,60.4555998009371,143.36583,119.07900433741624,0.7299786883036461
12,7,389.82833720316125,129,68,2,7,0.4013203102366514,0.2734697377074715,3,0.3976638624922487,Grocery,South,M,At-Risk,CUST_01607,55.68976245759446,1.0,7.0,2,2,2,6,0.3918025088925358,0.6081974911074641,226.48,Medium,188.16218342865005,123.19806489314007,217.80684,180.65962872126326,38.31781657134994
14,18,1107.6709421099129,49,32,2,9,0.554396014900298,0.0979530552721288,7,0.222318056474402,Clothing,South,F,Growers,CUST_00677,61.53727456166183,1.1666666666666667,15.428571428571429,4,3,3,10,0.7163784588425632,0.2836215411574367,1314.5,High,1127.3134986310706,857.8219771363451,1277.4275,1108.1706718870305,187.18650136892938
44,19,274.3536421586288,93,62,2,6,0.2059327369818323,0.2279155119697036,5,0.3327570112800019,Grocery,South,F,At-Risk,CUST_01861,14.439665376769934,3.6666666666666665,5.181818181818182,3,3,2,8,0.5255031925073714,0.4744968074926285,47.51,Low,60.593022553166804,86.93493957999787,50.04631,61.51545469466024,13.083022553166806
23,6,61.923658148923806,294,65,1,5,0.3013285036981551,0.3930263195892763,16,0.4046048857353262,Grocery,East,F,Hibernating,CUST_02782,10.3206096914873,1.9166666666666667,3.130434782608696,1,2,1,4,0.295369058740643,0.704630941259357,16.97,Low,18.050463959287477,32.14561700738218,16.912426,19.89220817151785,1.0804639592874778
23,5,62.39495498851222,209,20,2,2,0.2846339996248586,0.2991111419806445,16,0.691727777403202,Pharmacy,East,M,Hibernating,CUST_02864,12.478990997702445,1.9166666666666667,2.608695652173913,1,1,1,3,0.2515058925045231,0.7484941074954768,18.97,Low,17.97988241795214,22.71811169866758,17.771145,18.77925974782659,0.9901175820478585
10,5,44.36455356375232,333,60,2,2,0.1323064739294314,0.421475613073077,14,0.4743595075923617,Pharmacy,East,F,Hibernating,CUST_02588,8.872910712750464,0.8333333333333334,6.0,1,1,1,3,0.1440537861511991,0.8559462138488009,19.77,Low,21.810552171176,30.891849815659665,19.933521,22.7714972698426,2.0405521711759995
13,39,840.9401727026336,38,54,3,9,0.7527170925472757,0.1145604112844627,3,0.3468989436283202,Sports,West,F,Growers,CUST_01400,21.56256853083676,1.0833333333333333,36.0,4,4,3,11,0.8008263207067277,0.1991736792932723,1081.58,High,1421.826017164829,1430.4091833496393,1164.7784,1340.8794063521284,340.246017164829
33,37,800.0,44,41,2,8,0.818869379758882,0.0911484712119158,7,0.1511115917664157,Clothing,North,F,Growers,CUST_01371,21.62162162162162,2.75,13.454545454545457,4,4,3,11,0.7072695344550795,0.2927304655449205,363.28,Medium,495.7380013074768,487.06468395975213,387.5928,458.8409464083118,132.45800130747682
63,92,4646.445199270385,23,35,3,8,0.533154878070085,0.0720327240490541,3,0.005889757747299,Luxury,East,F,Champions,CUST_00105,50.50483912250419,5.25,17.523809523809526,5,5,5,15,0.9347268988863412,0.0652731011136587,3968.66,Very High,5587.688833726119,3490.5426010840088,4178.767,4661.341682824824,1619.028833726119
30,13,557.9416263706232,133,63,2,7,0.5995766282273811,0.1780800263571491,8,0.4937700781567756,Clothing,North,F,At-Risk,CUST_02088,42.918586643894095,2.5,5.2,2,2,3,7,0.4403830443839025,0.5596169556160975,123.44,Low,153.95292584459418,142.34201431649257,137.61757,146.54350060395774,30.51292584459418
49,131,5950.187755171764,15,55,4,10,0.7491932332920175,0.0453987720646961,2,0.0014741328854681,Electronics,North,M,Champions,CUST_00600,45.42128057383026,4.083333333333333,32.08163265306123,5,5,5,15,0.95,0.05,11715.58,Very High,9930.53865439672,8079.097796988075,11222.935,9885.330982887695,1785.0413456032802
39,15,492.06220672476354,72,43,2,7,0.283213438852421,0.2900379233994797,7,0.4442644496732744,Clothing,South,M,At-Risk,CUST_01757,32.80414711498424,3.25,4.615384615384615,3,3,2,8,0.6911036432769271,0.3088963567230729,227.33,Medium,127.9600969767778,149.71426367667334,140.40697,135.77282965104064,99.36990302322221
19,48,1335.5741400050515,47,50,3,7,0.5850290180230802,0.1042773502159803,5,0.3070807421604606,Sports,North,F,Growers,CUST_01324,27.82446125010524,1.5833333333333333,30.31578947368421,4,4,4,12,0.8216221555212156,0.1783778444787843,1424.41,High,1583.1114995734697,2201.4262721234973,1523.9344,1671.817485263315,158.70149957346962
34,42,1563.6685018931462,51,38,2,9,0.5254461881769257,0.1303094575880635,7,0.1384362579989465,Clothing,South,M,Growers,CUST_00643,37.23020242602729,2.833333333333333,14.823529411764705,4,4,4,12,0.8265297832444662,0.1734702167555337,996.9,High,1144.020798986943,1268.268964027281,984.3231,1116.354595233412,147.120798986943
34,22,1508.2736292685688,47,35,3,8,0.4066156395968091,0.0966715322403902,7,0.2532138403913296,Tech,West,M,Growers,CUST_00701,68.5578922394804,2.833333333333333,7.764705882352941,4,3,4,11,0.646175897505255,0.353824102494745,492.96,Medium,704.2205426693404,742.7978390642496,596.3999,677.1613596573551,211.2605426693404
50,66,6612.02830823645,28,56,4,8,0.7290116355036146,0.0352752308438726,3,0.08664196209557,Electronics,South,M,Champions,CUST_00227,100.18224709449169,4.166666666666667,15.839999999999998,4,5,5,14,0.8807447311577774,0.1192552688422226,4289.93,Very High,5051.513214930731,4470.7265911404575,3803.4185,4527.300728894861,761.5832149307307
26,15,200.0,78,58,2,7,0.2018486620136027,0.1069702723279173,6,0.6387031722349378,Pharmacy,East,F,At-Risk,CUST_01698,13.333333333333334,2.1666666666666665,6.923076923076923,3,3,2,8,0.5633681908976194,0.4366318091023806,98.89,Low,106.20950369060219,136.5069476448958,94.24625,107.75168033397868,7.31950369060219
8,14,1287.593630842449,19,30,3,8,0.4387977909880745,0.0833073296052941,7,0.2330996718067282,Sports,West,F,Growers,CUST_01011,91.97097363160351,0.6666666666666666,21.0,5,3,4,12,0.7467279130224708,0.2532720869775292,2464.83,High,2512.032991158637,2791.0753723245175,2505.6072,2563.545878038213,47.202991158636905
34,10,800.0,99,59,2,4,0.2931830107291091,0.1863657991930472,13,0.4665145215006761,Clothing,North,M,At-Risk,CUST_01573,80.0,2.833333333333333,3.5294117647058822,3,2,3,8,0.5331946563048068,0.4668053436951932,199.74,Low,182.06368548105522,234.0131174311209,206.06941,198.6890996698416,17.676314518944793
9,53,1883.1881067464144,57,51,2,7,0.534605028937811,0.0930920564350997,2,0.1473334383742676,Sports,West,F,Growers,CUST_00777,35.53185107068707,0.75,70.66666666666667,4,4,4,12,0.8432257932884341,0.1567742067115659,7143.49,Very High,4816.996779116559,6924.249123290818,6817.979,5748.580823594387,2326.4932208834407
30,15,800.0,147,56,1,5,0.3423761901599006,0.2800899972347346,3,0.3652200080034824,Clothing,South,F,At-Risk,CUST_01731,53.333333333333336,2.5,6.0,2,3,3,8,0.5199468597083724,0.4800531402916276,254.39,Medium,219.34498708770528,213.11980141020186,238.98743,223.77060809357067,35.04501291229471
8,7,127.00242641355374,253,65,1,4,0.2776191371351975,0.219511537916358,5,0.4746234062707527,Pharmacy,North,M,Hibernating,CUST_02827,18.14320377336482,0.6666666666666666,10.5,1,2,1,4,0.2585966403387006,0.7414033596612993,104.27,Low,88.18801698585757,47.55029799669371,103.45502,81.80764495546754,16.081983014142423
46,11,508.98653340638464,86,30,2,5,0.2626102837692393,0.2438542607577408,7,0.4952132985940843,Clothing,South,M,At-Risk,CUST_02229,46.27150303694406,3.8333333333333335,2.869565217391304,3,2,2,7,0.5165365017548731,0.4834634982451269,83.91,Low,93.89708037898849,83.014100412856,87.7358,89.7666993597393,9.987080378988495
21,1,60.07947813874184,234,31,2,2,0.466249512426714,0.2643855308626075,8,0.8077967364382335,Pharmacy,East,F,Hibernating,CUST_02795,60.07947813874184,1.75,0.5714285714285714,1,1,1,3,0.1043660799267171,0.8956339200732828,12.39,Low,20.126927674741687,22.385925645894385,14.751012,18.74247710945483,7.736927674741686
65,169,8576.318638743305,8,39,4,8,0.6802878212276411,0.0388595809482165,1,0.0009275733961345,Electronics,West,F,Champions,CUST_00465,50.74744756652844,5.416666666666667,31.2,5,5,5,15,0.95,0.05,9482.77,Very High,9841.96861683254,8345.019301878941,9319.146,9367.83830446399,359.1986168325402
8,6,51.39684904343399,279,55,1,1,0.1222880927914853,0.4936742969484596,18,0.8644367914299536,Pharmacy,North,F,Hibernating,CUST_02652,8.566141507238997,0.6666666666666666,9.0,1,2,1,4,0.2350924912181281,0.7649075087818719,39.78,Low,33.87827137019384,41.609683380566416,32.74457,34.945153731974784,5.901728629806158
31,35,1643.7444904282706,74,49,3,7,0.5343637347323955,0.1486362901696881,6,0.3036990431649939,Sports,East,F,Growers,CUST_01094,46.96412829795059,2.583333333333333,13.548387096774192,3,4,4,11,0.6439770508780768,0.3560229491219232,751.73,Medium,729.7511738515152,738.0047342915844,661.76935,710.2511537578289,21.978826148484814
9,25,901.2234902733982,68,38,3,8,0.4321618486166428,0.1100667267705605,3,0.1059515108145857,Clothing,North,F,Growers,CUST_01272,36.048939610935925,0.75,33.333333333333336,3,3,3,9,0.6057646134785096,0.3942353865214903,975.02,High,1040.8156427973597,739.4738369428717,1004.3789,961.7118887030895,65.79564279735973
5,6,200.0,236,43,2,1,0.1312524171756223,0.3029846377661632,19,0.8519447182846724,Pharmacy,South,M,Hibernating,CUST_02924,33.333333333333336,0.4166666666666667,14.4,1,2,2,5,0.3102079780121022,0.6897920219878977,230.6,Medium,193.799214901522,105.39248704452163,229.28445,180.49105419933673,36.800785098478
47,10,677.4965435193243,119,38,1,4,0.3009222124402364,0.2921512569982941,3,0.356602120360106,Pharmacy,South,M,At-Risk,CUST_01581,67.74965435193243,3.9166666666666665,2.5531914893617023,2,2,3,7,0.3963625700774107,0.6036374299225893,95.59,Low,115.03972466890801,95.52605510178638,99.84032,106.23154439735102,19.449724668908004
14,42,800.0,89,35,3,9,0.8387395979544163,0.0827259945169532,2,0.2590870313167641,Sports,West,F,Growers,CUST_01208,19.047619047619047,1.1666666666666667,36.0,3,4,3,10,0.6444936029508851,0.3555063970491149,535.27,Medium,895.494720971687,830.8972489285542,575.0025,772.4195352797858,360.224720971687
51,69,10956.265777757582,25,48,4,9,0.7440590944670179,0.0626727836310546,0,0.0092919777868481,Home,North,F,Champions,CUST_00213,158.78646054721133,4.25,16.235294117647058,4,5,5,14,0.95,0.05,16310.83,Very High,14611.026670092873,10688.774432635277,16780.176,14307.55357457081,1699.8033299071267
34,62,5817.323976878913,21,36,3,10,0.776407508501253,0.0516393165651336,0,0.1025805187363547,Luxury,South,F,Champions,CUST_00013,93.82780607869212,2.833333333333333,21.88235294117647,5,5,5,15,0.9157025399465376,0.0842974600534625,9573.11,Very High,9277.030872858923,8621.498584939902,9304.864,9150.275147632328,296.07912714107806
22,3,97.28446644189071,235,27,1,4,0.3944274768091927,0.4621205908860317,7,0.518317518718235,Grocery,West,M,Hibernating,CUST_02973,32.42815548063024,1.8333333333333333,1.6363636363636365,1,1,1,3,0.1258365504775777,0.8741634495224222,18.63,Low,23.945180684278675,20.256318775429147,19.289886,21.707787709676676,5.315180684278676
44,75,10795.857639301938,8,50,4,9,0.3926351776916618,0.0187884852928933,4,0.0908845222769224,Electronics,North,M,Champions,CUST_00423,143.94476852402585,3.6666666666666665,20.454545454545457,5,5,5,15,0.95,0.05,20899.74,Very High,19070.39780002378,15443.195720669333,19690.838,18458.93875476756,1829.3421999762213
24,11,800.0,183,23,2,7,0.3247083149664481,0.2766366980705466,14,0.3744886437844461,Grocery,South,M,At-Risk,CUST_01689,72.72727272727273,2.0,5.5,2,2,3,7,0.3367883009077806,0.6632116990922194,173.49,Low,193.16359694674395,167.28613552574498,177.85704,183.0964563487427,19.67359694674394
20,19,783.0207716853911,73,42,2,4,0.3978270498152569,0.2848814241433975,8,0.3989774475926448,Clothing,East,F,At-Risk,CUST_01780,41.21161956238901,1.6666666666666667,11.4,3,3,3,9,0.6611312638137963,0.3388687361862037,474.88,Medium,418.1993733323748,431.2456180988602,474.53235,437.0366842811248,56.68062666762518
20,3,52.75190940039285,207,24,2,1,0.184951825642028,0.2930758058751472,11,0.4357733423081327,Grocery,East,F,Hibernating,CUST_02640,17.58396980013095,1.6666666666666667,1.7999999999999998,1,1,1,3,0.1410892682293542,0.8589107317706457,11.85,Low,14.83688537202891,19.02715055110117,11.677176,14.526211497952575,2.98688537202891
17,7,200.0,212,49,2,4,0.2098258708897252,0.3983498927803329,8,0.9382766750015168,Grocery,South,M,Hibernating,CUST_02320,28.571428571428573,1.4166666666666667,4.941176470588235,1,2,2,5,0.3778513576105156,0.6221486423894844,66.12,Low,69.34213332123014,75.95196817466169,69.862724,70.77564127244331,3.2221333212301317
15,56,1013.7310272593276,42,51,2,8,0.5999162296751026,0.1338534907653736,6,0.2951794989266305,Sports,West,F,Growers,CUST_00638,18.10233977248799,1.25,44.8,4,4,3,11,0.8517561082885787,0.1482438917114212,2155.72,High,1862.4091653372202,1911.0447508718569,2139.1794,1951.4900801388114,293.3108346627796
14,27,1370.772629036301,59,28,2,8,0.7459405230918749,0.0744204473187948,5,0.1201108000523335,Sports,North,F,Growers,CUST_01279,50.76935663097411,1.1666666666666667,23.142857142857142,4,3,4,11,0.7617527867753792,0.2382472132246208,1959.8,High,1652.190535890011,1834.6904976162336,1871.0352,1751.3289365045443,307.60946410998895
31,18,484.3234649817062,66,41,2,7,0.4357725932002427,0.2698823606469657,14,0.5442730112819523,Clothing,East,M,At-Risk,CUST_01641,26.906859165650346,2.583333333333333,6.967741935483871,3,3,2,8,0.6943552991476623,0.3056447008523377,185.63,Low,167.44198124505647,178.86172042278054,189.34087,176.0404774076779,18.188018754943528
39,128,10560.650807468604,25,36,4,8,0.3095777427756264,0.0662108317068424,4,0.0972446290948202,Electronics,North,M,Champions,CUST_00510,82.50508443334847,3.25,39.38461538461539,4,5,5,14,0.9040613962047884,0.0959386037952116,11476.22,Very High,10779.790854993538,14917.02970176521,11684.468,11784.864765229117,696.4291450064611
26,166,8475.177108504413,26,46,4,8,0.5833026294527315,0.0687402625649526,2,0.0091358314852774,Electronics,South,F,Champions,CUST_00598,51.05528378617116,2.1666666666666665,76.61538461538463,4,5,5,14,0.8493512702090021,0.1506487297909978,9148.43,Very High,7341.298970443152,28319.18172767245,8801.317,10154.804969085579,1807.1310295568483
16,2,190.40391264259625,235,28,1,5,0.2332489456973295,0.212429373838531,18,0.7715459322296674,Pharmacy,South,F,Hibernating,CUST_02713,95.20195632129813,1.3333333333333333,1.5,1,1,2,4,0.1948496062115679,0.8051503937884321,47.28,Low,59.52139839352585,63.71111381950159,52.4019,58.076847733481145,12.241398393525849
4,1,91.89717351464353,286,18,2,2,0.2998346612487569,0.300614482468073,18,0.4979004536574685,Pharmacy,East,M,Hibernating,CUST_02635,91.89717351464353,0.3333333333333333,3.0,1,1,1,3,0.1716667197295519,0.8283332802704482,94.47,Low,104.89778065568113,52.049630471112415,103.216606,90.78273877936842,10.427780655681133
1,3,62.64275680032557,294,49,2,3,0.2188554478271868,0.4230268694260759,4,0.5310902963388952,Grocery,South,M,Hibernating,CUST_02365,20.88091893344185,0.0833333333333333,36.0,1,1,1,3,0.1645404363743139,0.8354595636256861,381.93,Medium,250.0925040986686,71.1292087766883,366.32874,218.30856083343247,131.8374959013314
13,6,77.91739820403015,226,28,2,3,0.1291006101106527,0.3366947362966939,4,0.8678444630725113,Grocery,West,M,Hibernating,CUST_02644,12.986233034005023,1.0833333333333333,5.538461538461539,1,2,1,4,0.3075426718403416,0.6924573281596584,30.99,Low,32.212023394502665,39.99072107747514,32.12518,33.612444767988684,1.222023394502667
55,71,13662.94779244538,15,57,4,10,0.7666025438796531,0.0402940039039273,2,0.0874658635919847,Luxury,South,F,Champions,CUST_00519,192.4358844006392,4.583333333333333,15.490909090909092,5,5,5,15,0.95,0.05,25201.38,Very High,18075.154576809946,18868.528853087475,23301.51,19674.51504869765,7126.225423190055
9,5,108.30184853154933,358,71,1,1,0.2885516243791173,0.3055421662130413,16,0.5322845952898503,Pharmacy,West,F,Hibernating,CUST_02794,21.66036970630986,0.75,6.666666666666667,1,1,1,3,0.1623895157841501,0.8376104842158498,49.31,Low,56.017266254689055,37.27539562825177,52.251217,50.58055286884444,6.707266254689053
46,108,8222.136491394518,20,46,4,10,0.6455279063696309,0.0770562101948296,2,0.0817201627914147,Home,West,M,Champions,CUST_00574,76.13089343883813,3.8333333333333335,28.173913043478255,5,5,5,15,0.95,0.05,16573.91,Very High,15314.846498514937,10768.027078919555,15431.321,14305.560591994132,1259.0635014850632
19,6,165.4372704530711,319,64,1,3,0.1909292900357923,0.4174818321831366,17,0.8353541454017053,Pharmacy,South,M,Hibernating,CUST_02726,27.572878408845185,1.5833333333333333,3.789473684210527,1,2,2,5,0.3274489232101852,0.6725510767898147,51.89,Low,58.44369719721306,73.36347341381406,54.118095,59.7733397376946,6.5536971972130615
15,41,2500.0,57,43,3,7,0.7840369929053099,0.1374086712527437,2,0.2920912481731501,Tech,South,F,Growers,CUST_01098,60.97560975609756,1.25,32.8,4,4,4,12,0.8478208603296349,0.1521791396703651,4483.51,Very High,3536.898287938239,3556.5354483953047,4547.4624,3818.107978939502,946.6117120617614
24,5,378.0527014091338,97,28,2,5,0.4688535520256451,0.2267683729709912,6,0.4147225748284804,Pharmacy,South,F,At-Risk,CUST_01948,75.61054028182676,2.0,2.5,3,1,2,6,0.3198538043404505,0.6801461956595495,128.5,Low,104.70184664658527,90.81944954770475,122.462975,106.66865543963596,23.798153353414733
6,30,1637.629426599109,38,48,3,8,0.8862422811380797,0.1445553343767452,6,0.3036269920326329,Sports,West,F,Growers,CUST_01449,54.58764755330363,0.5,60.0,4,4,4,12,0.784839945683573,0.215160054316427,4414.17,Very High,3964.1224878285566,5137.928216751529,4656.3784,4381.736445037935,450.0475121714435
15,18,707.9823758119715,172,67,2,4,0.3428141370435554,0.1486126383025023,11,0.6807349741667234,Pharmacy,South,M,At-Risk,CUST_01585,39.33235421177619,1.25,14.4,2,3,3,8,0.4929328397262648,0.5070671602737352,427.43,Medium,365.57767825346775,309.26274392925177,442.43958,374.3870650028519,61.852321746532255
13,4,152.3681634299579,234,31,2,3,0.4059428196420165,0.3802527138966272,2,0.5512915552352895,Grocery,South,F,Hibernating,CUST_02597,38.09204085748947,1.0833333333333333,3.692307692307693,1,1,1,3,0.1408739988886184,0.8591260011113816,62.26,Low,52.1775314019916,28.26038044146211,62.86702,48.854354720428276,10.082468598008397
30,42,2049.125319848147,33,41,3,6,0.5221150585047921,0.1070349428008761,2,0.2546492403752753,Tech,North,F,Growers,CUST_00965,48.78869809162254,2.5,16.8,4,4,4,12,0.7940147133479651,0.2059852866520348,2303.52,High,1395.1011883527362,1460.2133972288243,1463.087,1428.128599123776,908.4188116472637
27,37,1101.7627478199522,21,44,2,7,0.4613552219650906,0.1389226593663421,6,0.1199408563627677,Sports,West,M,Growers,CUST_01019,29.77737156270141,2.25,16.444444444444443,5,4,3,12,0.9073997804770014,0.0926002195229985,1574.68,High,2023.8921720230517,1226.3618343629269,1625.1267,1714.306702931947,449.2121720230516
18,7,61.77294839978339,270,51,1,6,0.3881761255368443,0.2336084465939996,15,0.8379787488522723,Pharmacy,North,M,Hibernating,CUST_02909,8.82470691425477,1.5,4.666666666666667,1,2,1,4,0.3259417272640495,0.6740582727359505,19.47,Low,21.379961975576766,37.74656281043875,20.980068,23.841913495315005,1.909961975576767
42,117,8202.529932014786,28,38,3,10,0.6369971040728653,0.0565539192304641,3,0.0616097315236518,Luxury,East,F,Champions,CUST_00359,70.10709343602382,3.5,33.42857142857143,4,5,5,14,0.9038579012815836,0.0961420987184165,9642.44,Very High,9195.400143108742,9104.493726763847,9348.096,9222.60248879433,447.03985689125875
15,38,2500.0,44,40,3,9,0.8839847227601274,0.1456727627914462,4,0.3430649504354276,Clothing,East,M,Growers,CUST_00737,65.78947368421052,1.25,30.4,4,4,4,12,0.7559525295001223,0.2440474704998777,2783.41,Very High,2584.366512639244,2744.306710902395,2844.9287,2692.0630727693588,199.043487360756
40,6,606.0177200877505,108,28,1,4,0.282007689948836,0.2739982737829189,13,0.3999292852344467,Clothing,South,F,At-Risk,CUST_01785,101.0029533479584,3.333333333333333,1.7999999999999998,3,2,3,8,0.6006015013785924,0.3993984986214076,148.63,Low,144.7912942904416,255.31977580056918,147.63951,163.15818384492474,3.8387057095583828
35,11,469.30490675715225,192,62,2,5,0.3155298602319304,0.2835388306790047,11,0.4889055856014859,Clothing,South,F,At-Risk,CUST_01609,42.66408243246838,2.9166666666666665,3.771428571428572,2,2,2,6,0.4414563385810799,0.5585436614189201,116.4,Low,99.3200027613772,81.39977167235834,104.257706,96.84872145864544,17.07999723862281
72,89,8435.660088766632,28,50,4,8,0.7645697600077314,0.0504464935175759,3,0.1445527783030573,Luxury,West,M,Champions,CUST_00260,94.78269762659136,6.0,14.833333333333334,4,5,5,14,0.9276359872324934,0.0723640127675065,6533.53,Very High,8328.585382770334,3763.8079353426156,7084.7627,6768.806279079762,1795.0553827703343
13,7,108.48910573211104,255,70,2,1,0.3310443618295001,0.4195718377312893,15,0.4662837556328464,Pharmacy,South,M,Hibernating,CUST_02772,15.498443676015862,1.0833333333333333,6.461538461538462,1,2,1,4,0.3502415628505468,0.6497584371494531,47.19,Low,45.116473048005844,47.394180704727894,48.10243,46.44796429654609,2.073526951994154
19,4,93.68860394401368,245,70,1,5,0.31637449727923,0.2297120995526457,5,0.7163987228385758,Pharmacy,North,M,Hibernating,CUST_02643,23.422150986003423,1.5833333333333333,2.5263157894736845,1,1,1,3,0.2122304585905238,0.7877695414094761,29.32,Low,27.19456216627353,26.113050843339096,27.983181,27.207344158154843,2.125437833726469
21,4,49.5275429404881,302,31,1,3,0.358016804896317,0.2593985184970448,6,0.9974685353008852,Pharmacy,North,M,Hibernating,CUST_02743,12.381885735122024,1.75,2.2857142857142856,1,1,1,3,0.2643150442760977,0.7356849557239022,14.24,Low,14.588186773052032,28.711702082197522,14.143548,16.581325208435693,0.3481867730520314
3,5,72.17988489834202,356,28,1,2,0.4861584475925646,0.3983256401506962,9,0.5775662527956962,Grocery,North,F,Hibernating,CUST_02384,14.435976979668403,0.25,20.0,1,1,1,3,0.2028435975142882,0.7971564024857117,120.95,Low,114.00575614936629,58.222881410813685,118.6885,100.92329545457277,6.944243850633711
33,34,1270.3235877714617,62,26,3,9,0.5906328595445236,0.0917702176678605,3,0.3326778055831358,Sports,East,F,Growers,CUST_01030,37.36245846386652,2.75,12.363636363636363,4,4,4,12,0.8000873730137092,0.1999126269862907,766.19,Medium,907.9417869549175,1136.8994848634632,792.3245,911.6917743569076,141.7517869549174
11,2,66.03874567669695,361,71,1,6,0.2671750827703661,0.4842404511132082,18,0.8540748056471772,Pharmacy,North,F,Hibernating,CUST_02409,33.019372838348474,0.9166666666666666,2.181818181818182,1,1,1,3,0.2317614239395602,0.7682385760604398,28.61,Low,30.59482193723369,40.52686955446084,29.714865,32.08860140498152,1.98482193723369
33,47,2500.0,26,29,2,8,0.8807337295255051,0.1016231009416914,2,0.1090630793786987,Tech,North,F,Growers,CUST_00970,53.191489361702125,2.75,17.09090909090909,4,4,4,12,0.8788178773145462,0.1211821226854538,2927.34,Very High,2608.1008130618493,1784.2061155950937,2748.4092,2455.715881755726,319.23918693815085
8,7,34.47065962763303,326,22,1,6,0.2706363780743739,0.4057446299365302,11,0.6596835247302926,Grocery,East,M,Hibernating,CUST_02991,4.924379946804719,0.6666666666666666,10.5,1,2,1,4,0.3756024307644653,0.6243975692355346,27.46,Low,29.831909172886665,63.979226456271505,27.442457,33.93375575647126,2.3719091728866637
7,47,1557.8514289942043,26,42,2,6,0.4585536157526389,0.0849997522857618,1,0.3050862537618826,Sports,East,F,Growers,CUST_00820,33.14577508498307,0.5833333333333334,80.57142857142857,4,4,4,12,0.8296423799129998,0.1703576200870001,4888.38,Very High,4206.101750490337,7497.892653719241,4985.7646,4968.773462338771,682.2782495096635
12,7,42.42258761311133,211,61,1,2,0.3227732675228186,0.4022203682053131,12,0.5751189900398366,Grocery,East,M,Hibernating,CUST_02717,6.060369659015905,1.0,7.0,1,2,1,4,0.32583059292884,0.67416940707116,18.16,Low,21.604860307790066,40.335326273589864,19.191605,23.65564953321365,3.4448603077900657
19,7,143.36696669240763,297,35,1,6,0.4730924342037949,0.3333878790836233,5,0.7538757999070751,Pharmacy,North,M,Hibernating,CUST_02326,20.48099524177252,1.5833333333333333,4.421052631578948,1,2,1,4,0.3348021205548243,0.6651978794451757,50.53,Low,42.205484601384036,43.28865120970318,46.41272,43.64742235234114,8.324515398615965
75,139,4762.824309834373,21,41,4,8,0.7603698251713177,0.0139816978444352,2,0.0474685696311624,Electronics,North,M,Champions,CUST_00457,34.26492309233362,6.25,22.24,5,5,5,15,0.95,0.05,4942.55,Very High,5851.183062447935,3364.992530562159,4952.2544,4982.664205225472,908.6330624479351
41,190,6634.985171052478,15,40,4,9,0.534034527117145,0.0629377653995704,1,0.0856280904418142,Electronics,East,M,Champions,CUST_00463,34.92097458448673,3.4166666666666665,55.609756097560975,5,5,5,15,0.95,0.05,10051.28,Very High,12808.646928031834,18644.720203192406,10839.343,13133.011859610006,2757.3669280318336
8,6,44.04983577667839,284,22,1,3,0.3224073105843809,0.4847752458904393,10,0.7852983932234245,Pharmacy,North,M,Hibernating,CUST_02345,7.341639296113065,0.6666666666666666,9.0,1,2,1,4,0.2881707957998075,0.7118292042001926,27.12,Low,28.816239429342314,47.90160766438986,27.468372,31.463839714082738,1.696239429342313
8,3,49.70442459640925,219,49,2,4,0.2471265004324144,0.3149459467934211,3,0.9733183857657248,Grocery,South,M,Hibernating,CUST_02689,16.568141532136416,0.6666666666666666,4.5,1,1,1,3,0.2659030644918695,0.7340969355081304,34.32,Low,32.77307303175169,36.049952971109704,34.05998,33.79255749843881,1.5469269682483073
52,64,4921.601370818334,24,57,4,9,0.7111906055926771,0.0159539469842468,4,0.0103130859633731,Electronics,West,F,Champions,CUST_00382,76.90002141903646,4.333333333333333,14.76923076923077,4,5,5,14,0.9171497557035652,0.0828502442964347,4652.31,Very High,6110.517505870587,3386.112621724616,4768.762,5040.84536803187,1458.2075058705868
17,4,504.9797735968245,189,50,2,5,0.37489145266446,0.2446551880981542,8,0.5131037090573897,Clothing,South,M,At-Risk,CUST_01892,126.24494339920612,1.4166666666666667,2.8235294117647056,2,1,2,5,0.3325465811249974,0.6674534188750025,180.21,Low,157.44917032712902,132.99233663015815,179.96458,158.45534096107394,22.760829672870983
41,18,292.3916336220328,90,67,2,5,0.5712559124487694,0.2575756203406507,4,0.6526727983257076,Clothing,North,F,At-Risk,CUST_01833,16.24397964566849,3.4166666666666665,5.2682926829268295,3,3,2,8,0.6690974660766997,0.3309025339233002,85.47,Low,91.87277953265269,128.88075103453602,88.72183,97.29301095476022,6.402779532652687
11,5,123.50082732281004,298,43,1,2,0.3408126384565234,0.3369997141230019,9,0.4715871481101805,Pharmacy,East,F,Hibernating,CUST_02309,24.70016546456201,0.9166666666666666,5.454545454545455,1,1,1,3,0.2373531125045339,0.762646887495466,49.55,Low,53.5411285780274,38.67274826716284,58.97223,51.655726107705476,3.9911285780274
44,9,384.2393274774,76,32,2,4,0.4839820420919318,0.149648506436222,12,0.5295419331608924,Pharmacy,North,F,At-Risk,CUST_01507,42.6932586086,3.6666666666666665,2.4545454545454546,3,2,2,7,0.545799778157642,0.454200221842358,70.82,Low,78.43402221379867,85.92630542178641,73.04166,78.19109973963764,7.614022213798677
6,12,1494.8188964906712,84,30,3,7,0.6946881863240586,0.107830762947058,3,0.2634511648460826,Sports,South,M,Growers,CUST_00806,124.5682413742226,0.5,24.0,3,2,4,9,0.4805290733358789,0.5194709266641211,2405.7,High,1448.3567528634464,1275.8937192503618,2314.8574,1625.4181078297624,957.3432471365534
8,6,30.326283866281788,285,74,1,5,0.4675784301888436,0.3900466855513126,8,0.5655100750895323,Pharmacy,East,M,Hibernating,CUST_02439,5.054380644380298,0.6666666666666666,9.0,1,2,1,4,0.374915577187484,0.625084422812516,29.75,Low,28.59576059109503,58.07576274742293,29.167868,33.17905143889393,1.1542394089049708
14,20,1439.1883348456993,29,31,3,8,0.7540056654356448,0.1117934455511293,6,0.2578683917831875,Sports,East,F,Growers,CUST_00757,71.95941674228496,1.1666666666666667,17.142857142857142,4,3,4,11,0.7347843355538062,0.2652156644461938,1775.37,High,1632.2766226256072,1628.3661052616883,1696.6606,1650.5392187111997,143.09337737439273
15,3,33.54544231459017,305,70,1,6,0.2652538085325397,0.289487803529233,7,0.8015148332845834,Grocery,West,M,Hibernating,CUST_02516,11.18181410486339,1.25,2.4,1,1,1,3,0.2063032858920249,0.7936967141079752,12.74,Low,14.431813811353493,28.63917479802034,12.276903,15.807795471822534,1.6918138113534926
22,19,1130.1152750274955,36,35,3,7,0.5205326651661617,0.0693633425380213,4,0.1152865452619215,Sports,West,F,Growers,CUST_01254,59.47975131723662,1.8333333333333333,10.363636363636363,4,3,3,10,0.755053719344655,0.2449462806553449,1008.83,High,737.2369841228146,704.4136409098828,790.1916,745.9150060390891,271.5930158771854
9,15,2500.0,80,40,3,9,0.744736949703382,0.1460737838899471,3,0.1678651657552477,Sports,West,F,Growers,CUST_00870,166.66666666666666,0.75,20.0,3,3,4,10,0.729391524888025,0.270608475111975,3644.12,Very High,2866.9602025493573,2977.880814219726,3789.4683,3140.9921055833574,777.1597974506426
20,6,225.3689142514388,99,26,2,5,0.431891754849202,0.106753115444093,10,0.5288135064642167,Pharmacy,East,M,At-Risk,CUST_02065,37.56148570857313,1.6666666666666667,3.6,3,2,2,7,0.4415537749089032,0.5584462250910968,85.17,Low,93.00838256419041,115.6537786623022,79.59244,92.72411419129335,7.838382564190411
31,37,1514.305388889117,59,51,3,8,0.4150806857534195,0.1291114118201439,3,0.1465833690861018,Tech,West,M,Growers,CUST_01411,40.92717267267884,2.583333333333333,14.32258064516129,4,4,4,12,0.759813368853836,0.240186631146164,722.06,Medium,980.3426923171753,1182.330193171428,807.34753,960.1939091194229,258.28269231717536
17,3,113.82446397040708,186,55,1,6,0.4895053800050867,0.257699710891843,11,0.5189427553462176,Pharmacy,North,M,Hibernating,CUST_02361,37.94148799013569,1.4166666666666667,2.117647058823529,2,1,1,4,0.4342652654417942,0.5657347345582058,42.13,Low,50.832719156104716,56.9614755609534,46.238247,50.5487399772928,8.702719156104713
23,19,200.0,66,43,2,7,0.5218167204049182,0.1898089452492963,4,0.5163271911423045,Pharmacy,East,M,At-Risk,CUST_02288,10.526315789473683,1.9166666666666667,9.91304347826087,3,3,2,8,0.6213347421152187,0.3786652578847813,101.92,Low,136.24354202580324,173.22840314891778,103.02918,131.46963335414074,34.323542025803235
19,6,40.96343769892788,183,64,1,3,0.2568576478657417,0.3562070262632153,4,0.6256208257567266,Pharmacy,South,M,Hibernating,CUST_02859,6.827239616487979,1.5833333333333333,3.789473684210527,2,2,1,5,0.4095434839315784,0.5904565160684216,17.68,Low,26.34431888238677,49.324298773769996,17.709637,26.568219514815812,8.66431888238677
30,52,1097.0753836914764,67,34,3,6,0.6247932995558892,0.0618401584141502,5,0.2506824501269004,Clothing,West,M,Growers,CUST_01174,21.097603532528392,2.5,20.8,3,4,3,10,0.6942307129168916,0.3057692870831083,487.91,Medium,530.9713410650272,510.07696960726446,497.36575,516.4946514891094,43.06134106502719
67,194,13557.601522161838,25,64,4,10,0.7677422567637479,0.0570575481105936,1,0.0473449823050728,Luxury,South,F,Champions,CUST_00543,69.88454392866927,5.583333333333333,34.74626865671642,4,5,5,14,0.95,0.05,21767.58,Very High,15087.603592367861,13007.855554462576,20860.041,16141.588662807764,6679.976407632141
21,10,373.90094315809273,120,40,1,5,0.585957649391126,0.1338106660334801,13,0.3563973593463909,Clothing,South,F,At-Risk,CUST_02105,37.39009431580927,1.75,5.714285714285714,2,2,2,6,0.5305623654405144,0.4694376345594856,164.44,Low,128.13842924004675,117.82942054376798,150.22168,132.16706154207404,36.30157075995325
9,36,1522.8007288987856,62,25,3,8,0.8432225056986287,0.1232619821462259,7,0.303335832261277,Sports,East,F,Growers,CUST_01256,42.300020247188485,0.75,48.0,4,4,4,12,0.7667405729633328,0.2332594270366672,2711.49,Very High,2963.7497238572873,3625.9244824412917,2926.148,3073.929692009335,252.25972385728755
37,16,512.8620399996616,199,42,2,5,0.4357024291610698,0.279063911071445,12,0.4089413652533844,Grocery,North,F,At-Risk,CUST_01767,32.05387749997885,3.083333333333333,5.189189189189189,2,3,2,7,0.4951561636405333,0.5048438363594667,97.97,Low,103.72090098748471,96.6336437513184,99.65954,101.04531888164726,5.750900987484712
17,12,326.25274673188875,78,48,2,6,0.2682414430851307,0.1196062559027051,6,0.6292783987760848,Clothing,South,M,At-Risk,CUST_01766,27.187728894324064,1.4166666666666667,8.470588235294118,3,2,2,7,0.4824636435716067,0.5175363564283932,181.44,Low,155.1834235322456,140.34696715541398,176.52458,158.0934606778739,26.2565764677544
25,23,1416.976600582754,51,28,3,9,0.8282859511796679,0.1111491334382343,5,0.1021936887654794,Sports,East,M,Growers,CUST_01290,61.60767828620669,2.083333333333333,11.04,4,3,4,11,0.7366432488409639,0.2633567511590361,921.5,High,952.4619661970354,1141.0453963145642,912.5403,974.903234545659,30.961966197035395
23,4,80.93272559038688,211,35,1,6,0.404336740961788,0.440555722517181,7,0.7273015758320951,Pharmacy,North,F,Hibernating,CUST_02422,20.23318139759672,1.9166666666666667,2.0869565217391304,1,1,1,3,0.2611196718825287,0.7388803281174712,22.14,Low,22.37274793639146,24.496825699866115,20.865988,22.312177541226482,0.2327479363914584
10,3,45.43464888999595,315,23,2,2,0.249092571179515,0.385002680879006,4,0.430107266149818,Pharmacy,South,F,Hibernating,CUST_02528,15.144882963331982,0.8333333333333334,3.6,1,1,1,3,0.2810466392666558,0.7189533607333441,17.81,Low,24.558708963350913,41.19165512675063,23.756914,26.98489865213248,6.748708963350914
7,34,2247.448055914434,80,52,3,9,0.7965360166617288,0.1353111824236724,7,0.259136122144181,Clothing,West,M,Growers,CUST_01344,66.10141340924805,0.5833333333333334,58.285714285714285,3,4,4,11,0.738335914131014,0.261664085868986,5346.08,Very High,3764.2559705024514,4180.908215612653,5162.1104,4226.12972775769,1581.8240294975485
20,18,233.4381832813374,188,37,1,6,0.4646419526483639,0.1495543657804336,9,0.4273105261373943,Pharmacy,East,M,At-Risk,CUST_01526,12.9687879600743,1.6666666666666667,10.8,2,3,2,7,0.6259666395621809,0.3740333604378191,121.38,Low,151.0479983305853,180.45548754209983,120.96909,146.44136917431533,29.667998330585306
11,7,44.43126577179459,312,19,1,4,0.3237032052157372,0.2177670191517489,5,0.539770756974179,Grocery,West,F,Hibernating,CUST_02895,6.347323681684942,0.9166666666666666,7.636363636363637,1,2,1,4,0.2712623508396293,0.7287376491603706,18.89,Low,22.662731760413706,44.44146512632455,20.261904,25.109800878080446,3.7727317604137056
20,2,200.0,333,58,2,2,0.1768347929424096,0.3745745465379733,11,0.6858732539351934,Pharmacy,North,F,Hibernating,CUST_02687,100.0,1.6666666666666667,1.2,1,1,2,4,0.1582729723783648,0.8417270276216352,49.43,Low,60.15323095083468,66.23969186281983,54.971027,59.69093612564563,10.723230950834683
39,10,695.51762929325,146,34,2,7,0.3812672369205598,0.1568922317311635,10,0.4561521560575409,Grocery,North,F,At-Risk,CUST_02195,69.55176292932501,3.25,3.076923076923077,2,2,3,7,0.4734672146658105,0.5265327853341895,167.57,Low,149.23113636636896,143.76469187199305,163.11577,152.12907336285141,18.338863633631036
11,1,72.92229812557657,216,31,1,1,0.3793571139996849,0.3665007417129184,19,0.664050137735428,Pharmacy,West,M,Hibernating,CUST_02421,72.92229812557657,0.9166666666666666,1.090909090909091,1,1,1,3,0.2061416159798168,0.7938583840201832,49.27,Low,36.43209034556287,36.524575769618494,44.78917,38.784512026568365,12.837909654437134
31,15,229.76902847922912,137,58,1,6,0.4401354633476337,0.1225265440822963,7,0.3414114118520656,Pharmacy,East,M,At-Risk,CUST_01678,15.317935231948608,2.583333333333333,5.806451612903225,2,3,2,7,0.4312029838292359,0.5687970161707641,56.75,Low,61.211082212510114,76.7941513325106,55.97845,62.36310557565238,4.461082212510114
17,24,800.0,54,29,3,9,0.5137574815373225,0.060878660888456,5,0.2304539253458138,Clothing,East,M,Growers,CUST_01287,33.333333333333336,1.4166666666666667,16.941176470588236,4,3,3,10,0.6841968514181275,0.3158031485818725,562.7,Medium,629.7334344961736,664.1738762188999,563.98956,615.7683945090379,67.03343449617353
40,175,15000.0,18,55,4,9,0.3435086091513943,0.0674047251438954,2,0.0503724546962301,Luxury,East,M,Champions,CUST_00436,85.71428571428571,3.333333333333333,52.5,5,5,5,15,0.95,0.05,28066.09,Very High,27313.68723389947,47569.035656455504,28211.984,30816.65471988397,752.4027661005312
26,6,368.68829693518575,116,44,1,4,0.2725551948125121,0.2942399135832177,6,0.6976934542038782,Clothing,West,F,At-Risk,CUST_01728,61.44804948919762,2.1666666666666665,2.7692307692307696,2,2,2,6,0.3676875881046322,0.6323124118953678,108.83,Low,95.53500950971565,78.33440570900756,103.992325,94.18795908094427,13.294990490284349
60,42,8588.221731274005,28,64,3,8,0.6271710027463598,0.0726982960986631,4,0.0901188224009428,Luxury,East,M,Champions,CUST_00238,204.48146979223824,5.0,8.4,4,4,5,13,0.7492669656452706,0.2507330343547294,2064.66,High,2823.8456953030895,4149.90884737471,2243.7524,2846.5840010830284,759.1856953030897
5,4,30.216106966196868,211,49,1,3,0.1398487123798638,0.3463971111726686,9,0.8318098918496135,Pharmacy,East,M,Hibernating,CUST_02348,7.554026741549217,0.4166666666666667,9.6,1,1,1,3,0.1896185431737062,0.8103814568262938,34.39,Low,41.954843497075856,32.8464125925853,34.664764,37.7329385781236,7.564843497075856
70,148,12679.81921563908,5,49,4,8,0.4017363712487979,0.0382247443228676,0,0.0825990688854846,Luxury,East,F,Champions,CUST_00110,85.67445415972351,5.833333333333333,25.371428571428574,5,5,5,15,0.9467733289819144,0.0532266710180855,14937.11,Very High,14628.887949486829,10738.989398335465,14967.093,13846.494809213817,308.2220505131718
15,7,249.61057836474896,153,37,1,5,0.315008079452851,0.2117590230861204,3,0.5520998830142465,Clothing,North,M,At-Risk,CUST_02275,35.658654052107,1.25,5.6,2,2,2,6,0.4317565519490116,0.5682434480509884,126.42,Low,110.5316806959859,111.59104178205368,121.164085,113.83730564387724,15.888319304014104
58,199,10731.922001143916,12,51,4,8,0.3782383580018003,0.037517273529158,1,0.1091446706549533,Electronics,South,M,Champions,CUST_00164,53.92925628715536,4.833333333333333,41.17241379310345,5,5,5,15,0.9028097576553576,0.0971902423446423,6320.08,Very High,7675.970504137166,14585.51476720856,6508.806,8306.219476446817,1355.8905041371663
82,171,6405.92183041315,27,54,3,9,0.7186835398850753,0.0571687228789003,0,0.0702835491886701,Electronics,North,M,Champions,CUST_00289,37.46153117200672,6.833333333333333,25.02439024390244,4,5,5,14,0.9045212463982713,0.0954787536017288,3257.29,Very High,4006.024466439973,2866.071692647055,3283.725,3529.599209759884,748.734466439973
72,134,8147.2333834400515,9,57,3,8,0.678365083534284,0.015686074436467,4,0.0374616268844032,Electronics,East,M,Champions,CUST_00253,60.80024913014964,6.0,22.33333333333333,5,5,5,15,0.95,0.05,7637.77,Very High,9345.288544434889,5366.62613076935,8458.279,8117.505688087743,1707.518544434888
1,7,45.34550043828232,266,35,1,6,0.4347953845790585,0.3077562660249695,2,0.5243699835094442,Grocery,North,F,Hibernating,CUST_02584,6.477928634040332,0.0833333333333333,84.0,1,2,1,4,0.2954729380125812,0.7045270619874189,247.49,Medium,219.80207126688953,230.17722340496374,258.3135,232.85042874097635,27.687928733110482
21,9,800.0,118,27,1,5,0.4589510382237966,0.1227327169799985,7,0.5827203553771712,Clothing,South,F,At-Risk,CUST_01965,88.88888888888889,1.75,5.142857142857143,2,2,3,7,0.4546611448535437,0.5453388551464563,336.67,Medium,276.2353181633844,226.01462505935308,319.49493,277.215567224953,60.434681836615596
10,16,1016.813965976932,26,48,2,9,0.6073821795230996,0.1250353122408342,3,0.2294351642761155,Sports,East,F,Growers,CUST_01289,63.550872873558255,0.8333333333333334,19.2,4,3,3,10,0.6314719382897932,0.3685280617102068,1393.85,High,1278.6983407563957,801.0960678994089,1383.3044,1192.3522211267468,115.15165924360417
10,54,2500.0,23,36,2,6,0.4437245421844433,0.0568507567341552,5,0.3109170938548602,Sports,East,F,Growers,CUST_00745,46.2962962962963,0.8333333333333334,64.8,5,4,4,13,0.8649455249311943,0.1350544750688057,8028.19,Very High,6221.20592795557,8655.769231474847,8145.7314,7205.733071934334,1806.98407204443
20,44,1742.7800030783565,71,49,3,8,0.5216719417450615,0.0721284065914957,1,0.2278311359152816,Tech,West,M,Growers,CUST_01207,39.60863643359901,1.6666666666666667,26.4,3,4,4,11,0.6834982676874555,0.3165017323125445,1061.53,High,1157.3391839664175,1308.7206888573498,1101.8604,1168.7952018414942,95.80918396641755
22,2,151.0690215744213,297,23,1,3,0.3920316105980064,0.3392991324188787,17,0.8534055334432593,Pharmacy,East,M,Hibernating,CUST_02420,75.53451078721065,1.8333333333333333,1.090909090909091,1,1,1,3,0.2356362284704653,0.7643637715295346,47.88,Low,39.4340255248932,36.2293031520807,46.069084,40.626624396460926,8.445974475106802
35,29,1276.8159152946912,44,27,3,6,0.5123820723876781,0.0902272813890461,4,0.1381017300094703,Tech,South,F,Growers,CUST_01392,44.02813501016176,2.9166666666666665,9.942857142857145,4,4,4,12,0.8109253793023061,0.1890746206976938,742.44,Medium,919.4398695806515,1052.891626952605,770.8177,896.0390837865049,176.99986958065142
15,2,85.45435746799613,217,68,1,3,0.185171633134909,0.2845645493698067,10,0.4508284698224809,Grocery,South,M,Hibernating,CUST_02334,42.72717873399807,1.25,1.6,1,1,1,3,0.3071682991371209,0.692831700862879,29.13,Low,30.61207757147504,36.686384122977934,29.701511,31.457221493510595,1.4820775714750418
14,26,2500.0,32,44,3,7,0.815519763553564,0.0770434119982187,6,0.3078923745912154,Sports,North,M,Growers,CUST_00991,96.15384615384616,1.1666666666666667,22.285714285714285,4,3,4,11,0.6597107051513053,0.3402892948486947,2446.72,High,2145.9546904015265,1958.9152475869762,2495.785,2204.836088521515,300.7653095984733
7,45,1349.3079732611905,24,51,2,7,0.6783593128665827,0.0931697445640933,4,0.2421922756307193,Tech,East,M,Growers,CUST_00840,29.984621628026453,0.5833333333333334,77.14285714285714,4,4,4,12,0.7302505550709675,0.2697494449290325,3214.55,Very High,3139.8225755501467,5348.122463393009,3373.5354,3568.787859756218,74.72742444985352
19,59,989.6903572852444,79,46,2,9,0.7992472667632813,0.1102947630690604,2,0.1704001525588128,Tech,South,F,Growers,CUST_01150,16.774412835343124,1.5833333333333333,37.26315789473684,3,5,3,11,0.8894544491466531,0.1105455508533469,1824.35,High,1993.918346114146,1520.7671376611,1903.9478,1862.7909774696207,169.56834611414615
12,27,1741.642110025913,58,45,3,7,0.613220397646216,0.1262833425302534,2,0.1038537396121019,Sports,North,M,Growers,CUST_01222,64.50526333429308,1.0,27.0,4,3,4,11,0.6284570708033808,0.3715429291966192,1665.51,High,1786.619345672553,1723.0461259341005,1685.2655,1742.9143490697318,121.10934567255299
21,19,535.5025339582609,157,55,1,5,0.4597018901852036,0.1600337597343348,10,0.3904458520942477,Pharmacy,East,M,At-Risk,CUST_01744,28.18434389254005,1.75,10.857142857142858,2,3,3,8,0.5341531355699523,0.4658468644300477,245.67,Medium,237.1107287716591,252.22555172719726,233.54295,238.9704272909614,8.55927122834089
6,7,150.1372627955132,269,71,2,4,0.3346015525889701,0.3256077724670152,14,0.594182601003473,Grocery,North,F,Hibernating,CUST_02401,21.44818039935903,0.5,14.0,1,2,1,4,0.2510664978989015,0.7489335021010985,144.68,Low,130.15412767692266,54.21026760241092,145.13766,112.95243941528251,14.525872323077351
26,44,8589.528964080186,10,31,3,8,0.7542172759396877,0.0377156058337164,2,0.0502317435205477,Luxury,North,F,Champions,CUST_00462,195.2165673654588,2.1666666666666665,20.30769230769231,5,4,5,14,0.7965340824576157,0.2034659175423843,7305.51,Very High,5300.818749266051,14399.764484882679,7175.792,7089.365999419874,2004.6912507339493
10,25,1146.369075664188,78,37,2,7,0.7716895824878078,0.1446771481436021,2,0.2883091035771902,Tech,West,M,Growers,CUST_01310,45.854763026567525,0.8333333333333334,30.0,3,3,3,9,0.5812608103093384,0.4187391896906616,1065.82,High,980.398463720425,702.6568541470671,1092.0028,947.377532771673,85.42153627957498
34,25,2500.0,80,33,3,6,0.6021873497854102,0.1225893660583635,3,0.2307945024598751,Tech,West,F,Growers,CUST_01436,100.0,2.833333333333333,8.823529411764705,3,3,4,10,0.644974998123858,0.355025001876142,941.31,High,861.8039195906183,825.1002897621628,912.0443,868.9818308915817,79.50608040938164
67,192,13381.87157840366,15,61,4,9,0.6793576605819603,0.0212157920683554,1,0.0846624881669621,Electronics,West,M,Champions,CUST_00158,69.69724780418572,5.583333333333333,34.38805970149254,5,5,5,15,0.9389114455763464,0.0610885544236536,13768.14,Very High,13515.222083111199,15537.384625040539,13866.747,14004.889394341883,252.9179168888004
39,10,291.2453397444337,137,35,2,6,0.2101729365447761,0.1939345705953544,12,0.553074386973003,Clothing,West,M,At-Risk,CUST_01912,29.124533974443374,3.25,3.076923076923077,2,2,2,6,0.4288047364072416,0.5711952635927584,51.16,Low,55.7043818231895,58.8673690419147,52.66846,55.3848083746175,4.544381823189504
8,4,55.467774284061534,332,68,1,6,0.1446220315856804,0.3871832650387881,13,0.8709025795547166,Pharmacy,South,F,Hibernating,CUST_02360,13.866943571015383,0.6666666666666666,6.0,1,1,1,3,0.2381431780593226,0.7618568219406774,36.84,Low,32.79498661655875,40.83997473380975,36.985634,35.52836637097471,4.045013383441251
11,30,2307.943415315028,15,38,2,6,0.6050818846153188,0.1424081934090763,7,0.2866804004210155,Clothing,East,F,Growers,CUST_00678,76.93144717716761,0.9166666666666666,32.72727272727273,5,4,4,13,0.8364154929240348,0.1635845070759651,5308.38,Very High,3986.7297723291936,4595.746692803868,5052.7817,4403.919360272932,1321.6502276708065
21,6,83.65406459093613,269,22,1,3,0.1012443510492971,0.2781264705603909,8,0.7542398595758366,Pharmacy,South,M,Hibernating,CUST_02849,13.942344098489356,1.75,3.4285714285714284,1,2,1,4,0.2886119355643814,0.7113880644356185,18.93,Low,23.25945139558746,32.88508513819317,21.495941,24.35557500568942,4.329451395587462
25,9,314.18319186604634,178,24,1,7,0.5549855694284367,0.1036803109360361,3,0.6313592477993926,Pharmacy,West,F,At-Risk,CUST_01873,34.90924354067182,2.083333333333333,4.319999999999999,2,2,2,6,0.4788537411163582,0.5211462588836417,92.06,Low,97.0795474422705,102.53210276452614,93.97758,97.19527523544058,5.019547442270493
56,62,3846.31440348864,23,57,4,9,0.4160090901544053,0.0308101042996928,4,0.1051298545865819,Home,East,F,Champions,CUST_00239,62.037329088526455,4.666666666666667,13.285714285714285,5,5,5,15,0.95,0.05,5825.92,Very High,7218.794417436756,3459.2834696612254,5786.115,5831.079714258696,1392.8744174367557
1,6,77.98091472226152,266,20,1,5,0.4825324799615762,0.3078915445267945,4,0.9422345354508276,Grocery,North,M,Hibernating,CUST_02918,12.99681912037692,0.0833333333333333,72.0,1,2,1,4,0.2869253767711989,0.713074623228801,375.05,Medium,258.6545330601801,185.2378208254253,378.8607,271.3321118248696,116.39546693981993
18,14,1632.2758373226525,71,42,2,9,0.6805264197619396,0.1238181727220917,7,0.1249152881828121,Sports,North,F,Growers,CUST_01092,116.5911312373323,1.5,9.333333333333334,3,3,4,10,0.6207647740626959,0.3792352259373041,915.12,High,989.3297543202076,1061.4470249016597,980.4747,1000.6479814056473,74.2097543202076
18,4,124.93855302746395,304,41,1,5,0.3187547600115411,0.2219390719236382,10,0.7945735563412135,Grocery,West,M,Hibernating,CUST_02871,31.23463825686599,1.5,2.6666666666666665,1,1,1,3,0.1657368345764776,0.8342631654235224,49.97,Low,40.66048497759537,27.6534420012341,45.95553,39.06854507411367,9.309515022404632
37,138,15000.0,20,33,3,10,0.5256470565146274,0.0451699101016463,3,0.067008970305396,Electronics,West,F,Champions,CUST_00101,108.69565217391305,3.083333333333333,44.75675675675676,5,5,5,15,0.95,0.05,28747.77,Very High,29372.177724403653,43313.638887808884,30074.902,31970.875469368675,624.4077244036525
42,199,14866.7225941676,18,43,4,10,0.4056159157364655,0.042573585375764,4,0.0498258783092598,Electronics,West,F,Champions,CUST_00316,74.70714871441004,3.5,56.85714285714285,5,5,5,15,0.95,0.05,28069.97,Very High,25863.34107936199,50085.53673658611,28103.172,30262.994778804717,2206.6289206380097
23,33,946.4862435950575,62,30,3,6,0.4120890218770851,0.0915144503868287,4,0.2443498167832727,Sports,South,F,Growers,CUST_01024,28.68140132106235,1.9166666666666667,17.217391304347824,4,4,3,11,0.8060452957543027,0.1939547042456972,786.36,Medium,831.2642271774738,874.7061270658174,847.50006,844.6641936165886,44.904227177473786
12,4,76.90210762855669,233,33,2,3,0.1181180515370004,0.3546893165936097,3,0.8097962477413416,Pharmacy,South,M,Hibernating,CUST_02747,19.225526907139173,1.0,4.0,1,1,1,3,0.2115353078228846,0.7884646921771153,33.54,Low,32.14027851074598,30.208220917911,33.39774,32.11241648048944,1.39972148925402
11,58,2372.5861580636224,84,43,2,8,0.8904216841119492,0.0879679583098237,4,0.1275053107478691,Tech,North,F,Growers,CUST_00768,40.90665789764866,0.9166666666666666,63.27272727272727,3,5,4,12,0.7500601562497164,0.2499398437502835,3207.42,Very High,3185.228665413334,4577.6557564410505,3269.815,3451.8909015752297,22.191334586666017
32,35,1034.4194589801978,19,39,3,7,0.6732580225086151,0.0899960073382473,2,0.2723350289081511,Tech,North,F,Growers,CUST_01345,29.554841685148507,2.6666666666666665,13.125,5,4,3,12,0.8323981786466086,0.1676018213533914,781.04,Medium,1007.8012227314443,868.8616414791027,900.9682,946.0006690933529,226.76122273144438
72,93,15000.0,19,63,3,9,0.5638387331108474,0.0302607665133641,4,0.0904819593149256,Luxury,South,F,Champions,CUST_00262,161.29032258064515,6.0,15.5,5,5,5,15,0.95,0.05,15711.91,Very High,15222.58786838127,13326.600474656138,15527.163,14911.310957740461,489.32213161873005
22,43,1448.592902423845,88,37,3,8,0.5229489667632405,0.0629090661728306,3,0.1760175711950642,Tech,West,F,Growers,CUST_01452,33.68820703311268,1.8333333333333333,23.454545454545457,3,4,4,11,0.6956299145154411,0.3043700854845589,1064.4,High,961.9250546150128,1173.2331340885387,958.5223,999.8377774143806,102.47494538498734
23,4,104.64909686394743,221,34,2,6,0.4647521855509837,0.2901033884754834,18,0.5257533630158073,Pharmacy,North,F,Hibernating,CUST_02835,26.162274215986866,1.9166666666666667,2.0869565217391304,1,1,1,3,0.2531313748693994,0.7468686251306005,25.9,Low,27.99203841253914,25.03167775337786,26.23517,26.84702833757742,2.092038412539143
66,99,15000.0,25,49,4,8,0.6890126215723266,0.0732970303985295,4,0.0829222313577523,Home,North,F,Champions,CUST_00196,151.5151515151515,5.5,18.0,4,5,5,14,0.9461213875309156,0.0538786124690844,15242.02,Very High,13772.897977591154,12052.4738871306,15374.822,13860.252169836307,1469.1220224088465
23,16,434.42243469452,135,66,1,5,0.2539439618681887,0.239009575139854,12,0.4354252035838988,Grocery,South,F,At-Risk,CUST_01776,27.1514021684075,1.9166666666666667,8.347826086956522,2,3,2,7,0.5092416444179546,0.4907583555820454,183.37,Low,163.8880084578803,123.57419360530419,163.30862,154.73215290944793,19.481991542119715
12,2,47.59346551842779,196,72,2,4,0.2663687752117719,0.4548404077956424,18,0.8661397935277498,Pharmacy,East,F,Hibernating,CUST_02842,23.796732759213896,1.0,2.0,2,1,1,4,0.3595269492186393,0.6404730507813606,22.53,Low,25.707284537541796,49.11428277504584,22.873217,28.28737564106981,3.1772845375417944
26,13,346.4350756880841,107,63,2,7,0.340846402852681,0.2892642355329083,5,0.5900538506326727,Clothing,East,F,At-Risk,CUST_01736,26.64885197600647,2.1666666666666665,6.0,3,2,2,7,0.4528256910592798,0.5471743089407202,80.89,Low,104.56715559741377,109.0045817935664,92.89998,101.76523984051283,23.677155597413773
65,93,6134.883945082647,14,35,3,9,0.6297553843203851,0.0127574283584973,4,0.0654369039535736,Electronics,West,F,Champions,CUST_00180,65.96649403314674,5.416666666666667,17.16923076923077,5,5,5,15,0.95,0.05,7924.54,Very High,7843.240547638725,4220.864218987382,7532.568,6845.625228985863,81.29945236127514
18,7,90.52255949043432,183,73,1,1,0.1114742294559388,0.2803686880727529,6,0.957666393844146,Grocery,North,M,Hibernating,CUST_02923,12.931794212919188,1.5,4.666666666666667,2,2,1,5,0.3604785642825266,0.6395214357174733,43.97,Low,36.560268719346,47.366098714272376,40.29981,39.64966761402779,7.409731280654
49,95,4473.051969044404,3,33,4,8,0.4146828885188361,0.0305347395008706,4,0.091231706514967,Electronics,South,M,Champions,CUST_00341,47.08475756888847,4.083333333333333,23.26530612244898,5,5,5,15,0.95,0.05,5829.42,Very High,7682.295092739715,5155.533617787668,6557.3296,6764.242778774807,1852.875092739715
27,43,1498.843392416436,70,50,2,8,0.7766297692979094,0.1142884014991253,3,0.2022519341840682,Tech,West,F,Growers,CUST_01100,34.856823079452,2.25,19.11111111111111,3,4,4,11,0.6993326767615009,0.3006673232384991,635.11,Medium,785.8968153757763,955.2044856248318,683.8198,783.7692398417545,150.7868153757763
22,5,437.8491238446477,188,62,2,4,0.4246196291211513,0.1278794534932688,10,0.6772696204634292,Pharmacy,West,F,At-Risk,CUST_01544,87.56982476892952,1.8333333333333333,2.7272727272727275,2,1,2,5,0.2000856661731131,0.7999143338268868,116.99,Low,119.33112144377466,69.76442034009875,115.16117,106.07061351055364,2.341121443774668
14,21,1144.8705184816238,40,26,3,9,0.5094901149457788,0.1069825477332133,6,0.2433057393890609,Tech,North,F,Growers,CUST_00749,54.51764373722018,1.1666666666666667,18.0,4,3,3,10,0.736507858201572,0.2634921417984279,1183.77,High,1154.1632589261326,911.7871525053683,1180.4448,1108.4804217596418,29.606741073867397
1,6,112.86296294051272,339,35,1,4,0.4569228189368483,0.4546012096622421,6,0.96854615999387,Grocery,West,F,Hibernating,CUST_02756,18.810493823418785,0.0833333333333333,72.0,1,2,1,4,0.340477287975039,0.6595227120249609,787.84,Medium,363.97661126805554,244.24485332024895,689.22906,407.0848807340493,423.8633887319445
24,19,2500.0,47,43,3,8,0.7168660025288185,0.0937383242492989,7,0.1466747462192932,Tech,North,M,Growers,CUST_00663,131.57894736842104,2.0,9.5,4,3,4,11,0.6771709972755708,0.3228290027244291,1195.22,High,1249.0146978738148,1580.1207054743566,1210.8473,1297.0308718757656,53.79469787381481
25,108,9493.33347269855,12,41,4,10,0.5549270047752288,0.018060232487664,3,0.0608467889170856,Luxury,West,F,Champions,CUST_00481,87.90123585831991,2.083333333333333,51.84,5,5,5,15,0.95,0.05,32584.12,Very High,29060.352464686952,31028.287684712697,32994.742,30586.905843870172,3523.767535313047
19,10,319.67903636795734,87,64,2,4,0.3533741215606596,0.1233041494582752,8,0.5842042598124365,Grocery,South,M,At-Risk,CUST_02139,31.96790363679573,1.5833333333333333,6.315789473684211,3,2,2,7,0.4920227360057698,0.5079772639942302,180.72,Low,152.52428323066167,135.83071077880322,167.24504,153.20837549187698,28.195716769338333
31,36,800.0,48,48,3,9,0.7994366555920125,0.1237910053664989,5,0.1308139049877204,Clothing,South,M,Growers,CUST_00872,22.22222222222222,2.583333333333333,13.935483870967742,4,4,3,11,0.7037424093686865,0.2962575906313135,305.84,Medium,501.19604322856065,518.3866701021427,378.80127,463.9452122421556,195.35604322856068
35,59,2175.6916215365936,58,32,2,7,0.8602361503069441,0.1220078160678002,5,0.30840188967206,Tech,South,F,Growers,CUST_01454,36.87612917858633,2.9166666666666665,20.22857142857143,4,5,4,13,0.7817635913452429,0.2182364086547571,1394.9,High,1502.7269368735422,1549.810053520178,1349.2004,1463.9261822145731,107.82693687354208
4,4,80.10111591479316,262,53,1,5,0.3107764900144132,0.3446955740202791,12,0.9207960536163372,Grocery,East,F,Hibernating,CUST_02953,20.02527897869829,0.3333333333333333,12.0,1,1,1,3,0.2650812819065195,0.7349187180934805,126.73,Low,98.80895773221681,49.052272054841566,104.94004,87.50902749714922,27.921042267783193
75,113,4552.320098182614,8,42,4,8,0.5976064170634374,0.0670070745488133,0,0.0667069165287503,Electronics,West,F,Champions,CUST_00550,40.28601856798773,6.25,18.08,5,5,5,15,0.95,0.05,4077.89,Very High,5618.485743633566,2814.9645995548517,4473.79,4569.940038434264,1540.5957436335661
22,17,373.86644142853993,178,51,2,6,0.5432737641134164,0.1557166094598301,10,0.387181941864047,Clothing,West,F,At-Risk,CUST_02021,21.992143613443524,1.8333333333333333,9.272727272727272,2,3,2,7,0.5927632054788182,0.4072367945211818,190.59,Low,174.3441304896638,163.55281507439682,192.00136,177.18651332458182,16.245869510336206
13,1,75.3949522928019,284,33,1,2,0.41843427850783,0.405087406997345,11,0.508234541097691,Pharmacy,West,F,Hibernating,CUST_02709,75.3949522928019,1.0833333333333333,0.9230769230769232,1,1,1,3,0.2685200900569457,0.7314799099430542,33.67,Low,33.41614041524745,46.69769646060059,32.916496,35.57664629661351,0.2538595847525542
8,40,954.963271439523,62,47,2,6,0.7762360075268693,0.1240453122383589,7,0.3353048821864143,Sports,East,M,Growers,CUST_00743,23.874081785988075,0.6666666666666666,60.0,4,4,3,11,0.878359765713487,0.121640234286513,4178.33,Very High,3195.0230127869013,3123.341131548728,4718.2983,3575.184127722101,983.3069872130986
1,7,53.92667887196721,314,55,2,3,0.4887703186684314,0.4358324893274713,2,0.8060488750377156,Grocery,South,M,Hibernating,CUST_02416,7.703811267423887,0.0833333333333333,84.0,1,2,1,4,0.2674850523766422,0.7325149476233578,325.21,Medium,227.45190422049208,236.69230651811102,326.795,255.61446150992805,97.7580957795079
8,3,66.59912862269046,280,21,1,2,0.166321788330632,0.4798625239220374,14,0.6655208668776825,Pharmacy,North,M,Hibernating,CUST_02638,22.19970954089682,0.6666666666666666,4.5,1,1,1,3,0.1195799406534709,0.880420059346529,37.68,Low,36.413376302322455,28.853325457534634,37.85348,35.16937505137148,1.2666236976775451
16,3,93.23578296047728,271,62,1,2,0.2669223676158113,0.2061839476507594,16,0.4490110873519646,Grocery,North,F,Hibernating,CUST_02567,31.078594320159088,1.3333333333333333,2.25,1,1,1,3,0.1456558846702822,0.8543441153297178,28.95,Low,29.391187066583747,25.395110384673973,28.738783,28.354553826281837,0.4411870665837476
46,9,800.0,105,34,2,4,0.3998236040619158,0.2629915934985805,7,0.5132485917985659,Pharmacy,East,F,At-Risk,CUST_02293,88.88888888888889,3.8333333333333335,2.347826086956521,3,2,3,8,0.4776772636423544,0.5223227363576456,145.0,Low,143.01742491687668,166.7485688900295,143.59166,147.65594572474663,1.9825750831233222
17,8,800.0,178,59,2,6,0.5318292211278779,0.2436780979207229,7,0.3376122992536907,Pharmacy,East,F,At-Risk,CUST_01910,100.0,1.4166666666666667,5.647058823529411,2,2,3,7,0.281338513357468,0.718661486642532,307.59,Medium,266.018428473413,200.0521539990243,306.65137,262.238899718024,41.57157152658698
21,24,1041.567952769475,19,28,3,7,0.4497454668311863,0.1379798057311919,5,0.1470460422919864,Sports,North,M,Growers,CUST_00791,43.39866469872812,1.75,13.714285714285714,5,3,3,11,0.7762287155437917,0.2237712844562083,740.33,Medium,853.6232326168439,926.1241787891067,785.44135,846.25646555358,113.29323261684385
19,10,800.0,170,44,2,7,0.4863497667726834,0.1276310779905069,11,0.3079970744868768,Pharmacy,South,M,At-Risk,CUST_02121,80.0,1.5833333333333333,6.315789473684211,2,2,3,7,0.3899160986244445,0.6100839013755555,351.8,Medium,272.54831018526886,217.95044971848472,308.38568,270.4790090819543,79.25168981473115
31,56,1877.540256092512,64,38,2,9,0.6807622993865725,0.1471005183639642,7,0.3073807913751886,Sports,South,M,Growers,CUST_01447,33.52750457308057,2.583333333333333,21.677419354838708,3,4,4,11,0.6352789514206653,0.3647210485793347,586.48,Medium,810.9350865438033,842.8507760370277,605.84894,748.7871543607296,224.4550865438033
55,43,7421.714357456722,11,53,3,9,0.6123070240572658,0.0209421879496202,0,0.0084336442276458,Luxury,East,F,Champions,CUST_00248,172.59800831294703,4.583333333333333,9.381818181818184,5,4,5,14,0.8479757450877083,0.1520242549122916,4179.2,Very High,4376.402046707939,5599.974691915834,4238.637,4553.69841150713,197.2020467079392
21,53,1551.9593065086472,22,37,2,8,0.5336475410382523,0.1408463514260393,6,0.2481113601976035,Sports,South,F,Growers,CUST_00830,29.28225106620089,1.75,30.285714285714285,5,4,4,13,0.88897007394096,0.11102992605904,2829.08,Very High,3082.5595623954414,3146.9658560263533,2852.295,3024.075296981063,253.47956239544146
25,56,914.7517674374276,53,52,2,9,0.4811362862795373,0.1184070886415392,5,0.2285816197274646,Tech,South,F,Growers,CUST_01125,16.334852989954065,2.083333333333333,26.88,4,4,3,11,0.8178143274155151,0.1821856725844849,696.05,Medium,869.0608235253295,1023.7176071394297,728.09814,851.5727560853693,173.01082352532956
15,5,172.89421787642726,206,22,1,5,0.2117093576400139,0.2006171062185687,18,0.7012113238290892,Pharmacy,West,M,Hibernating,CUST_02721,34.578843575285454,1.25,4.0,1,1,2,4,0.1554588665999877,0.8445411334000122,62.05,Low,64.70751073945215,42.26244588572364,61.150364,58.437815887564405,2.6575107394521496
16,56,1488.8579114892514,48,35,3,7,0.5740351854305701,0.1278738156925164,3,0.2011638544761666,Tech,South,F,Growers,CUST_00627,26.58674841945092,1.3333333333333333,42.0,4,4,4,12,0.8146126304788135,0.1853873695211865,1829.43,High,1871.2747051450535,3004.304291122696,1791.5201,2030.429299613502,41.84470514505347
24,65,13320.61022973118,21,58,3,8,0.6796462534592368,0.076214725082246,0,0.0252030078289017,Luxury,South,F,Champions,CUST_00348,204.9324650727874,2.0,32.5,5,5,5,15,0.95,0.05,50000.0,Very High,32373.735676561402,51919.564505203096,48240.348,40103.84567162199,17626.264323438598
67,118,7143.464917376552,4,64,4,8,0.6485679029459046,0.0722939363454003,2,0.1140600100931223,Luxury,North,M,Champions,CUST_00279,60.537838282852135,5.583333333333333,21.13432835820896,5,5,5,15,0.95,0.05,8050.2,Very High,9079.67168448978,5036.778240339634,8393.361,7882.2100232067305,1029.4716844897803
28,17,250.61460419122403,128,49,2,5,0.2398119135227387,0.2047273348274629,9,0.6458902278071956,Clothing,East,F,At-Risk,CUST_01784,14.742035540660238,2.333333333333333,7.285714285714286,2,3,2,7,0.4673992938071711,0.5326007061928288,56.4,Low,82.34127559234655,90.62647478909169,83.53275,84.298573187279,25.94127559234655
26,4,276.5018479504774,139,57,1,6,0.5301355902097338,0.2795116819772327,5,0.3903830162550609,Pharmacy,North,M,At-Risk,CUST_02281,69.12546198761935,2.1666666666666665,1.8461538461538465,2,1,2,5,0.2333310201982308,0.7666689798017692,73.33,Low,70.00147562046075,55.61640596375233,70.8624,67.10400963063971,3.328524379539246
7,59,1592.1556021361323,63,32,2,6,0.4221053719678503,0.0891956140142152,6,0.3197962294447745,Clothing,North,M,Growers,CUST_00656,26.985688171798856,0.5833333333333334,101.14285714285714,3,5,4,12,0.884822598995037,0.1151774010049629,8522.79,Very High,4620.067382107676,11339.679859804744,7110.7524,6292.496275734162,3902.7226178923247
20,49,2500.0,62,51,3,7,0.769851567223909,0.1430843669683194,7,0.3182183214417814,Tech,North,M,Growers,CUST_01214,51.02040816326531,1.6666666666666667,29.4,4,4,4,12,0.8315152958228713,0.1684847041771286,3548.88,Very High,2642.66422578987,2809.632718247048,3329.5708,2867.2670726106676,906.2157742101299
22,41,800.0,25,32,3,6,0.4713000269148452,0.1283277681282369,7,0.201380288800884,Clothing,North,F,Growers,CUST_00839,19.51219512195122,1.8333333333333333,22.363636363636363,4,4,3,11,0.8502865826530369,0.149713417346963,897.82,High,1051.177111510359,982.0566895124159,796.4483,954.1486787917448,153.357111510359
7,5,60.73414219940269,237,68,1,2,0.3066157301230972,0.2685857289321076,12,0.9632397448260251,Grocery,South,M,Hibernating,CUST_02625,12.146828439880538,0.5833333333333334,8.571428571428571,1,1,1,3,0.1958185157580539,0.8041814842419461,34.12,Low,40.50508403425809,33.49243015679901,37.192993,38.011307911918486,6.385084034258092
23,2,44.94129883309226,230,19,1,5,0.3499095668132674,0.3003922533390691,5,0.968945250748508,Pharmacy,West,F,Hibernating,CUST_02589,22.47064941654613,1.9166666666666667,1.0434782608695652,1,1,1,3,0.1917987278869931,0.8082012721130069,13.06,Low,14.986264414627401,21.101977283598597,11.346936,14.78437890472264,1.9262644146274006
6,7,78.44953903370104,331,63,1,6,0.2177521435511762,0.4591907769947727,17,0.4643745678951683,Grocery,South,M,Hibernating,CUST_02351,11.207077004814437,0.5,14.0,1,2,1,4,0.3245329840362693,0.6754670159637306,81.22,Low,76.59803242716147,66.18314703378401,82.02235,75.93712022226305,4.621967572838528
12,9,218.5307979305564,157,45,1,6,0.3524940742628415,0.1712342344883749,14,0.3609715964434233,Clothing,North,F,At-Risk,CUST_01710,24.281199770061825,1.0,9.0,2,2,2,6,0.3082655824773877,0.6917344175226123,119.03,Low,127.67466560341802,89.33952758916382,127.99875,118.97692833887297,8.64466560341802
41,13,406.780833749552,132,30,2,4,0.2222900883493265,0.1974933148100691,13,0.51203164079351,Clothing,South,M,At-Risk,CUST_02024,31.29083336535016,3.4166666666666665,3.804878048780488,2,2,2,6,0.3442678265323428,0.6557321734676572,70.12,Low,70.33872540721659,48.18297743369741,67.15842,64.32531240248105,0.2187254072165814
7,15,2308.4178622824784,62,44,3,7,0.7503522880936841,0.1321329450350243,2,0.2183849117247226,Sports,West,F,Growers,CUST_00977,153.89452415216522,0.5833333333333334,25.71428571428571,4,3,4,11,0.6601112560985813,0.3398887439014186,3875.08,Very High,3526.423232697586,3379.097459866823,4044.7446,3643.300384517745,348.65676730241375
64,152,14847.673713975017,23,47,4,9,0.4316236732590056,0.0611155202430074,0,0.0423825401277958,Electronics,South,F,Champions,CUST_00446,97.68206390773037,5.333333333333333,28.5,5,5,5,15,0.95,0.05,20160.22,Very High,18371.87199339805,17734.914882564015,20508.633,18854.87211803814,1788.348006601951
34,24,1523.680060748346,20,38,3,8,0.7354794505217761,0.1115508555265043,5,0.1999096206234839,Clothing,East,F,Growers,CUST_00618,63.48666919784775,2.833333333333333,8.470588235294118,5,3,4,12,0.7560152160264924,0.2439847839735076,979.8,High,991.9274334330014,1167.4850005323162,909.78186,998.5572935878172,12.127433433001443
31,37,1954.4319956901527,35,40,3,9,0.5726372472092859,0.0655313020146706,7,0.2526265435104547,Clothing,North,M,Growers,CUST_01475,52.82248637000414,2.583333333333333,14.32258064516129,4,4,4,12,0.8166403562625374,0.1833596437374626,1437.11,High,1460.0728792107393,1423.0359201629042,1333.173,1413.5027888909228,22.962879210739402
19,14,475.5230230113706,94,32,2,6,0.250327539975325,0.2124476385676854,6,0.397897576239532,Grocery,East,F,At-Risk,CUST_01779,33.9659302150979,1.5833333333333333,8.842105263157896,3,3,2,8,0.6040723617231417,0.3959276382768583,305.79,Medium,259.41890925227636,213.88763272662754,289.00027,257.82014058945254,46.371090747723656
16,2,43.63856098628131,348,47,2,6,0.1469157828901888,0.4363532790791049,5,0.8726130413505953,Pharmacy,West,F,Hibernating,CUST_02518,21.819280493140656,1.3333333333333333,1.5,1,1,1,3,0.2696432344875689,0.7303567655124311,11.63,Low,15.822753308942225,36.83534823800164,11.774342,17.2150203909901,4.192753308942224
32,23,2169.1773208929444,82,53,3,8,0.7009938973236051,0.1474689920452463,4,0.3187968033646822,Clothing,North,F,Growers,CUST_01245,94.31205743012802,2.6666666666666665,8.625,3,3,4,10,0.7236879578556281,0.2763120421443719,1219.55,High,952.4843722009688,958.1951706982686,1077.7617,989.6400706381129,267.0656277990312
20,5,95.538536874304,339,64,1,5,0.191428830795164,0.2519749663171658,15,0.9005924272254333,Grocery,North,M,Hibernating,CUST_02996,19.1077073748608,1.6666666666666667,3.0,1,1,1,3,0.1368574879925783,0.8631425120074216,18.5,Low,24.37364722144248,24.372391989449987,22.570024,23.81828388510317,5.873647221442479
6,2,149.98779069629964,228,43,1,3,0.4419643561595076,0.3077628597468543,19,0.7132626718071409,Pharmacy,West,F,Hibernating,CUST_02553,74.99389534814982,0.5,4.0,1,1,1,3,0.2073652606984223,0.7926347393015777,154.11,Low,115.1807350528042,45.191232954933625,144.34001,102.32241268934251,38.92926494719582
68,44,14757.250165938312,26,38,4,9,0.3461802640556892,0.0787764890579227,0,0.1462356409215352,Home,South,M,Champions,CUST_00548,335.3920492258707,5.666666666666667,7.764705882352941,4,4,5,13,0.8072762939103487,0.1927237060896512,5014.85,Very High,3733.641433816224,14508.236491956553,4710.0425,5251.771312030991,1281.2085661837764
23,6,731.1103595928406,189,28,1,7,0.413582563432225,0.1543379741333781,12,0.5587085155263776,Pharmacy,West,F,At-Risk,CUST_02211,121.85172659880676,1.9166666666666667,3.130434782608696,2,2,3,7,0.3992900965117669,0.600709903488233,219.07,Medium,208.60339159405157,243.99733347454546,217.5101,217.96410202244724,10.46660840594842
41,5,516.1914230400885,141,30,2,4,0.4087025750288459,0.1788090510377638,7,0.548321008709261,Pharmacy,North,F,At-Risk,CUST_01624,103.2382846080177,3.4166666666666665,1.4634146341463414,2,1,2,5,0.2457587714517249,0.7542412285482751,69.07,Low,81.12919113781963,51.07677750154238,69.050674,70.4827604819638,12.059191137819639
40,96,9955.779963288423,16,40,4,8,0.7978155547494417,0.0533572978556551,0,0.1024671428584569,Electronics,East,F,Champions,CUST_00264,103.7060412842544,3.333333333333333,28.8,5,5,5,15,0.95,0.05,20129.39,Very High,20711.593810712748,16078.264679232736,20334.727,19580.609644721088,582.2038107127482
22,40,2500.0,82,37,2,8,0.8577959927574348,0.1441960487562873,6,0.3403947427597289,Sports,North,F,Growers,CUST_01398,62.5,1.8333333333333333,21.81818181818182,3,4,4,11,0.7120202805958059,0.2879797194041941,1465.36,High,1409.9262062641662,1475.2853642982277,1491.6519,1447.017490900914,55.43379373583366
13,3,155.9434855159485,297,45,2,1,0.2256582460602424,0.3530090626409764,9,0.7492261470883439,Grocery,West,F,Hibernating,CUST_02354,51.98116183864951,1.0833333333333333,2.7692307692307696,1,1,1,3,0.1527324963346382,0.8472675036653619,57.65,Low,50.60284997332513,33.764141522929236,59.866627,49.10452462668147,7.047150026674871
18,16,752.340887047428,182,55,2,4,0.565071661164749,0.2831908169943965,5,0.3314070904847291,Grocery,East,F,At-Risk,CUST_01816,47.02130544046425,1.5,10.666666666666666,2,3,3,8,0.5079635986083504,0.4920364013916496,496.86,Medium,361.5300697250929,301.1993810710205,458.2531,374.27220783535137,135.3299302749071
82,86,5555.140671533285,24,50,4,8,0.4496916868526741,0.054359811983587,3,0.0227614369429578,Electronics,East,M,Champions,CUST_00354,64.59465897131727,6.833333333333333,12.585365853658535,4,5,5,14,0.8877025107727198,0.1122974892272802,3080.34,Very High,3527.8722314216748,1706.7172426663235,2891.0706,2874.1722500308397,447.5322314216746
9,21,882.9139385288307,41,41,3,6,0.4587359701364295,0.0973685260403371,6,0.2931316057906485,Sports,West,F,Growers,CUST_01076,42.04352088232528,0.75,28.0,4,3,3,10,0.707082895156064,0.2929171048439359,1234.35,High,1454.9749291779804,1041.7679072753776,1294.407,1314.0321510382141,220.62492917798045
80,86,15000.0,3,61,4,10,0.3194896603305652,0.033621799527496,0,0.0359729928309885,Electronics,South,M,Champions,CUST_00209,174.41860465116278,6.666666666666667,12.9,5,5,5,15,0.95,0.05,16395.28,Very High,14354.603111106104,11074.280224271035,15529.385,13954.209256080276,2040.676888893895
16,17,800.0,37,27,3,6,0.415547310971528,0.1335742245224652,7,0.2345631865861913,Clothing,North,M,Growers,CUST_00614,47.05882352941177,1.3333333333333333,12.75,4,3,3,10,0.7078734621167267,0.2921265378832732,729.29,Medium,718.139717993568,673.6956926355846,627.36096,680.8534186517895,11.150282006432008
34,5,800.0,178,28,2,5,0.3134261930058717,0.1252012773267347,7,0.4847736291439429,Pharmacy,North,F,At-Risk,CUST_02091,160.0,2.833333333333333,1.7647058823529411,2,1,3,6,0.2559523708261704,0.7440476291738296,130.01,Low,138.85480456597355,153.3795804312801,133.42856,139.96268858718787,8.844804565973561
46,5,391.2064658629048,146,51,2,6,0.3104745159702236,0.2555316210521582,10,0.3980225557014971,Grocery,South,F,At-Risk,CUST_02100,78.24129317258095,3.8333333333333335,1.3043478260869563,2,1,2,5,0.3080347804328459,0.6919652195671542,44.41,Low,68.91938829998136,45.29220302035939,49.493217,57.3942776817867,24.509388299981367
19,39,1305.2378720223987,34,48,2,6,0.8388194357938876,0.10636165855983,7,0.2798754137619414,Clothing,West,F,Growers,CUST_01499,33.46763774416407,1.5833333333333333,24.63157894736842,4,4,4,12,0.866969806121958,0.133030193878042,2318.9,High,2272.2168260751246,2113.1332973731533,2337.3564,2258.5404325359677,46.68317392487552
35,37,1284.6038259658535,62,34,3,8,0.5663238176670731,0.1424216762243546,6,0.3328395918016148,Clothing,West,M,Growers,CUST_01136,34.719022323401454,2.9166666666666665,12.685714285714289,4,4,4,12,0.8130491925008035,0.1869508074991964,936.14,High,978.6628698843867,1118.3948473682017,881.8194,974.206400498968,42.52286988438675
20,4,111.8020990830534,299,51,2,2,0.3455830610272045,0.4318573141124295,11,0.7342155475258896,Pharmacy,West,F,Hibernating,CUST_02881,27.950524770763348,1.6666666666666667,2.4,1,1,1,3,0.2160935191191528,0.7839064808808471,26.43,Low,29.817924597126197,28.890315776871294,28.354595,29.18635455496861,3.3879245971261973
24,10,605.416034832165,105,62,2,7,0.5847005967351632,0.2900854299260275,9,0.3845263835867379,Pharmacy,East,M,At-Risk,CUST_02079,60.5416034832165,2.0,5.0,3,2,3,8,0.5408603258748774,0.4591396741251226,309.41,Medium,252.44435185133608,273.62147403713533,288.26373,266.9639959169542,56.965648148663945
27,97,7432.535703036953,8,35,4,9,0.7799314013567276,0.0183050636019106,3,0.1442326098206349,Luxury,North,F,Champions,CUST_00058,76.6240794127521,2.25,43.11111111111112,5,5,5,15,0.9298220827763368,0.0701779172236631,20700.06,Very High,16156.023912244975,17957.667237899095,17031.54,16764.611601859593,4544.0360877550265
21,2,92.57698452459104,193,68,1,3,0.3035490961425104,0.2476247579814166,18,0.6980000919760991,Grocery,South,M,Hibernating,CUST_02484,46.28849226229551,1.75,1.1428571428571428,2,1,1,4,0.3859460786861506,0.6140539213138494,32.74,Low,31.868571531071318,47.524677489257655,32.706,34.80099975740273,0.8714284689286842
15,14,1981.848379163152,16,27,3,9,0.4653053800180662,0.0591414376769691,7,0.1532293214010764,Sports,North,M,Growers,CUST_00812,141.56059851165372,1.25,11.2,5,3,4,12,0.7472205003693816,0.2527794996306184,1824.93,High,2000.6976420390397,2809.4881284608923,1821.9426,2081.991871670627,175.76764203903963
26,9,652.6251476244103,72,59,1,5,0.3011676307055456,0.2523303977936334,14,0.4840508866667177,Clothing,North,F,At-Risk,CUST_02196,72.51390529160113,2.1666666666666665,4.153846153846154,3,2,3,8,0.5439830498684468,0.4560169501315532,245.53,Medium,227.1822464148239,258.03360616275006,237.1949,236.07837058198913,18.347753585176093
53,196,7790.346819765994,25,61,4,10,0.7087039236530547,0.0133853897734146,0,0.0316454835929925,Luxury,South,M,Champions,CUST_00562,39.74666744778568,4.416666666666667,44.37735849056603,4,5,5,14,0.9373454993628162,0.0626545006371838,10278.91,Very High,9668.449430461978,10467.333853717551,9548.359,9786.431732607345,610.4605695380214
20,5,46.172639531887896,270,57,1,4,0.3668828220086199,0.3748033624150482,15,0.7759172630871227,Pharmacy,North,F,Hibernating,CUST_02944,9.23452790637758,1.6666666666666667,3.0,1,1,1,3,0.154891681924762,0.845108318075238,12.39,Low,12.66021673318781,21.217435023190838,11.973971,13.824821650347229,0.2702167331878087
36,138,6546.860061396576,20,32,4,9,0.3201754134298498,0.0139676302516084,1,0.0473299770994703,Home,West,M,Champions,CUST_00230,47.44101493765635,3.0,46.0,5,5,5,15,0.95,0.05,19391.85,Very High,15139.966829767438,15306.316071862911,18100.533,16008.259570814103,4251.883170232561
4,1,124.30480846302574,349,62,2,2,0.3886380683394035,0.2302494436586826,15,0.9642378595445033,Grocery,South,F,Hibernating,CUST_02510,124.30480846302574,0.3333333333333333,3.0,1,1,1,3,0.2248906383206654,0.7751093616793345,164.0,Low,129.2246897191973,79.03330033132485,162.69272,125.53470259501464,34.7753102808027
21,16,439.5354230406731,105,44,1,5,0.2043993604281839,0.2015141241905323,6,0.6813053346883473,Pharmacy,North,F,At-Risk,CUST_01722,27.47096394004207,1.75,9.142857142857142,3,3,2,8,0.6944989322201128,0.3055010677798871,391.21,Medium,248.7216940125586,246.25698590161423,364.89594,278.4892773173515,142.48830598744138
17,15,336.1562616622162,146,53,2,4,0.2166141083824528,0.1905199909875422,5,0.407431063910173,Grocery,East,F,At-Risk,CUST_02180,22.410417444147747,1.4166666666666667,10.588235294117649,2,3,2,7,0.5096689375670647,0.4903310624329353,180.03,Low,158.91397655808413,146.6681463676069,166.65291,158.63345379835818,21.11602344191587
27,51,1156.222505013311,54,50,3,6,0.6089588424157191,0.1368148437254188,4,0.1915038468979689,Tech,West,F,Growers,CUST_01451,22.671029510064923,2.25,22.666666666666668,4,4,3,11,0.7945728334238702,0.2054271665761298,838.2,High,849.702975970478,901.6101647437549,826.17255,852.6264235107732,11.502975970477905
10,20,2243.124716724399,24,26,3,8,0.6036657949237962,0.1170982341269518,5,0.2682376000615921,Sports,East,M,Growers,CUST_01235,112.15623583621996,0.8333333333333334,24.0,4,3,4,11,0.6742618736040897,0.3257381263959102,4145.14,Very High,3136.240477373426,2360.501287840501,3820.9575,3143.8311873007224,1008.8995226265743
16,44,1334.356022776608,77,31,2,8,0.8323834960460988,0.0589707951439631,3,0.3454026639106082,Clothing,North,F,Growers,CUST_01072,30.326273244922906,1.3333333333333333,33.0,3,4,4,11,0.6128322364324412,0.3871677635675588,1024.62,High,1039.950486399649,1258.7160134621563,963.64246,1056.0109252091552,15.33048639964909
1,5,108.28311805273806,341,35,2,6,0.3195090055047079,0.2613195030986239,19,0.8264314439616468,Grocery,West,M,Hibernating,CUST_02850,21.65662361054761,0.0833333333333333,60.0,1,1,1,3,0.184088621762442,0.815911378237558,520.65,Medium,396.0553704158683,124.56048473198729,515.1838,340.22234678048693,124.59462958413167
22,52,1071.5541420078296,27,42,2,6,0.8069129500493522,0.079383695562196,2,0.1488167337977635,Sports,North,M,Growers,CUST_01038,20.606810423227493,1.8333333333333333,28.363636363636363,4,4,3,11,0.7862050802870562,0.2137949197129438,969.01,High,940.0200465670757,1029.4878201746612,894.1987,943.0258012406455,28.989953432924267
15,57,2500.0,74,43,3,7,0.4017683118516123,0.106530269146045,4,0.1185297935964895,Sports,East,F,Growers,CUST_00890,43.85964912280702,1.25,45.6,3,5,4,12,0.8131029091278718,0.1868970908721282,4119.81,Very High,3020.248587542912,3522.462958001386,3946.4182,3374.8348933509665,1099.5614124570884
25,27,2500.0,76,25,3,8,0.6080254525683847,0.0661773356384703,3,0.2483148675438443,Sports,West,M,Growers,CUST_01054,92.5925925925926,2.083333333333333,12.96,3,3,4,10,0.5288448444558767,0.4711551555441233,871.48,High,873.3750728381004,801.1627198982228,859.9781,854.4586600014326,1.8950728381004183
23,20,2500.0,73,28,2,7,0.4341738090948456,0.1350210981601987,7,0.2532136934908409,Clothing,North,M,Growers,CUST_00708,125.0,1.9166666666666667,10.434782608695652,3,3,4,10,0.588049389440656,0.411950610559344,1130.68,High,1077.271790942085,1046.8616653710017,1155.1775,1093.7936351804083,53.40820905791497
56,45,15000.0,6,40,4,10,0.4093549001617916,0.0175631191563485,0,0.0040659978504349,Luxury,South,M,Champions,CUST_00425,333.3333333333333,4.666666666666667,9.642857142857142,5,4,5,14,0.9288125696011058,0.0711874303988941,13980.19,Very High,12589.035917509053,32315.609895264373,14355.384,15811.92533389826,1391.154082490948
70,191,11984.085279425371,2,55,4,10,0.6157094606091882,0.0147915316796211,2,0.1190902700177777,Luxury,East,F,Champions,CUST_00070,62.74390198652027,5.833333333333333,32.74285714285715,5,5,5,15,0.95,0.05,11168.77,Very High,12050.241179974308,11970.477483878785,11449.383,11850.995155578004,881.4711799743072
45,12,737.4252988717176,184,67,2,7,0.3910384075305565,0.1757474294520877,14,0.4850364082772354,Pharmacy,East,M,At-Risk,CUST_02250,61.4521082393098,3.75,3.2,2,2,3,7,0.3070092411931336,0.6929907588068663,100.92,Low,112.92395820603724,88.60947752114666,104.16042,105.00687561900195,12.00395820603724
8,2,140.96938262871845,225,41,1,4,0.2864992511373206,0.3075036526018576,9,0.7989691398727832,Grocery,East,M,Hibernating,CUST_02536,70.48469131435922,0.6666666666666666,3.0,1,1,1,3,0.2353203304326612,0.7646796695673388,98.84,Low,82.80515028581333,44.63160605163698,97.75041,76.95612116922874,16.034849714186677
4,5,88.66085978023432,254,57,2,6,0.3997595177307654,0.4456292307654005,4,0.7974091840668706,Grocery,East,F,Hibernating,CUST_02840,17.732171956046862,0.3333333333333333,15.0,1,1,1,3,0.1876713043439254,0.8123286956560746,124.03,Low,109.09885559952056,43.64800519595036,118.68828,93.24695271871977,14.93114440047944
21,4,166.7607385159175,219,33,1,4,0.342591138952755,0.2263205896259094,5,0.5003289495056131,Grocery,North,M,Hibernating,CUST_02407,41.690184628979374,1.75,2.2857142857142856,1,1,2,4,0.1907494561250723,0.8092505438749277,37.8,Low,55.4888480521032,42.35848445086858,53.601482,52.034386561043576,17.688848052103204
19,2,91.39570461855796,333,28,2,1,0.1762377082290551,0.4597869805834605,3,0.6565890583093907,Pharmacy,South,M,Hibernating,CUST_02964,45.697852309278986,1.5833333333333333,1.2631578947368425,1,1,1,3,0.0817742315072081,0.918225768492792,17.99,Low,23.895012507216887,25.0599891966325,18.504131,22.35011568620868,5.905012507216888
12,1,90.60894685096068,214,43,2,4,0.142685422084783,0.2858525317315676,14,0.5761700683943641,Pharmacy,West,M,Hibernating,CUST_02582,90.60894685096068,1.0,1.0,1,1,1,3,0.274678558127894,0.725321441872106,37.83,Low,36.42260593393433,47.03296719105511,41.177097,39.77537072847262,1.4073940660656703
18,4,483.4224546622706,137,47,2,7,0.2550462324192321,0.2097925818591793,13,0.4184841759200148,Pharmacy,South,M,At-Risk,CUST_02093,120.85561366556766,1.5,2.6666666666666665,2,1,2,5,0.3088399442505647,0.6911600557494353,191.2,Low,158.4700298243245,108.18321731033018,178.79216,152.25052653330982,32.729970175675476
34,13,881.2386625564957,28,31,2,6,0.4614199894285521,0.1297417908833248,2,0.2680563451367937,Sports,South,F,Growers,CUST_00941,67.78758942742274,2.833333333333333,4.588235294117647,4,2,3,9,0.5234269786738646,0.4765730213261354,206.68,Medium,299.32097742711534,259.91495534127824,244.88249,273.986238085591,92.64097742711533
31,30,2449.594105725082,64,27,3,6,0.6941538846902954,0.0952182685361694,7,0.1227247253686369,Tech,East,M,Growers,CUST_00621,81.65313685750273,2.583333333333333,11.61290322580645,3,4,4,11,0.7187600787458233,0.2812399212541767,1104.35,High,1123.8404344931205,1061.7643359094898,1031.4778,1082.9197043273575,19.490434493120574
17,4,119.26173393268007,336,64,2,6,0.3935550964359497,0.3287588187873788,16,0.5402413190851278,Pharmacy,West,F,Hibernating,CUST_02520,29.815433483170025,1.4166666666666667,2.8235294117647056,1,1,1,3,0.2172239220423512,0.7827760779576487,35.92,Low,38.92539481244678,33.485359142646686,39.5165,37.944054505043646,3.005394812446781
34,15,2500.0,74,51,3,6,0.7866543350987985,0.1025063870190695,5,0.276206041347679,Sports,West,M,Growers,CUST_01197,166.66666666666666,2.833333333333333,5.294117647058823,3,3,4,10,0.6611272076466495,0.3388727923533505,830.48,High,907.1379245358772,1110.849982782995,1011.0073,975.8779427576281,76.65792453587721
34,15,581.1187995830691,76,35,1,5,0.2466096189963016,0.1715388725106012,12,0.6788911205843958,Clothing,West,M,At-Risk,CUST_02068,38.74125330553794,2.833333333333333,5.294117647058823,3,3,3,9,0.584515561535456,0.4154844384645439,155.71,Low,172.01896967469904,224.95451682263683,156.75975,176.52110003247216,16.30896967469903
8,48,1788.7361434597017,43,36,3,7,0.7810542333487187,0.1491714228787437,4,0.1510668883083799,Clothing,North,F,Growers,CUST_01033,37.26533632207712,0.6666666666666666,72.0,4,4,4,12,0.8005998034469294,0.1994001965530706,4132.68,Very High,3931.4232638699523,6352.239614014161,4300.1724,4445.367121184366,201.256736130048
26,15,335.55513510776893,90,20,1,7,0.3419536811707432,0.1376828957090946,9,0.4415704780177527,Grocery,South,M,At-Risk,CUST_01506,22.37034234051793,2.1666666666666665,6.923076923076923,3,3,2,8,0.5678596099881046,0.4321403900118954,154.76,Low,137.99106375778,148.60361382831562,140.43724,140.79176051725142,16.76893624221998
32,19,319.12100777874326,154,69,1,4,0.5693013152162458,0.2896506570706603,12,0.6874102526044875,Pharmacy,North,M,At-Risk,CUST_01577,16.7958425146707,2.6666666666666665,7.125,2,3,2,7,0.5298974306996369,0.4701025693003631,98.67,Low,94.18352441969395,101.05828254843033,98.00997,96.66844287662195,4.486475580306049
25,13,282.01016784308274,77,64,2,7,0.2066824367646264,0.2261248747730664,14,0.6177604039567779,Clothing,West,F,At-Risk,CUST_02131,21.69308983408329,2.083333333333333,6.239999999999999,3,2,2,7,0.4608254829162475,0.5391745170837525,105.96,Low,99.88034349929536,102.75763502301378,103.366,101.48847660273113,6.07965650070463
33,10,266.97472562319103,120,38,1,6,0.2048199899584994,0.2397209356622877,13,0.619270375384718,Clothing,South,F,At-Risk,CUST_02045,26.697472562319103,2.75,3.636363636363636,2,2,2,6,0.3553504741459885,0.6446495258540115,65.51,Low,60.04241119259395,54.39981772751272,60.765644,59.08162082290754,5.467588807406052
11,51,2500.0,27,38,3,9,0.5321219684061063,0.0875882853664996,2,0.1601280106013842,Sports,North,M,Growers,CUST_01396,49.01960784313726,0.9166666666666666,55.63636363636364,4,4,4,12,0.796610123111004,0.203389876888996,3299.03,Very High,3549.6531408650994,4893.932100508908,3485.1,3764.351293431703,250.62314086509923
49,130,5621.680301200103,28,57,4,10,0.6243194783844077,0.079437392306705,0,0.1014597553365009,Home,North,M,Champions,CUST_00280,43.243694624616175,4.083333333333333,31.836734693877556,4,5,5,14,0.8387068114348086,0.1612931885651913,3145.41,Very High,3444.0897077961276,4770.54113146952,3112.6516,3566.081270415467,298.6797077961278
27,22,2500.0,62,49,2,7,0.4348364322117939,0.1399774834559326,4,0.297285987823228,Clothing,South,F,Growers,CUST_01466,113.63636363636364,2.25,9.77777777777778,4,3,4,11,0.7801065609269617,0.2198934390730382,1619.67,High,1381.9469324011382,1750.70689243702,1660.597,1530.9788857988387,237.72306759886192
21,15,266.02308048356736,188,23,1,6,0.2509687311830346,0.291233356899477,10,0.4083496221284002,Pharmacy,North,F,At-Risk,CUST_01504,17.734872032237824,1.75,8.571428571428571,2,3,2,7,0.5963633363870937,0.4036366636129063,155.85,Low,141.5032769723919,161.34212113069927,137.78436,144.11118033858477,14.346723027608107
25,19,564.9771967653102,195,44,2,7,0.4658509159666235,0.1996534514001505,5,0.560918753438651,Grocery,North,M,At-Risk,CUST_02283,29.735641935016325,2.083333333333333,9.12,2,3,3,8,0.4773204957289092,0.5226795042710908,162.48,Low,191.54636183006372,215.77382807981044,177.30559,191.67198209494964,29.066361830063727
10,3,109.89294117604967,185,63,1,6,0.2758583005698949,0.2253171488110629,18,0.4894892821472287,Grocery,South,M,Hibernating,CUST_02839,36.63098039201656,0.8333333333333334,3.6,2,1,1,4,0.2306702496721417,0.7693297503278582,51.22,Low,56.09180460850289,41.89838642826533,64.40198,55.16326530215639,4.871804608502892
7,7,100.13597892517814,193,64,2,2,0.4350695274435233,0.4455926565615298,12,0.935244023040868,Grocery,North,M,Hibernating,CUST_02724,14.30513984645402,0.5833333333333334,12.0,2,2,1,5,0.4168296019451031,0.5831703980548969,83.09,Low,90.50548735215364,80.7642823931846,86.77203,87.35745128792689,7.415487352153633
78,180,15000.0,3,33,4,9,0.5507589801750832,0.0550769605613329,1,0.102192316579865,Luxury,East,F,Champions,CUST_00554,83.33333333333333,6.5,27.692307692307693,5,5,5,15,0.95,0.05,15436.84,Very High,14553.479923526573,12937.168601500913,15402.943,14458.808506450248,883.3600764734274
21,31,2500.0,59,28,3,6,0.5821453773367895,0.0893577820145758,2,0.292061944411579,Clothing,East,F,Growers,CUST_00835,80.64516129032258,1.75,17.714285714285715,4,4,4,12,0.8587340566264017,0.1412659433735983,4060.09,Very High,2762.093283587125,2605.5374097847375,3245.0422,2865.2683828960267,1297.9967164128752
20,20,1344.002832523568,50,26,3,9,0.7699328997714587,0.0957835262558068,2,0.1637204891027959,Tech,South,M,Growers,CUST_00963,67.20014162617841,1.6666666666666667,12.0,4,3,4,11,0.6606426702235048,0.3393573297764952,864.27,High,912.3486825712756,1110.0266246111953,856.55725,931.0564014874923,48.078682571275635
78,111,4733.692202118848,5,35,3,10,0.7104905086495704,0.0367948870282128,1,0.046925129628633,Electronics,West,F,Champions,CUST_00597,42.6458756947644,6.5,17.076923076923077,5,5,5,15,0.95,0.05,4256.37,Very High,6117.473948416076,2615.366954048738,4911.548,4832.407190859774,1861.1039484160765
9,6,70.15671313722072,199,47,1,3,0.467110500949166,0.305683967994261,9,0.7484581619903135,Grocery,West,F,Hibernating,CUST_02452,11.69278552287012,0.75,8.0,2,2,1,5,0.4056996794695847,0.5943003205304154,76.09,Low,64.78876971987847,69.1294252814732,70.504585,67.3212989099438,11.30123028012153
6,35,2307.7021248085,36,33,3,8,0.7473944992993924,0.1141460852332219,7,0.1680618840926178,Sports,North,M,Growers,CUST_00803,65.9343464231,0.5,70.0,4,4,4,12,0.7661869244693296,0.2338130755306704,7615.92,Very High,4734.843071457893,6818.103144186062,7225.475,5781.585643072819,2881.0769285421075
19,15,245.0050135430601,87,56,2,7,0.353005689788919,0.1843861261463559,3,0.4219155998694319,Pharmacy,East,M,At-Risk,CUST_02137,16.33366756953734,1.5833333333333333,9.473684210526317,3,3,2,8,0.6120024914245971,0.3879975085754029,156.85,Low,147.66153163446296,194.8275383782743,151.82661,157.39220411081502,9.188468365537034
4,3,25.95408621649043,314,56,1,1,0.179690977516008,0.3402236861205053,7,0.8081522038876472,Grocery,South,F,Hibernating,CUST_02986,8.651362072163478,0.3333333333333333,9.0,1,1,1,3,0.2439266279237424,0.7560733720762576,43.71,Low,50.66902911880114,45.10702605942023,42.74501,47.04488494314677,6.959029118801141
17,1,200.0,324,72,2,4,0.1394699426644444,0.4378431684905481,13,0.8913862792374612,Pharmacy,North,F,Hibernating,CUST_02720,200.0,1.4166666666666667,0.7058823529411764,1,1,2,4,0.2043424259527698,0.7956575740472301,48.56,Low,62.31455969877216,134.9993044036422,51.222454,68.63319989144763,13.754559698772155
69,193,12161.135006556644,14,56,4,8,0.6363823072062333,0.0315439633705204,3,0.067923720792649,Electronics,North,F,Champions,CUST_00441,63.01106221013805,5.75,33.56521739130435,5,5,5,15,0.95,0.05,12913.08,Very High,12783.998460607872,12957.25041096132,13145.672,12926.196793328512,129.08153939212752
69,171,13049.079356043514,11,57,4,10,0.3330825944172202,0.0341836597606412,1,0.0013630552426824,Electronics,North,M,Champions,CUST_00509,76.31040559089774,5.75,29.73913043478261,5,5,5,15,0.95,0.05,17973.16,Very High,15793.711140468944,12951.935598286535,17656.643,15695.734165028833,2179.448859531056
37,138,7164.352701289366,2,49,4,8,0.6460368235121845,0.0348266343489558,0,0.0076895188763997,Electronics,South,M,Champions,CUST_00077,51.91559928470556,3.083333333333333,44.75675675675676,5,5,5,15,0.95,0.05,14402.56,Very High,16394.723259890136,15422.036043240734,15316.222,15868.137506225776,1992.163259890136
16,5,106.7122556673348,223,47,2,6,0.4034092765042832,0.4870996019419393,4,0.8544929032493819,Grocery,West,M,Hibernating,CUST_02482,21.34245113346696,1.3333333333333333,3.75,1,1,1,3,0.2522273289071592,0.7477726710928407,35.95,Low,35.64531514040467,30.330460243208485,35.992985,34.61544991575573,0.30468485959533353
12,19,1139.0257255919544,87,38,3,7,0.7795531991495463,0.0575158565338084,2,0.1424283540987276,Tech,East,F,Growers,CUST_00650,59.94872239957655,1.0,19.0,3,3,3,9,0.5794720405656751,0.4205279594343248,937.01,High,819.4931389437547,590.5757814829186,789.2614,758.925160614475,117.51686105624526
48,102,15000.0,15,40,3,10,0.4587748501287942,0.0628593532211637,2,0.0686850442690607,Luxury,West,F,Champions,CUST_00523,147.05882352941177,4.0,25.5,5,5,5,15,0.95,0.05,21672.74,Very High,21449.02883520966,25703.81359012305,24137.797,23041.60284869616,223.71116479034026
18,13,1350.2493540189837,16,49,2,8,0.8841140254808718,0.1494699159124849,1,0.2923447866157931,Sports,South,F,Growers,CUST_01488,103.8653349245372,1.5,8.666666666666666,5,2,4,11,0.7707110336345163,0.2292889663654836,1301.67,High,1163.204844129157,1843.49418638789,1306.1249,1320.5551942872123,138.4651558708431
21,6,200.0,137,35,2,6,0.5279377406902934,0.299056048262791,5,0.5596144703674086,Grocery,South,F,At-Risk,CUST_02209,33.333333333333336,1.75,3.4285714285714284,2,2,2,6,0.3433214589476272,0.6566785410523728,69.87,Low,71.27032790247146,73.58231077466185,65.368614,69.89180390491138,1.40032790247146
26,23,1710.1578073820997,37,43,3,7,0.5727101000883994,0.1263551234059385,5,0.1052701651071342,Sports,West,F,Growers,CUST_01495,74.35468727748258,2.1666666666666665,10.615384615384617,4,3,4,11,0.730214419567939,0.269785580432061,1142.39,High,1040.737620488486,1174.7591168831188,1070.7509,1075.3935227365641,101.65237951151403
27,12,1007.6950786753272,36,30,3,6,0.6181378278197833,0.0924643971309049,6,0.3300974578750092,Clothing,South,F,Growers,CUST_00655,83.9745898896106,2.25,5.333333333333333,4,2,3,9,0.5720693113434435,0.4279306886565565,432.86,Medium,370.8228971363493,382.44090945072236,369.60782,372.7508275504839,62.037102863650716
10,1,50.801901704528326,311,26,2,3,0.4309399853764649,0.2366888799078592,8,0.762740240009649,Grocery,South,M,Hibernating,CUST_02817,50.801901704528326,0.8333333333333334,1.2,1,1,1,3,0.2889038938375821,0.7110961061624179,34.91,Low,31.230525599335635,47.990829967481965,32.545773,34.4689238889037,3.679474400664361
36,12,200.0,87,55,1,5,0.5622036325185147,0.2775177424207951,7,0.582430526334526,Pharmacy,East,F,At-Risk,CUST_01539,16.666666666666668,3.0,4.0,3,2,2,7,0.5031723364332669,0.4968276635667331,49.91,Low,57.77047275889613,83.9227928311559,47.41351,58.68627181997015,7.860472758896137
16,51,835.2417611156991,62,37,3,7,0.7052059303802856,0.0610483820066018,4,0.2975273780667736,Tech,North,M,Growers,CUST_01424,16.37728943364116,1.3333333333333333,38.25,4,4,3,11,0.8630189259070021,0.1369810740929978,1680.98,High,1661.6944452916603,1693.5049803502486,1607.7213,1651.5671667243582,19.28555470833976
24,12,460.6269285956537,179,62,1,5,0.3563766491557125,0.1090183943822756,9,0.5142521141219297,Clothing,North,F,At-Risk,CUST_01652,38.38557738297114,2.0,6.0,2,2,2,6,0.3619336325769436,0.6380663674230564,131.23,Low,138.57400634027508,85.87475733332545,132.26825,124.19847661951948,7.344006340275087
32,55,1543.5843095405237,36,25,3,6,0.8915402229765002,0.1423282415703144,7,0.3383137139302085,Sports,West,F,Growers,CUST_00631,28.065169264373157,2.6666666666666665,20.625,4,4,4,12,0.7375735658837866,0.2624264341162133,702.71,Medium,909.2321470394203,1176.5327432256302,715.6741,891.0049151006278,206.52214703942025
17,4,185.586171605122,182,52,1,5,0.4322664459293764,0.4977344960898228,2,0.8895859993657924,Grocery,South,F,Hibernating,CUST_02542,46.39654290128049,1.4166666666666667,2.8235294117647056,2,1,2,5,0.2882870271399443,0.7117129728600556,55.2,Low,67.76298746020255,73.33927379161865,56.818935,65.30435674600682,12.56298746020255
16,15,200.0,196,62,1,4,0.2714485628118407,0.2819501437262748,8,0.4538262997726499,Grocery,South,F,At-Risk,CUST_01508,13.333333333333334,1.3333333333333333,11.25,2,3,2,7,0.5131341728973419,0.4868658271026581,97.24,Low,115.71587842792057,154.28579806977265,103.18694,118.4360163676509,18.475878427920577
7,2,46.12313090083654,200,40,1,2,0.1486292080642971,0.4164213240151864,7,0.5410356580251534,Pharmacy,East,F,Hibernating,CUST_02942,23.06156545041827,0.5833333333333334,3.4285714285714284,2,1,1,4,0.2744634158991793,0.7255365841008207,36.32,Low,34.91427923821045,47.26523151100731,34.466927,36.95836946715071,1.4057207617895529
40,117,5967.737427355506,14,30,4,8,0.325121504911491,0.0390377958864946,0,0.1466184844775764,Electronics,North,F,Champions,CUST_00483,51.00630279791031,3.333333333333333,35.1,5,5,5,15,0.95,0.05,11358.1,Very High,11485.604976764134,10158.201470918188,10962.524,11051.304272534751,127.50497676413397
41,6,596.5457061295698,185,24,2,5,0.4639240459205584,0.2254977753280266,10,0.6351814217996263,Clothing,East,F,At-Risk,CUST_01928,99.4242843549283,3.4166666666666665,1.7560975609756098,2,2,3,7,0.3895023216094785,0.6104976783905214,106.51,Low,108.70201689231932,137.01990094148076,104.48058,112.51347431271135,2.192016892319316
35,37,1828.4929009745829,42,43,2,7,0.8026240434817192,0.066485674094655,1,0.1961022327287962,Clothing,East,M,Growers,CUST_01114,49.41872705336711,2.9166666666666665,12.685714285714289,4,4,4,12,0.6959281419116697,0.3040718580883302,743.79,Medium,933.0807251847405,951.7541820526421,719.7489,866.6081523741003,189.2907251847405
17,6,64.14525642909109,274,54,1,2,0.1305892530576217,0.2084738618630228,12,0.9391624379535436,Grocery,West,M,Hibernating,CUST_02564,10.690876071515182,1.4166666666666667,4.235294117647059,1,2,1,4,0.32764059895965,0.67235940104035,24.69,Low,22.97034197524286,38.99765412873542,22.698946,25.464441620054235,1.7196580247571411
29,45,1460.2690034862558,47,46,3,7,0.4984058747301536,0.0651992561444677,6,0.2643482598736658,Tech,North,M,Growers,CUST_01089,32.45042229969457,2.4166666666666665,18.620689655172416,4,4,4,12,0.7558731470426422,0.2441268529573578,913.19,High,979.1110725561402,1259.7883244418394,906.3721,1006.1676527325565,65.92107255614019
53,172,4708.695723876148,4,37,4,10,0.6979631935717512,0.0582517288471883,1,0.1443087748412027,Luxury,West,F,Champions,CUST_00439,27.37613792951249,4.416666666666667,38.94339622641509,5,5,5,15,0.95,0.05,8928.83,Very High,8054.543252826906,7815.821161537031,8765.922,8212.109204387836,874.2867471730942
21,17,335.568545152314,98,60,2,5,0.5511802722336032,0.2714807360022381,12,0.5832600418464999,Pharmacy,West,M,At-Risk,CUST_01718,19.73932618543024,1.75,9.714285714285714,3,3,2,8,0.6776565601769677,0.3223434398230322,207.94,Medium,192.10430701985857,224.89041586364618,212.18527,204.25924392465254,15.835692980141431
8,3,59.18649405677256,207,51,2,2,0.3963973006339895,0.2440997141490061,5,0.6081946805512228,Grocery,East,M,Hibernating,CUST_02444,19.72883135225752,0.6666666666666666,4.5,1,1,1,3,0.2886405862060545,0.7113594137939454,50.81,Low,42.731863696383854,37.878064465211644,47.45249,43.048869295030634,8.078136303616148
23,23,2481.759233837777,62,46,3,8,0.7917780083212131,0.1193274427408718,2,0.3191214032718413,Clothing,East,M,Growers,CUST_00857,107.90257538425118,1.9166666666666667,12.0,4,3,4,11,0.6712253282453594,0.3287746717546406,1489.48,High,1317.7935930266126,1528.674725886087,1438.7537,1393.7447281271818,171.68640697338742
15,4,494.1218030887017,86,69,1,7,0.56227334630833,0.1700784668493851,11,0.3166522874858005,Clothing,North,M,At-Risk,CUST_01984,123.53045077217544,1.25,3.2,3,1,2,6,0.428889331531592,0.571110668468408,286.99,Medium,192.30922398077206,183.6622514975819,240.83853,203.86114453596906,94.68077601922795
37,188,7066.061802053483,10,44,4,8,0.4354713491581827,0.0563203077850769,4,0.08875754533386,Home,East,F,Champions,CUST_00167,37.58543511730576,3.083333333333333,60.97297297297297,5,5,5,15,0.95,0.05,20438.02,Very High,16658.73664114586,23161.39789928976,19717.521,18716.728442394156,3779.28335885414
83,114,7111.369755808021,8,48,3,10,0.5784392215860479,0.057870651628474,1,0.0733572600673924,Electronics,West,F,Champions,CUST_00060,62.38043645445632,6.916666666666667,16.481927710843372,5,5,5,15,0.95,0.05,7847.29,Very High,8413.382899912735,3255.4103855646104,7906.047,6829.669545450112,566.0928999127345
6,20,2500.0,28,27,3,9,0.8173342608948526,0.0732184783470291,2,0.1253930359111653,Tech,South,M,Growers,CUST_00612,125.0,0.5,40.0,4,3,4,11,0.6697112292550723,0.3302887707449277,5381.51,Very High,3646.064526411278,3834.12009506679,4507.274,3924.822516106464,1735.445473588722
65,173,8008.90854340392,5,34,4,9,0.305142247967846,0.0293948474799379,0,0.1343333611310827,Home,West,F,Champions,CUST_00531,46.29426903701688,5.416666666666667,31.93846153846153,5,5,5,15,0.9137828159801756,0.0862171840198242,6090.52,Very High,6882.736300447954,7309.63110023793,6177.3027,6743.71901396898,792.2163004479535
9,4,100.74525553669902,348,46,1,6,0.114151686069328,0.3483650570291552,6,0.7223391455016713,Grocery,South,F,Hibernating,CUST_02788,25.186313884174755,0.75,5.333333333333333,1,1,1,3,0.2047527611866854,0.7952472388133145,55.09,Low,54.98909030629218,40.867453839014594,56.996483,52.38847587060671,0.10090969370782688
26,129,15000.0,17,38,4,9,0.4111806523740851,0.0254867087512244,0,0.0074408862524224,Luxury,East,M,Champions,CUST_00050,116.27906976744184,2.1666666666666665,59.53846153846154,5,5,5,15,0.95,0.05,44934.44,Very High,32829.6594332462,73507.68127642879,40778.562,41165.16174434461,12104.780566753805
27,16,392.95407064074,92,22,1,6,0.2723597488097464,0.2449729230680755,3,0.6804727243398818,Grocery,East,M,At-Risk,CUST_01884,24.55962941504625,2.25,7.111111111111111,3,3,2,8,0.5664499127344431,0.4335500872655569,161.42,Low,145.1097092594451,150.47062285263527,157.57443,149.82564893815368,16.310290740554876
34,48,1472.355303651952,83,27,3,9,0.4725447233195691,0.1065211819957238,4,0.3246732634505401,Clothing,East,F,Growers,CUST_01012,30.674068826082333,2.833333333333333,16.941176470588236,3,4,4,11,0.7543895855718554,0.2456104144281445,640.85,Medium,813.584277701596,908.1014563071925,684.80963,789.7725698083239,172.73427770159594
11,42,1388.483249344363,41,39,2,8,0.4575819559522628,0.0514723891861331,7,0.3412207485409633,Clothing,South,M,Growers,CUST_00859,33.0591249843896,0.9166666666666666,45.81818181818182,4,4,4,12,0.778195989145239,0.2218040108547609,3045.24,Very High,2546.099519330038,3141.129812254593,2794.5571,2730.5448654500133,499.14048066996156
22,40,2500.0,83,54,3,7,0.8179922245467375,0.054948501355387,1,0.2768176814861137,Tech,South,M,Growers,CUST_01018,62.5,1.8333333333333333,21.81818181818182,3,4,4,11,0.6681394087570492,0.3318605912429507,1405.81,High,1383.9405924247417,1359.0603227736365,1439.7378,1395.3772038449283,21.869407575258265
80,120,8787.82443399739,13,40,4,8,0.3526727422406666,0.0688636097282035,3,0.1321342740817128,Luxury,South,F,Champions,CUST_00049,73.23187028331158,6.666666666666667,18.0,5,5,5,15,0.95,0.05,14174.85,Very High,11140.476699293236,4546.774441143543,12088.99,9543.627127924276,3034.373300706764
23,42,2320.26474685613,76,36,2,6,0.8254013008247565,0.1435973108209467,7,0.1985333107070779,Sports,North,M,Growers,CUST_00720,55.24439873466976,1.9166666666666667,21.913043478260867,3,4,4,11,0.6228659005013735,0.3771340994986265,1012.54,High,1183.6481481717512,1113.4865741311576,1037.6893,1124.0073528274447,171.10814817175128
4,5,73.35272210701216,351,25,2,6,0.3680778434822033,0.4517065875002617,9,0.489611986534523,Pharmacy,East,F,Hibernating,CUST_02391,14.67054442140243,0.3333333333333333,15.0,1,1,1,3,0.2453339515851403,0.7546660484148597,105.96,Low,96.30962819728714,57.31000382159129,104.53608,89.00089631487916,9.650371802712854
23,7,77.85747509042146,357,68,1,5,0.1822512325883081,0.3595039335769433,14,0.8923258468659857,Pharmacy,North,M,Hibernating,CUST_02653,11.12249644148878,1.9166666666666667,3.652173913043478,1,2,1,4,0.2798915421302818,0.7201084578697181,18.73,Low,20.658293687361258,35.17618869197733,21.408789,23.245001031784795,1.9282936873612577
46,4,322.25926282297144,154,53,2,7,0.2362195241166272,0.2880438208631701,13,0.4879490894545363,Pharmacy,East,M,At-Risk,CUST_02247,80.56481570574286,3.8333333333333335,1.0434782608695652,2,1,2,5,0.3494643038197045,0.6505356961802955,40.16,Low,60.80582773551551,50.11012623359314,47.360188,54.27929498741823,20.64582773551551
19,50,2127.795834467933,41,41,2,6,0.5526268145502216,0.062805513849688,2,0.3436523027158104,Clothing,East,M,Growers,CUST_01160,42.55591668935867,1.5833333333333333,31.57894736842105,4,4,4,12,0.8644065262914579,0.1355934737085421,4069.0,Very High,3186.338959157501,2878.824953333094,3832.9827,3300.280663662908,882.661040842499
19,53,800.0,59,45,3,8,0.4005435099024663,0.1303259071678951,4,0.1363082172690859,Tech,West,F,Growers,CUST_00633,15.09433962264151,1.5833333333333333,33.473684210526315,4,4,3,11,0.8320076721178571,0.1679923278821429,891.82,High,1032.511068327361,1347.5610956243916,894.63635,1043.170032242376,140.691068327361
28,15,1515.1550330947994,79,25,3,7,0.4227323136024629,0.1351036938535022,6,0.1467642090065951,Clothing,East,F,Growers,CUST_01339,101.0103355396533,2.333333333333333,6.428571428571428,3,3,4,10,0.5594013353635844,0.4405986646364156,466.08,Medium,568.154948083315,654.1759209701056,466.68332,550.9152911244389,102.07494808331506
28,10,774.3961290890468,103,66,2,4,0.3709006405585186,0.2187192269896442,4,0.543254093169257,Clothing,West,F,At-Risk,CUST_02128,77.43961290890468,2.333333333333333,4.285714285714286,3,2,3,8,0.4374584146757798,0.5625415853242202,225.47,Medium,210.06473308497806,219.3763911871236,219.70253,214.76602663883088,15.40526691502194
8,4,155.5076593711074,291,52,2,6,0.4672435880136568,0.3740145978009119,11,0.5478310767355579,Grocery,South,M,Hibernating,CUST_02603,38.87691484277685,0.6666666666666666,6.0,1,1,1,3,0.1282963668332382,0.8717036331667618,104.73,Low,85.2941129779615,35.03210796561348,99.70073,74.89940059879693,19.4358870220385
33,57,800.0,80,47,2,7,0.5131521430756173,0.1069719406533485,4,0.3310594252035332,Clothing,North,M,Growers,CUST_01437,14.035087719298245,2.75,20.727272727272727,3,5,3,11,0.8551455350850656,0.1448544649149343,570.45,Medium,806.0673443592725,729.5029385893193,566.88446,710.9628272717649,235.61734435927247
61,119,6050.5860211612735,14,60,3,10,0.7189541874259018,0.0778806542958583,1,0.0009070564775967,Luxury,North,M,Champions,CUST_00026,50.84526068202751,5.083333333333333,23.40983606557377,5,5,5,15,0.95,0.05,9091.59,Very High,9099.155014801423,5240.470382278348,9166.857,8166.617186042569,7.565014801422876
22,7,94.70751300800174,196,74,2,1,0.3134594472470748,0.2411907625036582,13,0.6135560257724935,Pharmacy,South,M,Hibernating,CUST_02966,13.52964471542882,1.8333333333333333,3.8181818181818175,2,2,1,5,0.3700389102734576,0.6299610897265424,29.26,Low,30.861259469919517,44.63130435792096,29.156103,32.6741501047515,1.6012594699195155
78,185,7166.317663339263,4,50,4,10,0.5883511994288781,0.0212957150871868,4,0.0067727046618437,Luxury,South,F,Champions,CUST_00220,38.73685223426629,6.5,28.46153846153846,5,5,5,15,0.95,0.05,6725.06,Very High,7668.442742405492,5187.392834837945,7084.3438,6925.228209153353,943.3827424054916
18,3,85.44377392959015,346,61,2,6,0.4504812164165926,0.3154670404907545,15,0.7901777848544079,Grocery,West,M,Hibernating,CUST_02819,28.48125797653005,1.5,2.0,1,1,1,3,0.2540310604477084,0.7459689395522916,23.74,Low,26.260114335589027,35.138834958370765,25.244753,27.514872349039404,2.520114335589028
25,121,10385.965453744406,29,63,3,10,0.5501797231077803,0.0672866297345674,2,0.0302692422378685,Luxury,East,M,Champions,CUST_00277,85.83442523755707,2.083333333333333,58.08,4,5,5,14,0.9389369892679776,0.0610630107320224,21062.52,Very High,18984.00352860649,30437.886166032542,22981.758,22094.90295469913,2078.516471393512
39,5,800.0,149,49,2,5,0.3017699220966782,0.1514399860679745,4,0.6235003879376131,Grocery,West,M,At-Risk,CUST_02158,160.0,3.25,1.5384615384615383,2,1,3,6,0.3219253077854427,0.6780746922145573,164.39,Low,132.861906849318,152.07807274500414,152.20317,142.18300482128396,31.528093150681997
7,59,2120.2401340703877,59,40,2,7,0.4144902951249881,0.1289668462780502,4,0.3423105326145095,Tech,South,F,Growers,CUST_01481,35.936273458820125,0.5833333333333334,101.14285714285714,4,5,4,13,0.9318943028713202,0.0681056971286797,21752.12,Very High,9965.912600421549,17838.811813899927,21047.63,14011.819718029423,11786.20739957845
8,38,1062.49505953533,39,51,3,9,0.6821696115910867,0.1169833338816288,2,0.3040994315903926,Clothing,North,F,Growers,CUST_01236,27.96039630356132,0.6666666666666666,57.0,4,4,3,11,0.8090086177748474,0.1909913822251525,2407.09,High,2525.578383496548,2540.323957203778,2983.394,2658.104045780608,118.48838349654807
33,17,200.0,118,58,2,5,0.5271981522399127,0.1295068678119126,4,0.5027753115029764,Clothing,South,F,At-Risk,CUST_01594,11.764705882352942,2.75,6.181818181818182,2,3,2,7,0.5151056528648212,0.4848943471351787,59.18,Low,68.40778686481934,86.24892702395222,53.209736,66.46512508655744,9.227786864819343
19,21,1092.8570659482948,61,37,3,7,0.8095651107805006,0.0841709687130228,6,0.2908453149458906,Tech,East,M,Growers,CUST_01000,52.04081266420452,1.5833333333333333,13.263157894736842,4,3,3,10,0.7110512615575523,0.2889487384424477,767.09,Medium,721.328397475814,717.8888955016041,783.3198,738.6864531478298,45.76160252418606
27,17,763.3901919272276,100,47,2,5,0.3966644502152894,0.2266215082797679,7,0.5955374037018105,Clothing,West,M,At-Risk,CUST_02141,44.90530540748398,2.25,7.555555555555555,3,3,3,9,0.5999969377186223,0.4000030622813777,340.54,Medium,269.861965880249,318.0310084334681,291.82132,285.4978972434821,70.67803411975103
26,193,12298.671541222187,1,64,3,9,0.7045118201458382,0.0194203386972875,1,0.1037580171202033,Home,East,M,Champions,CUST_00362,63.72368674208387,2.1666666666666665,89.07692307692308,5,5,5,15,0.95,0.05,36884.83,Very High,24981.73298628969,91675.74603126505,30701.547,34467.641784263105,11903.09701371031
12,49,2500.0,35,37,2,9,0.735556249187218,0.079326608574283,6,0.2316723397315877,Tech,West,F,Growers,CUST_01458,51.02040816326531,1.0,49.0,4,4,4,12,0.8180641053100198,0.1819358946899801,4554.28,Very High,3591.8712165425636,4451.827882008622,4479.6914,4006.297499879769,962.4087834574361
23,17,492.7424007060163,143,61,2,4,0.4866289834411267,0.1025808393995031,10,0.3553926435051868,Pharmacy,East,M,At-Risk,CUST_01994,28.984847100353903,1.9166666666666667,8.869565217391305,2,3,2,7,0.4559642484446521,0.5440357515553479,158.39,Low,173.3919900160336,115.40358059503427,189.38661,164.13818595479287,15.001990016033602
40,5,348.2779567738331,120,33,2,6,0.5679392098808782,0.1037942292981503,6,0.5159285612686743,Clothing,South,M,At-Risk,CUST_01672,69.65559135476663,3.333333333333333,1.5,2,1,2,5,0.3264437192761327,0.6735562807238673,49.19,Low,59.19400379576214,49.31801087507897,48.809418,53.86744904060211,10.004003795762145
16,4,113.75252783724176,344,59,2,1,0.3757522673346002,0.4697368489425164,16,0.5281115085130399,Grocery,East,F,Hibernating,CUST_02335,28.43813195931044,1.3333333333333333,3.0,1,1,1,3,0.2123623533189652,0.7876376466810348,46.76,Low,39.3705773345012,34.083825944963266,43.12493,39.314299281078405,7.389422665498799
13,13,476.07048627448734,104,62,2,6,0.3067728791383025,0.2723056260596076,5,0.4809948299843081,Grocery,West,M,At-Risk,CUST_01651,36.62080663649903,1.0833333333333333,12.0,3,2,2,7,0.5305706734457549,0.4694293265542451,374.92,Medium,291.44039145136384,205.67114399232625,343.55975,285.58537947172596,83.47960854863618
36,17,305.3645346251455,123,34,1,6,0.5804008049636065,0.171768488229159,11,0.5978028146590879,Pharmacy,North,M,At-Risk,CUST_01836,17.962619683832088,3.0,5.666666666666667,2,3,2,7,0.4947896543192486,0.5052103456807514,71.69,Low,72.91487753305786,79.0090112169003,73.265305,74.20202121167222,1.2248775330578638
18,12,800.0,67,37,3,8,0.5372260251024059,0.0673947801604193,7,0.2681621848580927,Tech,West,F,Growers,CUST_01115,66.66666666666667,1.5,8.0,3,2,3,8,0.5405870156883579,0.4594129843116421,473.81,Medium,463.7306179085377,331.26176905078887,478.33307,437.61953214356873,10.079382091462321
33,12,432.80771778716473,153,33,1,6,0.3710243600482789,0.2423969291958431,9,0.3519233844660576,Pharmacy,North,F,At-Risk,CUST_01847,36.06730981559706,2.75,4.363636363636363,2,2,2,6,0.3969295724566922,0.6030704275433079,71.56,Low,85.26095179216516,70.03529704761218,83.305756,81.40606444233326,13.700951792165156
35,21,1575.4681162207744,72,27,3,7,0.845199394540276,0.0958425874044915,5,0.3289980003405193,Sports,South,F,Growers,CUST_01318,75.0222912486083,2.9166666666666665,7.2,3,3,4,10,0.6361939843300273,0.3638060156699727,432.21,Medium,560.9163308446796,594.2564237841234,450.47617,531.3130416973798,128.7063308446796
23,5,79.29131958243518,227,50,1,1,0.2582698439834926,0.4132205536064174,3,0.9718797155845074,Pharmacy,North,F,Hibernating,CUST_02630,15.858263916487036,1.9166666666666667,2.608695652173913,1,1,1,3,0.1771764242024744,0.8228235757975255,18.9,Low,19.742276309143627,20.453206629915403,18.970915,19.64648165766109,0.842276309143628
34,92,15000.0,23,42,3,9,0.567967539426059,0.0293145886066382,4,0.0031513735479541,Electronics,East,M,Champions,CUST_00298,163.04347826086956,2.833333333333333,32.47058823529412,5,5,5,15,0.95,0.05,41381.63,Very High,31632.60256174772,42162.232638822155,40281.37,36023.30829149366,9749.027438252277
24,41,1232.902424597653,16,44,3,7,0.5896493963360938,0.1056623918239935,2,0.3139069203838084,Tech,West,F,Growers,CUST_01314,30.070790843845195,2.0,20.5,5,4,4,13,0.9301026261605062,0.0698973738394937,3218.9,Very High,4343.229343379751,2520.0233581646744,4033.7786,3809.8133749007,1124.3293433797512
12,33,1135.2578223532903,29,38,2,7,0.5584427760861355,0.1371138150162155,4,0.1166555218418653,Tech,West,F,Growers,CUST_00938,34.40175219252395,1.0,33.0,4,4,3,11,0.7834113303127629,0.2165886696872371,1383.18,High,1655.1935840588535,1402.795442581032,1506.2626,1556.6613601503889,272.01358405885344
65,122,15000.0,19,38,4,8,0.6821766932182136,0.0387912780446361,4,0.094615563025893,Electronics,South,M,Champions,CUST_00241,122.95081967213116,5.416666666666667,22.52307692307692,5,5,5,15,0.95,0.05,16529.22,Very High,16161.022468205916,15962.045833686489,17127.498,16404.401107722246,368.1975317940851
14,42,1271.2009342189783,59,31,3,7,0.7633040105906375,0.0943738277411164,2,0.318720491860536,Clothing,South,M,Growers,CUST_01433,30.26668890997568,1.1666666666666667,36.0,4,4,4,12,0.8283222493389514,0.1716777506610486,2364.61,High,2198.411581820044,2799.867822575987,2498.2542,2397.583959869997,166.1984181799562
57,129,4187.723311273352,14,34,4,9,0.5657274570946527,0.0634584588545224,1,0.0586376140261743,Luxury,East,M,Champions,CUST_00583,32.46297140521978,4.75,27.157894736842103,5,5,5,15,0.95,0.05,8880.82,Very High,7355.696599626328,4886.214026370988,7958.219,6939.884760373211,1525.1234003736718
8,3,142.0241532407247,291,29,1,1,0.1551563109685342,0.3135954413757099,18,0.5439439911532759,Grocery,North,M,Hibernating,CUST_02907,47.3413844135749,0.6666666666666666,4.5,1,1,1,3,0.2409950388379425,0.7590049611620575,117.93,Low,83.14833880167231,44.9489733564383,107.06028,79.36700796604933,34.7816611983277
15,8,475.45155507841366,81,63,2,4,0.2265040332243647,0.2056985779378236,7,0.6695957649594845,Clothing,North,F,At-Risk,CUST_01955,59.43144438480171,1.25,6.4,3,2,2,7,0.4759659795011741,0.5240340204988259,321.85,Medium,256.7519920053265,167.11173330097023,306.0253,248.3864704238826,65.09800799467354
19,19,905.993673900594,19,51,3,9,0.5646217393817885,0.1065632192792928,5,0.142958639229229,Tech,East,M,Growers,CUST_01335,47.68387757371548,1.5833333333333333,12.0,5,3,3,11,0.8461507409616509,0.1538492590383491,1369.8,High,1191.934518283506,1090.1372393010754,1144.2583,1156.591198301014,177.86548171649406
23,8,303.9806616724021,166,23,2,5,0.3324214714074724,0.1481489093942758,8,0.3695205955780921,Clothing,East,M,At-Risk,CUST_01730,37.99758270905026,1.9166666666666667,4.173913043478261,2,2,2,6,0.4447617608331766,0.5552382391668234,105.09,Low,99.05081563330803,98.02643477092313,102.588234,99.89129290758372,6.03918436669197
32,12,252.6307934140533,162,29,2,6,0.3148976940712782,0.1828637300504693,13,0.3627414609474289,Grocery,North,F,At-Risk,CUST_01673,21.05256611783777,2.6666666666666665,4.5,2,2,2,6,0.4626767028889775,0.5373232971110224,52.85,Low,60.606499823520394,76.20731774183731,58.14995,62.66947735036939,7.756499823520393
28,47,6241.370789773636,17,64,4,8,0.4391842408313283,0.0290368191578739,2,0.008608776553241,Electronics,East,M,Champions,CUST_00351,132.7951231866731,2.333333333333333,20.142857142857142,5,4,5,14,0.8779595234325711,0.1220404765674288,8848.57,Very High,6957.242967752253,9688.115114766044,5641.145,6980.3576455528455,1891.3270322477465
6,2,46.70594224188469,213,66,1,4,0.4914513024928234,0.3017775763203383,10,0.8350455463065412,Pharmacy,South,F,Hibernating,CUST_02746,23.352971120942343,0.5,4.0,1,1,1,3,0.1388633372931127,0.8611366627068873,37.55,Low,52.39731556640518,28.01757243824449,39.147022,42.3898281072753,14.847315566405186
10,21,2161.3491114026683,61,30,3,8,0.6173451963317931,0.1063349362372963,2,0.3151821398470211,Clothing,East,F,Growers,CUST_01221,102.92138625726992,0.8333333333333334,25.2,4,3,4,11,0.6694922680398725,0.3305077319601275,3047.33,Very High,2972.887122705862,2414.6800366958864,3342.5999,2953.843296413872,74.44287729413782
35,40,9651.2575757649,13,41,4,9,0.5198702432539543,0.0100778465937331,4,0.0599974527440352,Electronics,North,M,Champions,CUST_00350,241.2814393941225,2.9166666666666665,13.714285714285715,5,4,5,14,0.8859184742013627,0.1140815257986372,10198.8,Very High,8941.47101399965,18137.739728026336,9949.391,10635.586925147458,1257.3289860003497
29,11,596.0316166958071,159,27,1,5,0.431772729087971,0.2804590577480845,9,0.6096574478966255,Clothing,North,M,At-Risk,CUST_01519,54.18469242689155,2.4166666666666665,4.551724137931035,2,2,3,7,0.4833605800425877,0.5166394199574122,174.23,Low,169.11698864742993,173.89381776531562,173.05899,171.2414539397669,5.113011352570055
17,4,61.28649063196151,214,40,1,4,0.4229767954378175,0.2367281895666906,7,0.5150787194936258,Grocery,West,F,Hibernating,CUST_02548,15.321622657990376,1.4166666666666667,2.8235294117647056,1,1,1,3,0.3097506014563874,0.6902493985436126,21.65,Low,21.64090214571131,30.9742174864265,21.183443,23.111018441430993,0.009097854288690144
31,14,800.0,82,36,2,8,0.6968987297077128,0.1112049621448153,1,0.1333066869960883,Sports,East,F,Growers,CUST_00644,57.142857142857146,2.583333333333333,5.419354838709677,3,3,3,9,0.6172331152321991,0.3827668847678008,292.87,Medium,302.46152771428126,306.11010415232596,222.82294,276.6400163327267,9.591527714281256
6,7,24.354185002035628,289,72,2,4,0.2099502882893575,0.2916353820063779,19,0.8381696844123669,Pharmacy,East,M,Hibernating,CUST_02836,3.4791692860050896,0.5,14.0,1,2,1,4,0.3004695304009299,0.6995304695990701,28.31,Low,41.776879859974805,55.21193264238826,28.352741,39.35198446664887,13.466879859974807
34,25,1263.7981308577814,68,35,3,8,0.571853546067809,0.1094776214790834,1,0.263646200047865,Tech,West,F,Growers,CUST_00945,50.551925234311256,2.833333333333333,8.823529411764705,3,3,4,10,0.5825046084762894,0.4174953915237106,309.25,Medium,463.6694866940648,477.73264990420637,328.59006,420.67994990003695,154.4194866940648
35,19,2500.0,51,42,3,6,0.5007570627120542,0.1350618208527271,3,0.1095384014838443,Tech,West,M,Growers,CUST_01463,131.57894736842104,2.9166666666666665,6.514285714285714,4,3,4,11,0.7412345175105433,0.2587654824894567,926.74,High,1036.230657915602,1378.476613577357,947.5045,1068.0362242122892,109.49065791560201
22,14,827.9877317579485,29,37,3,7,0.7827741770496579,0.1309587270809553,3,0.2027249762479516,Clothing,East,F,Growers,CUST_00658,59.14198083985347,1.8333333333333333,7.636363636363637,4,3,3,10,0.8094290695995758,0.1905709304004241,884.17,High,696.0707037769218,714.3649990142978,855.01294,744.2261953322388,188.0992962230781
10,3,71.23691559040093,195,27,1,4,0.1849146435060731,0.4035001489127572,3,0.6767713457538742,Grocery,East,M,Hibernating,CUST_02703,23.745638530133643,0.8333333333333334,3.6,2,1,1,4,0.3892925445594136,0.6107074554405865,60.81,Low,43.20338661607302,58.237230570513475,56.36135,49.67952972367238,17.606613383926984
5,3,43.95194524499059,336,39,2,2,0.3286083863583842,0.2939505065248242,9,0.887537626234524,Pharmacy,North,M,Hibernating,CUST_02894,14.650648414996864,0.4166666666666667,7.199999999999999,1,1,1,3,0.2568988306302917,0.7431011693697083,64.04,Low,53.696187600964926,47.401460567695345,58.229343,53.66524867511778,10.34381239903508
14,28,1331.6509040092706,45,40,3,6,0.7964562371083239,0.1167361797491808,2,0.3330669597095418,Tech,North,F,Growers,CUST_01237,47.55896085747395,1.1666666666666667,24.0,4,4,4,12,0.8561651265556929,0.1438348734443071,2311.45,High,2514.545531216316,2446.673874655291,2594.4348,2524.3980293596014,203.09553121631598
7,6,58.48618505508572,300,47,1,5,0.3064244688745448,0.2899916536280003,4,0.5273369597712911,Pharmacy,North,F,Hibernating,CUST_02468,9.747697509180954,0.5833333333333334,10.285714285714285,1,2,1,4,0.3416154943127057,0.6583845056872943,50.17,Low,46.90341155586308,59.973749276233306,50.956783,50.51153331988783,3.2665884441369215
35,17,800.0,64,48,3,6,0.840772225202966,0.0776719997542299,6,0.1053472116687699,Sports,West,M,Growers,CUST_00648,47.05882352941177,2.9166666666666665,5.828571428571429,3,3,3,9,0.5976354677145732,0.4023645322854268,191.11,Low,273.9804534552252,249.64431439303812,198.63138,244.2060292604772,82.87045345522517
8,37,2500.0,39,45,2,7,0.8462711812659475,0.058525822463686,2,0.2184227830726751,Clothing,East,F,Growers,CUST_01126,67.56756756756756,0.6666666666666666,55.5,4,4,4,12,0.7631725888729602,0.2368274111270397,5102.68,Very High,4480.4324300407825,5151.393801484567,5188.288,4814.513595292632,622.2475699592178
22,16,1774.564899157294,89,29,3,8,0.603677405814725,0.1062795535208251,2,0.3278174472458777,Sports,North,F,Growers,CUST_01111,110.91030619733088,1.8333333333333333,8.727272727272728,3,3,4,10,0.5989592955336029,0.401040704466397,999.72,High,856.9682601009845,944.8143359093835,967.9898,906.3869950119988,142.75173989901555
12,1,74.2535870875471,219,72,1,6,0.4334166811531404,0.4877713714050203,4,0.6551832624865499,Pharmacy,West,M,Hibernating,CUST_02651,74.2535870875471,1.0,1.0,1,1,1,3,0.2211169801065676,0.7788830198934323,33.3,Low,34.15093032349625,38.723167757015155,33.515717,34.824674273669295,0.8509303234962502
28,9,645.8943656401481,62,63,2,6,0.3819838657464835,0.2383116733651086,10,0.5569330482231403,Pharmacy,North,F,At-Risk,CUST_01941,71.76604062668312,2.333333333333333,3.8571428571428568,4,2,3,9,0.5273183050640853,0.4726816949359147,193.79,Low,213.1322410478411,302.41148083932313,197.15019,223.30855441560058,19.3422410478411
31,194,12042.209335071737,29,56,4,8,0.5213990682718688,0.0383795977597408,3,0.0077486035671961,Luxury,West,M,Champions,CUST_00539,62.07324399521513,2.583333333333333,75.09677419354838,4,5,5,14,0.8923524635316896,0.1076475364683103,16447.46,Very High,11632.617820277033,44248.86538901661,16052.306,16737.215198397906,4814.842179722966
8,57,1485.3190115247833,47,27,3,9,0.4142419052746358,0.115953031902998,4,0.1023964100360986,Sports,North,F,Growers,CUST_01049,26.05822827236462,0.6666666666666666,85.5,4,5,4,13,0.8587033822704363,0.1412966177295637,4898.4,Very High,4676.066796113689,9725.296663320674,4895.981,5488.778595503082,222.3332038863109
23,7,34.9589820899981,352,59,1,2,0.3433313383617973,0.3940030066982017,15,0.9955371751992724,Pharmacy,North,F,Hibernating,CUST_02984,4.994140298571158,1.9166666666666667,3.652173913043478,1,2,1,4,0.3506920580534071,0.6493079419465929,12.49,Low,11.60496690149444,39.270319176428906,12.097465,15.085111010464818,0.885033098505561
16,3,51.84926983696689,266,35,2,6,0.3345409871300556,0.2654202906715796,2,0.6434028717278463,Grocery,West,F,Hibernating,CUST_02376,17.28308994565563,1.3333333333333333,2.25,1,1,1,3,0.1725145798921644,0.8274854201078355,16.47,Low,17.719951873682234,25.51284671424544,16.03225,18.508561507462634,1.2499518736822353
16,9,795.725459291306,165,54,2,5,0.3864136478000147,0.2903008424070319,4,0.6969036815065841,Clothing,South,F,At-Risk,CUST_02210,88.41393992125623,1.3333333333333333,6.75,2,2,3,7,0.4164110165990494,0.5835889834009507,336.99,Medium,321.7880664884428,260.2651327003699,343.9668,314.6517664761673,15.201933511557229
17,1,138.46392514888984,307,23,1,3,0.1979920863735369,0.454133967047276,17,0.5736505140522402,Grocery,East,M,Hibernating,CUST_02339,138.46392514888984,1.4166666666666667,0.7058823529411764,1,1,1,3,0.1649989853532212,0.8350010146467788,44.74,Low,40.60749726703251,50.07892114542796,44.45048,43.51390780256944,4.132502732967495
27,18,312.85823665474385,118,51,2,4,0.544805642764656,0.2164068694449918,4,0.4794772547853871,Clothing,West,F,At-Risk,CUST_02163,17.38101314748577,2.25,8.0,2,3,2,7,0.5798849662980458,0.4201150337019542,133.37,Low,129.6332678705751,123.45965105173421,125.59927,127.16280009794787,3.736732129424894
23,16,1182.2732460302382,37,37,3,6,0.6231311259049493,0.0508200709427645,6,0.3177925829902431,Sports,West,M,Growers,CUST_00802,73.89207787688989,1.9166666666666667,8.347826086956522,4,3,3,10,0.6149621531732706,0.3850378468267293,712.37,Medium,617.4839853344018,519.7039642234805,674.82324,612.6664194929405,94.88601466559817
35,44,2309.272283280126,79,52,3,8,0.8449818525686239,0.0922870115730137,2,0.3368067568366777,Sports,East,M,Growers,CUST_00787,52.483460983639226,2.9166666666666665,15.085714285714287,3,4,4,11,0.7237920188421982,0.2762079811578017,972.17,High,1112.7949242748964,959.0462589766239,961.1021,1033.7308569713377,140.62492427489644
21,6,200.0,333,26,1,3,0.350884767618141,0.4773091885057069,3,0.6335561783986281,Pharmacy,West,F,Hibernating,CUST_02695,33.333333333333336,1.75,3.4285714285714284,1,2,2,5,0.2361371165780033,0.7638628834219967,61.63,Low,62.47251536932751,62.020265436806234,61.381744,62.05306358898739,0.8425153693275078
16,6,574.157738485366,104,24,1,6,0.5870198766941366,0.1853656815228641,9,0.3524468943467524,Grocery,West,M,At-Risk,CUST_02041,95.69295641422768,1.3333333333333333,4.5,3,2,3,8,0.4745333674757575,0.5254666325242425,291.21,Medium,270.5784752391448,330.04993237307065,290.36346,287.57380946363753,20.6315247608552
27,36,800.0,72,44,3,7,0.548472547976786,0.0517151680696614,4,0.3476164330153941,Clothing,East,F,Growers,CUST_00789,22.22222222222222,2.25,16.0,3,4,3,10,0.7103093351842252,0.2896906648157747,391.93,Medium,454.82618454328343,480.5353819368542,401.3564,442.92397986811466,62.896184543283425
29,14,800.0,145,41,1,5,0.2390193176516399,0.2007096945952515,12,0.4379425525714531,Clothing,West,F,At-Risk,CUST_02184,57.142857142857146,2.4166666666666665,5.793103448275862,2,3,3,8,0.5127678515658419,0.4872321484341581,211.64,Medium,218.16758210649212,212.4806442689776,213.9973,215.76531193836084,6.527582106492133
23,1,135.2497209831451,341,66,1,6,0.3677173699787156,0.2168498493634576,16,0.9588423690257176,Grocery,East,M,Hibernating,CUST_02469,135.2497209831451,1.9166666666666667,0.5217391304347826,1,1,1,3,0.2114633420547706,0.7885366579452293,26.57,Low,36.64357908401324,50.40276157295765,27.955732,36.03080140008296,10.07357908401324
41,15,713.523864469813,159,36,2,7,0.4555231473057513,0.1444378352416601,5,0.5667277873183394,Pharmacy,East,M,At-Risk,CUST_02014,47.56825763132087,3.4166666666666665,4.390243902439025,2,3,3,8,0.5075874570487751,0.4924125429512249,132.81,Low,142.91697857603447,155.175318148058,139.34842,144.19136030053198,10.106978576034464
10,44,1710.022191507759,82,46,3,7,0.6315590169752252,0.1105142196802867,5,0.1003545550334788,Tech,North,M,Growers,CUST_00715,38.86414071608544,0.8333333333333334,52.8,3,4,4,11,0.6679077869063278,0.3320922130936722,2556.67,Very High,2225.6925817194565,2580.394292221339,2391.847,2342.5570800540086,330.9774182805436
12,17,1430.071327222587,82,54,3,9,0.4398081256637189,0.056823768310304,5,0.1202174364580265,Tech,South,M,Growers,CUST_00804,84.12184277779922,1.0,17.0,3,3,4,10,0.5917973338455594,0.4082026661544405,1363.29,High,1365.8529825697622,1109.3158624515106,1367.8809,1310.7766953539008,2.562982569762198
14,13,457.705527990884,199,20,2,7,0.3370650654764547,0.2236626162752367,11,0.5076692586004224,Grocery,West,M,At-Risk,CUST_02009,35.20811753776031,1.1666666666666667,11.142857142857142,2,2,2,6,0.4015817008089458,0.5984182991910543,190.48,Low,204.93368432140434,131.9537095127039,197.82417,185.70011312525665,14.453684321404353
10,6,63.05732059208993,350,60,1,3,0.4300873425611767,0.4862149279783754,11,0.4638200443136191,Grocery,East,F,Hibernating,CUST_02762,10.509553432014988,0.8333333333333334,7.199999999999999,1,2,1,4,0.3097680198379441,0.6902319801620559,29.53,Low,33.21920302962385,53.25195565138335,31.194645,35.84284094136749,3.6892030296238474
48,66,15000.0,1,48,4,8,0.4605810763179767,0.027581848728388,1,0.1223618070939181,Luxury,South,M,Champions,CUST_00124,227.27272727272728,4.0,16.5,5,5,5,15,0.95,0.05,22216.21,Very High,20532.046724907894,29383.134129759746,23191.412,22878.84797853323,1684.1632750921053
19,18,713.9345053920555,140,56,1,4,0.474883274452675,0.2280069247884261,14,0.4732710448018609,Grocery,West,M,At-Risk,CUST_01809,39.66302807733641,1.5833333333333333,11.36842105263158,2,3,3,8,0.5364795210492227,0.4635204789507773,303.03,Medium,325.65728514099624,278.3783721171711,333.78516,317.94414589161363,22.627285140996264
32,19,684.6174089165763,69,50,2,6,0.3947372663338245,0.1380177584328406,8,0.3539172345530081,Pharmacy,South,M,At-Risk,CUST_02287,36.03249520613559,2.6666666666666665,7.125,3,3,3,9,0.604669348507547,0.3953306514924529,217.19,Medium,219.88975658049054,258.46720460489826,202.94077,221.71810893062445,2.6997565804905435
43,10,800.0,125,20,2,7,0.364869800177437,0.137500029269397,10,0.4959664446417978,Grocery,East,F,At-Risk,CUST_02148,80.0,3.583333333333333,2.7906976744186047,2,2,3,7,0.4100662983810807,0.5899337016189192,157.93,Low,140.4982527332228,117.37230575636384,150.0215,138.2314106849771,17.431747266777194
10,54,1045.4792309366394,77,45,3,7,0.4096592017671702,0.0600882028053459,1,0.1472284641084238,Clothing,West,M,Growers,CUST_00619,19.36072649882665,0.8333333333333334,64.8,3,4,3,10,0.6808673825844241,0.3191326174155758,1267.4,High,1428.9895975090462,1768.0561036980298,1313.3444,1453.8813267803066,161.58959750904614
82,189,11347.01550290642,26,30,3,10,0.5269949555998494,0.0189828103532135,0,0.0727845683648034,Luxury,East,F,Champions,CUST_00407,60.03711906299693,6.833333333333333,27.65853658536585,4,5,5,14,0.8473779036692789,0.1526220963307211,4899.76,Very High,5005.505122528279,4976.741054308475,4760.3,4924.967474156109,105.74512252827844
25,43,1586.2832017410688,67,46,2,7,0.5920574556218847,0.0667040163620018,1,0.2797929807105312,Sports,East,F,Growers,CUST_01158,36.89030701723416,2.083333333333333,20.64,3,4,4,11,0.7077014465366235,0.2922985534633765,708.61,Medium,859.5946047847304,1062.0602088827657,783.8163,872.2554810129084,150.98460478473044
25,36,2500.0,38,49,3,7,0.7670021752998023,0.0733690715443095,6,0.1970917194178869,Sports,North,F,Growers,CUST_01069,69.44444444444444,2.083333333333333,17.279999999999998,4,4,4,12,0.860372302198147,0.139627697801853,2854.74,Very High,2599.6433904326877,2184.3445035550435,3048.3308,2633.5461253010626,255.09660956731204
26,20,1641.777539682979,67,42,2,9,0.8679356459822289,0.1349871428561054,3,0.1449620371022998,Sports,South,M,Growers,CUST_01134,82.08887698414895,2.1666666666666665,9.230769230769232,3,3,4,10,0.6221930615365207,0.3778069384634793,789.76,Medium,720.906517643643,753.0138698037922,721.28125,727.3301086043532,68.85348235635695
12,2,64.64125017887025,234,51,1,1,0.2222144587151547,0.4259110885852741,5,0.8708479876736503,Pharmacy,East,M,Hibernating,CUST_02906,32.320625089435126,1.0,2.0,1,1,1,3,0.1591253029392604,0.8408746970607396,30.55,Low,27.647082003012834,27.272399819387452,28.052862,27.69256872248944,2.902917996987167
47,144,10806.390272387349,21,61,4,8,0.4898757614596587,0.0336659086556383,0,0.0647710642661665,Home,East,M,Champions,CUST_00498,75.04437689157879,3.9166666666666665,36.765957446808514,5,5,5,15,0.95,0.05,18365.06,Very High,19472.188100186446,17760.416686526078,21193.91,19609.270794406028,1107.1281001864445
35,44,953.0618731377492,51,42,3,7,0.7742921735017665,0.1341958454418348,6,0.2875972317726754,Sports,South,M,Growers,CUST_01062,21.66049711676703,2.9166666666666665,15.085714285714287,4,4,3,11,0.7832441466103022,0.2167558533896978,613.18,Medium,648.0505950224148,604.7493144289521,617.0816,629.8290116470314,34.87059502241482
63,188,4124.21648819583,17,36,4,10,0.611315266799329,0.0564677132396907,0,0.0456735636531045,Electronics,West,M,Champions,CUST_00326,21.9373217457225,5.25,35.80952380952381,5,5,5,15,0.95,0.05,6211.41,Very High,6555.489250664132,5955.931459143193,6085.4224,6288.9741384855415,344.0792506641319
80,146,15000.0,29,57,3,8,0.4342810837268213,0.0588482949853619,1,0.1113554905634672,Luxury,West,M,Champions,CUST_00343,102.73972602739724,6.666666666666667,21.9,4,5,5,14,0.881560206755192,0.118439793244808,6002.29,Very High,5973.472572224026,7542.976521466152,6093.955,6296.3968382038065,28.817427775973556
18,3,152.08810694223016,346,47,2,2,0.1938280639481098,0.3276305878131526,11,0.8204750805455565,Grocery,South,F,Hibernating,CUST_02357,50.69603564741005,1.5,2.0,1,1,1,3,0.2176653219913685,0.7823346780086315,47.55,Low,40.28016212792072,37.161384230000984,44.95533,40.96587775872365,7.269837872079279
35,12,293.1432495392136,124,25,2,5,0.3344903891968397,0.28711363415322,13,0.3076640158024169,Grocery,North,F,At-Risk,CUST_02267,24.4286041282678,2.9166666666666665,4.114285714285715,2,2,2,6,0.3740751331687827,0.6259248668312173,62.46,Low,61.34482399231262,55.61025840854875,58.73389,59.373382852517366,1.1151760076873813
21,24,1283.278201146447,26,50,2,9,0.4266744972749304,0.0968538045215689,7,0.2161346158811047,Tech,West,M,Growers,CUST_00783,53.46992504776862,1.75,13.714285714285714,4,3,4,11,0.6753473751764832,0.3246526248235167,721.37,Medium,822.564348915715,1022.3048341298827,722.3718,826.290939072197,101.19434891571495
20,7,165.26611052245806,310,18,1,6,0.3320367749958474,0.4097388247890305,15,0.5710348022939579,Grocery,East,M,Hibernating,CUST_02368,23.60944436035115,1.6666666666666667,4.2,1,2,2,5,0.221686731645213,0.778313268354787,57.49,Low,57.85877610031764,55.450084122388056,56.040512,56.82206195046586,0.3687761003176391
39,82,7478.402443136318,27,47,4,8,0.5009435999453651,0.025839070100223,2,0.0668738324740524,Electronics,East,M,Champions,CUST_00300,91.20002979434534,3.25,25.23076923076923,4,5,5,14,0.925603740958058,0.074396259041942,9550.44,Very High,11042.091471978529,8142.879960886202,10328.713,10183.463125828623,1491.6514719785282
11,54,2354.836699732154,67,52,3,7,0.5733202159815964,0.0943678199655459,2,0.1130130995918267,Clothing,West,M,Growers,CUST_01462,43.60808703207693,0.9166666666666666,58.909090909090914,3,4,4,11,0.7185084817410168,0.2814915182589832,3263.92,Very High,2802.8906934119223,3510.5312089403374,3132.1948,3031.327836894146,461.0293065880778
5,6,34.325055070940174,251,70,2,5,0.4006465049729237,0.4815776190145793,9,0.9992682434492342,Pharmacy,West,F,Hibernating,CUST_02374,5.720842511823363,0.4166666666666667,14.4,1,2,1,4,0.3213221358130471,0.6786778641869529,35.22,Low,50.62023139014367,57.66526025222884,36.161217,46.985845943099356,15.400231390143674
82,119,10718.033954081078,15,52,4,8,0.7606537561064877,0.062295478699032,0,0.0807544653151534,Home,South,F,Champions,CUST_00304,90.06751221916872,6.833333333333333,17.414634146341463,5,5,5,15,0.95,0.05,11151.0,Very High,12083.35120764726,5656.803534508781,11367.233,10193.10635010413,932.3512076472598
31,55,1768.368025636504,35,33,3,6,0.536505997770016,0.1014042789678204,7,0.3190741601228712,Sports,East,F,Growers,CUST_01238,32.152145920663706,2.583333333333333,21.29032258064516,4,4,4,12,0.7618874983338348,0.2381125016661651,857.36,High,1007.3932249358918,1338.6067593281416,895.9052,1029.467915539372,150.03322493589178
5,4,47.31389603759091,232,46,2,1,0.2693950446849503,0.4971694624675085,2,0.7651082403045864,Pharmacy,North,F,Hibernating,CUST_02572,11.828474009397729,0.4166666666666667,9.6,1,1,1,3,0.248294963224679,0.751705036775321,50.59,Low,54.871670549373114,40.91088858961718,51.08531,50.65065050819793,4.281670549373111
16,14,630.4108419854451,91,39,2,7,0.4669168726912032,0.2118695225085733,6,0.3275638782412728,Grocery,West,M,At-Risk,CUST_01657,45.02934585610323,1.3333333333333333,10.5,3,3,3,9,0.6496389650046135,0.3503610349953865,372.29,Medium,399.7228790094059,462.2979116712882,404.9426,413.1269895888096,27.432879009405895
33,30,2314.8276973680872,22,31,3,8,0.4267068816247743,0.1423827206364652,4,0.2181150822134869,Clothing,North,F,Growers,CUST_00665,77.1609232456029,2.75,10.909090909090908,5,4,4,13,0.8605881267414709,0.1394118732585291,2382.63,High,2426.3314420836145,2063.6526068952444,2378.5173,2335.0420936162736,43.70144208361444
22,17,454.5287885094096,87,66,1,6,0.3931071591523817,0.1191462414571886,8,0.3148434046153186,Grocery,South,F,At-Risk,CUST_01691,26.73698755937703,1.8333333333333333,9.272727272727272,3,3,2,8,0.6266061995674979,0.3733938004325021,245.15,Medium,241.61590575551972,201.43550729077768,269.38486,240.7195047075725,3.5340942444802863
51,50,10020.901796611952,25,59,4,9,0.3336279569836839,0.0500397114798515,4,0.0656849830714368,Electronics,North,F,Champions,CUST_00221,200.41803593223904,4.25,11.764705882352942,4,4,5,13,0.8437495592683989,0.1562504407316011,6217.32,Very High,5231.116468375803,7596.398809065092,6052.646,5888.478920606365,986.2035316241963
18,7,246.0070444633328,84,23,2,4,0.5066837048776978,0.1513375637405161,9,0.3367141723927493,Clothing,North,F,At-Risk,CUST_01627,35.143863494761824,1.5,4.666666666666667,3,2,2,7,0.4764950863328139,0.5235049136671861,104.07,Low,104.6209470471534,129.53334089877205,105.80561,109.55987893425151,0.5509470471534001
34,19,1340.7763029569592,19,31,3,7,0.8834756961669239,0.0906724103974098,5,0.2726381600999111,Clothing,North,F,Growers,CUST_01189,70.56717383983995,2.833333333333333,6.705882352941176,5,3,4,12,0.7851982155377825,0.2148017844622175,914.01,High,960.0216445198253,1208.4134318720746,906.1073,987.9611405203132,46.01164451982527
16,13,1465.609378839681,20,29,3,8,0.7309747932399466,0.1132659375929539,5,0.2576887495101919,Sports,South,M,Growers,CUST_01456,112.73918298766776,1.3333333333333333,9.75,5,2,4,11,0.7267056704105892,0.2732943295894108,1416.04,High,1376.984166076528,1900.6802293561032,1437.779,1487.839521043765,39.05583392347194
72,129,11913.366151771432,4,59,3,9,0.613664467545339,0.0232955295520292,0,0.0082449460259733,Electronics,South,F,Champions,CUST_00450,92.35167559512738,6.0,21.5,5,5,5,15,0.9244835115292848,0.0755164884707151,9360.13,Very High,10294.875909584012,8169.374388180616,9222.817,9510.594612568559,934.7459095840131
33,6,417.904613453021,89,31,2,5,0.2514162710006583,0.1832523185698733,7,0.563459478859921,Grocery,West,M,At-Risk,CUST_02003,69.65076890883684,2.75,2.1818181818181817,3,2,2,7,0.4455741389233,0.5544258610767,131.73,Low,100.90799413545732,103.51048601113622,115.94045,105.73959070412879,30.822005864542675
3,1,103.53317938752224,199,70,2,1,0.1806790224607385,0.229147923037157,3,0.4111044249102408,Pharmacy,South,F,Hibernating,CUST_02617,103.53317938752224,0.25,4.0,2,1,1,4,0.2505112496065219,0.7494887503934781,179.83,Low,138.79614416267046,79.60470902567904,179.91005,134.28776741805572,41.033855837329554
77,125,9878.839328208289,5,57,3,10,0.6963790567864063,0.017411202274919,3,0.1124054154967435,Luxury,West,M,Champions,CUST_00085,79.0307146256663,6.416666666666667,19.48051948051948,5,5,5,15,0.9101841817587252,0.0898158182412747,7212.29,Very High,7629.2622930659945,5195.0739961370655,5695.813,6471.8340012390945,416.97229306599456
24,22,2348.209830466564,17,37,3,8,0.4423213036061257,0.1143471932245728,2,0.3377582311871515,Tech,East,F,Growers,CUST_00942,106.7368104757529,2.0,11.0,5,3,4,12,0.8542469887093741,0.1457530112906259,3029.75,Very High,2454.559665679108,2581.623101848913,2963.1658,2623.5706023997996,575.1903343208919
28,54,995.7551265716932,70,48,3,6,0.5777299259420694,0.0515716583019287,3,0.1307188949735381,Tech,North,F,Growers,CUST_00962,18.43990975132765,2.333333333333333,23.142857142857142,3,4,3,10,0.6005934092904166,0.3994065907095834,343.22,Medium,497.3794655923647,447.97650928055435,362.90576,443.1416732505378,154.15946559236465
19,35,800.0,69,29,3,7,0.596225942434254,0.082647272981862,6,0.2742849534864457,Tech,North,F,Growers,CUST_00842,22.857142857142858,1.5833333333333333,22.105263157894736,3,4,3,10,0.7171555331715682,0.2828444668284318,513.25,Medium,573.6920629898706,645.4144521815672,526.88525,572.5637574323524,60.44206298987058
31,34,2500.0,23,38,3,8,0.563656594414844,0.0978490859895218,6,0.2824217014485762,Clothing,South,M,Growers,CUST_01327,73.52941176470588,2.583333333333333,13.161290322580644,5,4,4,13,0.940584169737761,0.0594158302622389,4882.32,Very High,5450.497304176569,2709.9838893657766,5082.1655,4641.197658540523,568.1773041765691
14,1,121.02920615056942,268,57,1,1,0.1658699682068083,0.4689296865527377,13,0.7850208825616385,Pharmacy,North,F,Hibernating,CUST_02379,121.02920615056942,1.1666666666666667,0.8571428571428571,1,1,1,3,0.1853202022793366,0.8146797977206633,52.81,Low,44.61576678011656,47.64254892477037,51.24493,47.12536581340384,8.194233219883444
4,5,50.2996773668958,188,30,1,4,0.1607221820159084,0.3602943259356187,5,0.4121175644641176,Grocery,West,M,Hibernating,CUST_02431,10.05993547337916,0.3333333333333333,15.0,2,1,1,4,0.2665816187634377,0.7334183812365622,93.41,Low,83.24160957443873,57.18103066191335,88.37843,78.63233854703932,10.16839042556127
18,44,1436.0884474687314,76,28,2,6,0.4155678689652848,0.0925334595940452,2,0.1987872771244092,Sports,East,F,Growers,CUST_01374,32.63837380610753,1.5,29.33333333333333,3,4,4,11,0.7116421225368319,0.2883578774631681,1178.1,High,1153.8421707977875,1436.7853473415712,1126.3738,1196.9000491122345,24.257829202212406
61,184,9733.84872459168,22,50,4,9,0.3095724339984183,0.0327030564146062,2,0.1476981716386259,Luxury,South,M,Champions,CUST_00291,52.90135176408522,5.083333333333333,36.19672131147541,5,5,5,15,0.95,0.05,13696.42,Very High,12088.496793604845,12089.468196944788,13406.885,12469.986660063141,1607.923206395155
21,8,349.63503449500746,194,46,2,5,0.2101636953518313,0.1852409544578624,10,0.3018401211570607,Clothing,East,M,At-Risk,CUST_01868,43.70437931187593,1.75,4.571428571428571,2,2,2,6,0.4501752431208208,0.5498247568791792,142.89,Low,106.36667979530424,113.282894633641,120.797295,111.90737263705894,36.52332020469575
22,6,375.889348499134,182,55,2,6,0.2557113892577041,0.1219012361040327,11,0.5355349877367325,Grocery,South,F,At-Risk,CUST_01555,62.64822474985567,1.8333333333333333,3.272727272727273,2,2,2,6,0.2685739429801022,0.7314260570198978,99.2,Low,94.22125318074472,77.5089708458953,97.6887,91.60427387242325,4.978746819255278
29,48,1424.687570341173,58,38,2,8,0.5483556542643424,0.0726443762103892,4,0.1131683329574242,Clothing,West,F,Growers,CUST_00605,29.680991048774438,2.4166666666666665,19.86206896551724,4,4,4,12,0.7540646261925936,0.2459353738074063,989.44,High,995.3605268760302,1298.2834611618237,896.2183,1017.1658894479441,5.920526876030181
27,19,356.6611158331128,113,28,1,5,0.291526190399588,0.1361650662304747,6,0.3613008863374614,Clothing,South,F,At-Risk,CUST_02033,18.771637675426987,2.25,8.444444444444445,2,3,2,7,0.5280788441958028,0.4719211558041972,122.82,Low,129.00990907857002,110.46073455353918,121.693344,122.89647142427663,6.189909078570025
23,27,800.0,23,39,3,9,0.6733935624141418,0.1479350024323892,6,0.1714328571414453,Sports,East,F,Growers,CUST_00917,29.62962962962963,1.9166666666666667,14.086956521739127,5,3,3,11,0.802522372138723,0.1974776278612769,754.96,Medium,768.2134921045954,873.0717563913762,721.1442,773.319299996146,13.253492104595352
7,4,68.82183785995286,307,56,1,6,0.3648354708369909,0.3654956971457707,11,0.9865967108822382,Pharmacy,South,F,Hibernating,CUST_02633,17.205459464988216,0.5833333333333334,6.857142857142857,1,1,1,3,0.2376017079598433,0.7623982920401566,48.77,Low,46.25564449999008,41.57090442320896,49.322342,46.16042573052054,2.51435550000992
7,4,123.45205952349724,254,38,1,2,0.1910240652381406,0.3393920931501022,6,0.7459796787302586,Grocery,East,F,Hibernating,CUST_02338,30.863014880874317,0.5833333333333334,6.857142857142857,1,1,1,3,0.2131009988119831,0.7868990011880168,81.69,Low,83.42534579643467,39.39525783710952,87.17423,72.80826931800098,1.7353457964346717
20,14,252.012781771123,121,58,2,7,0.394508364339231,0.259149441557902,14,0.6607448713880447,Clothing,East,F,At-Risk,CUST_02099,18.00091298365164,1.6666666666666667,8.4,2,3,2,7,0.4932631468379344,0.5067368531620656,65.02,Low,117.74124866689887,115.48871304920635,113.674736,116.05714118057872,52.72124866689887
16,2,86.16327576892913,320,54,1,3,0.2811066437112303,0.2433269258793495,17,0.7699280134896804,Grocery,North,F,Hibernating,CUST_02438,43.08163788446456,1.3333333333333333,1.5,1,1,1,3,0.1848855778453248,0.8151144221546752,33.39,Low,31.678966787130378,31.73557457191248,30.95131,31.470184530518182,1.7110332128696228
34,23,1227.895871496621,81,49,3,9,0.8798874908831593,0.1445366372629387,1,0.2161567677171361,Tech,West,F,Growers,CUST_00822,53.38677702159223,2.833333333333333,8.117647058823529,3,3,4,10,0.7162527507937793,0.2837472492062207,522.94,Medium,600.5669033502487,655.8234313569766,516.5657,584.2229484508937,77.62690335024865
4,6,101.56575002860946,328,74,2,6,0.4109195142853031,0.3424901115170703,14,0.7855432074547852,Grocery,South,F,Hibernating,CUST_02470,16.92762500476824,0.3333333333333333,18.0,1,2,1,4,0.3767473137015755,0.6232526862984245,161.13,Low,127.02955043792,86.82398262407243,175.23558,129.67901464165493,34.10044956208
11,58,2500.0,44,53,3,8,0.4350173118158906,0.0964518864811718,3,0.2073356958426936,Clothing,South,F,Growers,CUST_01001,43.10344827586207,0.9166666666666666,63.27272727272727,4,5,4,13,0.9247752549047612,0.0752247450952389,9468.77,Very High,8873.19293144453,8402.539695200738,10224.855,9158.396438168,595.5770685554708
42,15,800.0,106,49,1,6,0.5079872487517161,0.2596703430927953,14,0.3045700749615004,Clothing,West,F,At-Risk,CUST_01704,53.333333333333336,3.5,4.285714285714286,3,3,3,9,0.6039231946724207,0.3960768053275793,183.49,Low,182.4739534934288,226.5872229284453,178.29518,189.2336766903002,1.0160465065712003
26,186,4293.668738727771,7,45,4,9,0.3512839812917949,0.0220766713862453,0,0.0361205724109759,Electronics,North,M,Champions,CUST_00019,23.084240530794467,2.1666666666666665,85.84615384615385,5,5,5,15,0.95,0.05,12355.59,Very High,13323.41646400228,33540.8004726775,12243.022,15623.949870947692,967.826464002279
32,15,324.3960390110512,103,28,2,5,0.5254623280116237,0.1770516560212521,3,0.6845298872464867,Grocery,East,F,At-Risk,CUST_01778,21.626402600736743,2.6666666666666665,5.625,3,3,2,8,0.6413417358936454,0.3586582641063546,105.37,Low,113.9070904801276,154.98471189869073,109.331696,119.67017598561722,8.537090480127588
23,23,1198.2385218850957,68,46,2,7,0.4995088460074935,0.0718076782061153,1,0.2650006511436498,Clothing,North,F,Growers,CUST_01209,52.09732703848241,1.9166666666666667,12.0,3,3,3,9,0.6209413342852255,0.3790586657147745,606.79,Medium,561.3422922334228,421.0647244157533,549.9261,526.7208227814583,45.447707766577196
13,3,104.57769548617048,257,70,1,4,0.2104491133376106,0.3693878393640248,8,0.470293649871822,Pharmacy,North,F,Hibernating,CUST_02561,34.859231828723495,1.0833333333333333,2.7692307692307696,1,1,1,3,0.1624309938306721,0.837569006169328,41.09,Low,40.50696831042893,29.0476797925514,40.27223,37.8436568140217,0.5830316895710723
36,7,232.67672792279083,144,69,2,6,0.35802337380491,0.1087567841339749,12,0.5925084087917336,Pharmacy,North,F,At-Risk,CUST_01937,33.23953256039869,3.0,2.333333333333333,2,2,2,6,0.4892255383862255,0.5107744616137744,43.33,Low,56.51672972767692,72.39987755701645,47.243942,56.28870695907674,13.18672972767692
33,12,200.0,190,37,2,7,0.5605070322233736,0.2600500909186023,8,0.3964548070840015,Grocery,South,F,At-Risk,CUST_01719,16.666666666666668,2.75,4.363636363636363,2,2,2,6,0.4123104113877009,0.587689588612299,35.65,Low,50.431202216122976,68.26364753623945,38.466305,49.417621633518095,14.781202216122978
10,58,2310.8199857847458,49,38,2,9,0.5159225782749832,0.0689282864968246,6,0.2157076642997019,Clothing,East,F,Growers,CUST_01428,39.84172389284044,0.8333333333333334,69.6,4,5,4,13,0.95,0.05,15972.72,Very High,10641.711986023924,9837.098867184051,16355.82,11917.403194653321,5331.008013976076
22,18,792.5820418097979,79,55,2,4,0.4327143340493968,0.1161032705317066,9,0.6285804411838991,Pharmacy,West,F,At-Risk,CUST_02242,44.03233565609989,1.8333333333333333,9.818181818181818,3,3,3,9,0.6093573743438667,0.3906426256561333,508.2,Medium,403.70359701195383,362.7927952614643,483.24777,417.0802863054428,104.49640298804616
10,4,47.63003890041303,181,48,2,4,0.4817301862715134,0.3315660144464938,7,0.9343436405462694,Grocery,North,M,Hibernating,CUST_02311,11.907509725103257,0.8333333333333334,4.8,2,1,1,4,0.2877173323937232,0.7122826676062768,35.13,Low,28.8497253339041,42.92988982448231,28.177742,31.028582535047462,6.280274666095902
6,27,1222.1671079389253,79,41,2,6,0.8037512625569114,0.0802729377189707,6,0.2889685377945967,Clothing,North,M,Growers,CUST_01358,45.26544844218242,0.5,54.0,3,3,4,10,0.6692070062023232,0.3307929937976768,2275.88,High,2155.0217366991556,2409.8394380404907,2284.4622,2242.63658583011,120.85826330084456
34,17,372.148734948248,96,34,2,5,0.3036216596652462,0.205667342462405,9,0.5569429403144761,Clothing,North,M,At-Risk,CUST_02058,21.89110205577929,2.833333333333333,6.0,3,3,2,8,0.6150593479038884,0.3849406520961116,88.78,Low,112.77256617127361,139.63979840443125,111.964775,117.44680996533307,23.99256617127361
39,148,6625.979915836286,29,33,4,8,0.4052534698326714,0.0339911647799535,1,0.001102956683164,Luxury,East,F,Champions,CUST_00361,44.77013456646139,3.25,45.53846153846154,4,5,5,14,0.9066711317254644,0.0933288682745354,7794.0,Very High,7845.701890737193,10492.864908507025,7642.911,8250.356693491825,51.701890737193025
45,18,316.1907134787069,74,46,2,4,0.4997310054729822,0.2572352209848496,5,0.4536049302077168,Clothing,East,F,At-Risk,CUST_02271,17.56615074881705,3.75,4.8,3,3,2,8,0.5399817897178703,0.4600182102821297,64.61,Low,69.54748902344656,85.85571194363746,63.18885,70.48885476349324,4.93748902344656
21,6,294.1951890505293,64,22,2,6,0.490654811309539,0.2147763181530515,3,0.4166736040586444,Grocery,South,M,At-Risk,CUST_02085,49.03253150842155,1.75,3.4285714285714284,3,2,2,7,0.5330108902567914,0.4669891097432086,132.13,Low,120.32541599282051,142.89856976105554,121.66456,124.95137794867598,11.804584007179486
20,11,420.1625798440308,92,28,2,5,0.2770205821418797,0.1857889995620659,7,0.3729637593060488,Pharmacy,North,M,At-Risk,CUST_01565,38.196598167639166,1.6666666666666667,6.6,3,2,2,7,0.4753344808522046,0.5246655191477954,187.95,Low,167.37190181606528,136.9936366896644,184.56308,165.59198853852456,20.578098183934713
83,87,9123.37398104228,29,31,4,8,0.3837455445470538,0.0654533836361173,4,0.0087686980855315,Luxury,South,M,Champions,CUST_00345,104.86636759818713,6.916666666666667,12.578313253012048,4,5,5,14,0.8776104395463014,0.1223895604536986,4036.53,Very High,4580.943146844748,2842.0607050947306,4008.363,4000.333331267924,544.4131468447481
33,55,1827.275005437306,49,51,2,7,0.4642519892506048,0.0750513473163891,5,0.2394871853586201,Clothing,West,M,Growers,CUST_00987,33.22318191704193,2.75,20.0,4,4,4,12,0.7754725577297414,0.2245274422702585,876.07,High,1051.3792874813423,1333.8498508625296,900.0268,1052.401718714185,175.30928748134227
18,42,2220.9477199492835,65,30,3,9,0.4030416554574796,0.1127798647703037,7,0.2809988460361844,Sports,South,M,Growers,CUST_01261,52.87970761784008,1.5,28.0,3,4,4,11,0.721951691734765,0.2780483082652349,1947.82,High,1596.7216668046647,1677.8439964433314,1872.3711,1691.5433276157066,351.0983331953353
20,14,529.0398813122423,193,24,1,6,0.2060664858443605,0.2175424392911833,5,0.3460866245000207,Clothing,South,M,At-Risk,CUST_01714,37.78856295087445,1.6666666666666667,8.4,2,3,3,8,0.4232311863212155,0.5767688136787845,218.94,Medium,224.4310465783665,213.3335339909232,214.3516,219.12499412489606,5.4910465783665074
31,16,800.0,62,62,2,7,0.473929396826825,0.1669532683758255,5,0.5551606916197277,Grocery,East,F,At-Risk,CUST_01721,50.0,2.583333333333333,6.193548387096774,4,3,3,10,0.6894577328637096,0.3105422671362904,313.11,Medium,317.2294580909515,434.29604447413914,310.83347,335.74720164584465,4.119458090951468
21,4,81.50203574803426,204,47,2,3,0.4856499728080334,0.3232390995633041,6,0.9704608445682394,Pharmacy,East,M,Hibernating,CUST_02647,20.375508937008565,1.75,2.2857142857142856,2,1,1,4,0.3490139495554689,0.6509860504445311,26.19,Low,26.109574623863356,40.49706921615358,25.959753,28.46996616851131,0.08042537613664535
18,3,38.93801028199152,227,34,1,4,0.3077948126962498,0.2862456089427546,15,0.8040615408995111,Grocery,East,M,Hibernating,CUST_02887,12.97933676066384,1.5,2.0,1,1,1,3,0.1377165565329996,0.8622834434670004,9.7,Low,11.485896977835017,19.62560900673426,9.674304,12.170222359911723,1.7858969778350176
41,9,438.5170146845822,187,48,2,4,0.4525904207349666,0.1492983908866704,4,0.6567547092709404,Grocery,East,M,At-Risk,CUST_01576,48.72411274273136,3.4166666666666665,2.6341463414634148,2,2,2,6,0.4086439480467292,0.5913560519532708,102.48,Low,88.42126826696195,66.491730720417,91.66623,84.43719311748521,14.058731733038059
65,180,8883.686223464296,13,36,4,9,0.3345229531572998,0.0348428378440587,2,0.0818543953219538,Electronics,West,M,Champions,CUST_00086,49.35381235257943,5.416666666666667,33.230769230769226,5,5,5,15,0.95,0.05,9408.58,Very High,10098.968139526854,9262.810614659807,9705.19,9808.178418895302,690.3881395268545
24,17,722.8183682095132,107,52,2,7,0.2278565963245274,0.2026677414052816,12,0.6472494444885418,Clothing,West,F,At-Risk,CUST_02064,42.51872754173607,2.0,8.5,3,3,3,9,0.5798153440267183,0.4201846559732817,358.04,Medium,302.24790779024124,325.2924878963127,343.69418,318.7794456100048,55.79209220975878
14,21,1459.3209568862908,88,36,3,8,0.5127899720805476,0.1406111751446657,2,0.1945387046401854,Tech,West,F,Growers,CUST_00669,69.49147413744242,1.1666666666666667,18.0,3,3,4,10,0.6827576130194953,0.3172423869805046,1074.08,High,1304.722280049129,1262.6414959418776,1166.444,1253.3567771397675,230.6422800491291
20,36,1946.402895229419,64,46,3,7,0.828221522322715,0.0693378609879055,2,0.3426977476422573,Tech,North,F,Growers,CUST_01015,54.06674708970608,1.6666666666666667,21.6,3,4,4,11,0.6174755408227495,0.3825244591772505,1398.3,High,1205.5733940088207,1089.7425985971533,1153.9966,1166.066558640732,192.7266059911792
67,175,3809.611517450238,20,33,4,9,0.4847870997133865,0.0501129540433311,3,0.0510006579089838,Luxury,South,F,Champions,CUST_00129,21.769208671144217,5.583333333333333,31.343283582089555,5,5,5,15,0.95,0.05,4024.57,Very High,5720.859453923489,4640.083952641631,4269.172,5025.042587741201,1696.289453923489
47,6,800.0,106,61,2,7,0.4196512723877341,0.1271241919009191,5,0.4810737088688276,Clothing,East,M,At-Risk,CUST_01874,133.33333333333334,3.9166666666666665,1.5319148936170213,3,2,3,8,0.4761035865611394,0.5238964134388606,140.4,Low,139.8076354366625,205.37981944125454,143.65228,152.2301287644339,0.5923645633374974
33,24,2213.0615668563964,41,27,3,8,0.846514979042984,0.0659307482251936,5,0.146727991197644,Tech,West,M,Growers,CUST_01147,92.21089861901652,2.75,8.727272727272727,4,3,4,11,0.6736168007427166,0.3263831992572834,675.88,Medium,849.7349802965565,1003.833166897066,722.5084,836.816718920998,173.8549802965565
17,15,1721.796110802467,86,50,3,8,0.5807255423872708,0.0892399102241114,6,0.217183381705365,Tech,South,M,Growers,CUST_00892,114.78640738683112,1.4166666666666667,10.588235294117649,3,3,4,10,0.5444218828755866,0.4555781171244134,762.56,Medium,954.6016708324697,966.2973015133977,813.56824,912.121785036342,192.04167083246978
10,2,63.72602515260205,244,44,2,5,0.1822362865825444,0.2273744080697007,15,0.5975907581501911,Pharmacy,North,F,Hibernating,CUST_02472,31.863012576301024,0.8333333333333334,2.4,1,1,1,3,0.2376949818636818,0.7623050181363182,40.17,Low,33.85940621903143,34.657379195147556,34.604298,34.24038191148303,6.310593780968574
26,47,8352.104053457158,26,37,4,8,0.3259946759888537,0.0524197877089717,0,0.0200543481599154,Luxury,West,F,Champions,CUST_00308,177.70434156291827,2.1666666666666665,21.692307692307693,4,4,5,13,0.7904297691857992,0.2095702308142008,7511.4,Very High,4769.79099418747,10538.168031196825,7253.5996,6338.289038449126,2741.60900581253
69,52,14975.008961972424,19,33,3,9,0.509303637459165,0.0365985355275776,2,0.0625746418463553,Electronics,South,M,Champions,CUST_00384,287.98094157639275,5.75,9.043478260869565,5,4,5,14,0.8841165293102674,0.1158834706897325,8153.4,Very High,6212.941089223531,17465.09933047122,7434.0137,8062.197196406327,1940.4589107764687
31,8,335.5491615193038,124,49,2,7,0.3342741765919662,0.1209050762040199,12,0.5642978874642293,Clothing,South,F,At-Risk,CUST_01834,41.94364518991298,2.583333333333333,3.096774193548387,2,2,2,6,0.4054918464602037,0.5945081535397962,85.46,Low,80.39328852747532,69.84623437472253,80.94004,78.32435369448137,5.066711472524673
17,29,1109.8429257449318,38,42,3,9,0.8434103336717609,0.1355308368184012,2,0.3200728157533575,Tech,East,M,Growers,CUST_01128,38.27044571534248,1.4166666666666667,20.47058823529412,4,4,3,11,0.79148564371291,0.20851435628709,1538.13,High,1204.9356099654374,1045.1346311249174,1448.8444,1237.7281733799073,333.19439003456273
70,114,4596.097193100424,16,40,4,10,0.7128554757803335,0.0509894610155311,0,0.001576983681248,Luxury,North,F,Champions,CUST_00427,40.31664204474056,5.833333333333333,19.542857142857144,5,5,5,15,0.8999656060123238,0.1000343939876762,2487.83,High,3883.381116595388,2949.398649564858,2597.1565,3257.642122842564,1395.551116595388
58,132,8660.368664516682,18,38,4,8,0.6041597500038858,0.0521264713761813,0,0.0255693767372463,Home,North,F,Champions,CUST_00495,65.60885351906578,4.833333333333333,27.31034482758621,5,5,5,15,0.95,0.05,10168.42,Very High,11690.178653934627,8760.511103556864,11884.504,11089.478680634753,1521.7586539346266
45,13,596.4244381605604,89,20,1,5,0.5083662584141693,0.1219223615997354,5,0.6182389136230948,Clothing,West,F,At-Risk,CUST_01566,45.87880293542772,3.75,3.466666666666667,3,2,3,8,0.5447720445474162,0.4552279554525837,122.03,Low,133.15425722562816,152.97347649975538,121.41792,133.16675655580121,11.124257225628156
1,5,147.1022327986292,267,74,1,1,0.4309565624877657,0.3078553076367621,8,0.4397701432536716,Pharmacy,West,M,Hibernating,CUST_02792,29.42044655972584,0.0833333333333333,60.0,1,1,1,3,0.1246691767943845,0.8753308232056154,647.28,Medium,438.1019574448141,102.48159426747803,655.5648,370.05530572420383,209.17804255518587
4,4,87.66995215224868,255,22,1,4,0.4194482936920982,0.4880134523504867,10,0.6507507315928274,Pharmacy,North,F,Hibernating,CUST_02612,21.91748803806217,0.3333333333333333,12.0,1,1,1,3,0.1455031050071822,0.8544968949928178,114.19,Low,113.22054878710578,37.5843153744575,110.87247,90.36318826132165,0.9694512128942137
24,12,1702.9814460383773,37,52,2,9,0.6339313686803911,0.1320561411799097,1,0.2568311173807928,Clothing,North,F,Growers,CUST_01252,141.9151205031981,2.0,6.0,4,2,4,10,0.5786604302300737,0.4213395697699262,767.92,Medium,796.5331358779572,1028.6672659306125,786.4493,835.1429288876936,28.613135877957234
14,55,800.0,81,46,3,6,0.4240011513150646,0.1482423767160112,5,0.3236785261889032,Clothing,North,M,Growers,CUST_01296,14.545454545454543,1.1666666666666667,47.14285714285714,3,4,3,10,0.6637188290681428,0.3362811709318571,644.32,Medium,979.9068213539148,1069.887254516687,868.40485,961.7849862100406,335.58682135391473
42,137,11294.848666973829,20,45,4,8,0.3836785161183905,0.0111340278137627,2,0.0464537566657783,Electronics,West,F,Champions,CUST_00276,82.44415085382357,3.5,39.142857142857146,5,5,5,15,0.95,0.05,25106.08,Very High,22199.322888313738,21806.637598411442,24533.13,22793.633443615843,2906.7571116862637
62,79,7914.715933314534,7,53,3,10,0.5245193839650629,0.0758352767015581,4,0.0772750542579883,Luxury,South,F,Champions,CUST_00490,100.18627763689284,5.166666666666667,15.29032258064516,5,5,5,15,0.945346162416063,0.054653837583937,10821.45,Very High,11155.875984799464,5739.221328167609,10769.271,9664.517338318728,334.42598479946355
14,7,498.1351612920459,145,56,1,5,0.2034716633350643,0.2406456466457545,11,0.3193449862381047,Pharmacy,South,F,At-Risk,CUST_01958,71.1621658988637,1.1666666666666667,6.0,2,2,2,6,0.3806072738095313,0.6193927261904686,268.92,Medium,218.98155139711486,124.97921138092836,261.782,206.55425812521216,49.93844860288516
24,38,1253.206713785693,72,35,2,8,0.5486588547560235,0.1121340021428449,4,0.3231983391051649,Tech,West,F,Growers,CUST_00691,32.97912404699192,2.0,19.0,3,4,4,11,0.6976002734200333,0.3023997265799667,682.2,Medium,780.5304928623734,962.0302974344937,700.23834,787.7886897699426,98.33049286237338
16,13,479.1562976111194,67,54,1,4,0.5900716545018765,0.1849570333397095,3,0.5261342732172295,Clothing,East,F,At-Risk,CUST_02052,36.85817673931688,1.3333333333333333,9.75,3,2,2,7,0.5324470208103985,0.4675529791896015,302.4,Medium,262.17131306202435,173.70018541577886,270.3991,243.71495834107603,40.228686937975624
43,19,438.5136881218571,101,54,2,6,0.4019820502369202,0.284072062782772,10,0.5975615051663634,Clothing,South,M,At-Risk,CUST_02239,23.079667795887215,3.583333333333333,5.3023255813953485,3,3,2,8,0.6622394693049798,0.3377605306950202,137.1,Low,117.68098121781028,129.6561426113303,131.8635,124.15213643075215,19.41901878218971
28,44,2500.0,79,46,2,7,0.6923041797775792,0.0933355620217881,4,0.1235555946868768,Sports,South,F,Growers,CUST_01243,56.81818181818182,2.333333333333333,18.857142857142858,3,4,4,11,0.686922642307328,0.313077357692672,1318.51,High,1218.899286375873,1138.8129540980124,1259.0209,1214.1841424461622,99.6107136241269
20,6,85.97883344615587,275,34,1,3,0.2938149370754209,0.4622523107131099,11,0.9670214410501706,Pharmacy,East,F,Hibernating,CUST_02674,14.329805574359312,1.6666666666666667,3.6,1,2,1,4,0.3944030120622913,0.6055969879377088,38.35,Low,29.873246085183627,43.34397356415919,34.84858,33.71360280712041,8.476753914816374
12,9,512.9488775914841,77,47,1,5,0.3805559595335989,0.1421575267908767,4,0.5421666337406996,Pharmacy,South,M,At-Risk,CUST_02080,56.994319732387126,1.0,9.0,3,2,2,7,0.4908047709727738,0.5091952290272261,370.35,Medium,289.74281280898674,191.25409334869093,367.9794,286.494992595661,80.60718719101328
13,49,1611.0809174636386,31,25,3,6,0.4401582239726225,0.0660344643905165,4,0.3289228375129094,Sports,North,M,Growers,CUST_01059,32.879202397217114,1.0833333333333333,45.23076923076923,4,4,4,12,0.8414437574128266,0.1585562425871733,2997.09,Very High,2980.0882369472165,3566.9400774384335,3030.9033,3104.886562737051,17.001763052783645
64,113,5584.090533694703,6,34,4,8,0.4877344642332502,0.0478207572253215,4,0.0972696835350355,Home,South,F,Champions,CUST_00119,49.41673038667879,5.333333333333333,21.1875,5,5,5,15,0.95,0.05,6204.58,Very High,7567.546654682751,4314.351373609601,7281.9443,6685.543300421729,1362.9666546827511
46,4,488.8497317979213,77,43,1,5,0.2201873884326449,0.2694475074911195,7,0.5691881615719574,Pharmacy,South,M,At-Risk,CUST_01996,122.21243294948032,3.8333333333333335,1.0434782608695652,3,1,2,6,0.4069654204617968,0.5930345795382033,89.14,Low,86.20966040989093,83.75131699792352,84.65984,85.2471597871816,2.930339590109071
47,8,623.4619279590186,118,62,1,6,0.5650856345574994,0.2967350012695627,6,0.5767632924643029,Pharmacy,West,F,At-Risk,CUST_02286,77.93274099487732,3.9166666666666665,2.042553191489362,2,2,3,7,0.3313236689211232,0.6686763310788768,87.91,Low,97.52827769238971,84.79945410489566,80.90054,89.66995279606196,9.61827769238971
29,118,6118.205991221121,7,38,4,10,0.378103284343311,0.0247222989400055,0,0.027606715807532,Luxury,South,F,Champions,CUST_00282,51.84920331543323,2.4166666666666665,48.82758620689656,5,5,5,15,0.95,0.05,22766.57,Very High,14900.951204246072,16861.1892669057,14271.224,15077.284014609724,7865.618795753928
5,4,27.45840987650373,201,18,1,2,0.246020507743882,0.2301390825979117,15,0.8598314500495343,Grocery,South,F,Hibernating,CUST_02808,6.864602469125932,0.4166666666666667,9.6,2,1,1,4,0.2694178555897544,0.7305821444102456,23.28,Low,40.90332292698257,49.30679813364192,25.07142,36.696322487942666,17.623322926982567
4,7,78.02615609681101,271,45,1,2,0.182298472818435,0.2478179325385513,19,0.5383280081329911,Grocery,North,M,Hibernating,CUST_02336,11.146593728115858,0.3333333333333333,21.0,1,2,1,4,0.2862783986513774,0.7137216013486226,131.59,Low,96.09216711840887,64.6444434279801,103.88785,90.88598634305764,35.49783288159114
15,4,198.94840330217025,245,19,1,4,0.4363768097967302,0.3725508025272711,19,0.9079837790634424,Grocery,West,F,Hibernating,CUST_02763,49.73710082554256,1.25,3.2,1,1,2,4,0.2992488441247607,0.7007511558752393,76.44,Low,66.49162757820754,67.18665038070593,73.32844,68.61636837374905,9.948372421792456
17,5,83.45590167818202,274,35,2,5,0.4252579164058075,0.2888488190782252,2,0.662397960154645,Grocery,West,M,Hibernating,CUST_02946,16.691180335636403,1.4166666666666667,3.5294117647058822,1,1,1,3,0.1388618288388062,0.8611381711611938,22.71,Low,23.238261850279958,24.13540465389529,23.080524,23.36731655741242,0.5282618502799572
13,49,922.8166818979728,43,41,2,6,0.5452817557887277,0.0608708979628151,6,0.1158298117430802,Tech,East,M,Growers,CUST_01180,18.83299350812189,1.0833333333333333,45.23076923076923,4,4,3,11,0.815023341115293,0.184976658884707,1437.08,High,1638.4571499109552,1799.186559325446,1522.1394,1632.9377105020976,201.37714991095527
13,13,800.0,104,34,2,7,0.3378552882185193,0.1229596382533216,11,0.4255610212668829,Grocery,North,M,At-Risk,CUST_01603,61.53846153846154,1.0833333333333333,12.0,3,2,3,8,0.4561139359839137,0.5438860640160863,543.86,Medium,440.6621789710826,335.730969610905,555.9242,447.47743946963186,103.19782102891742
20,18,200.0,149,50,2,7,0.2633417921508253,0.1550013532443543,5,0.5403829242688016,Clothing,North,F,At-Risk,CUST_02117,11.11111111111111,1.6666666666666667,10.8,2,3,2,7,0.4846171029399543,0.5153828970600457,89.35,Low,102.74363785048457,122.76333560020171,90.86025,102.61853067413675,13.39363785048458
29,134,10493.555492936564,21,56,4,8,0.5915954021385488,0.0253099722234577,1,0.1369844529418905,Electronics,West,M,Champions,CUST_00305,78.31011561892957,2.4166666666666665,55.44827586206897,5,5,5,15,0.95,0.05,25608.52,Very High,26917.310393613567,35330.39199784122,27517.62,28610.72880320346,1308.7903936135663
20,9,300.04090186566617,63,29,2,5,0.289194385896215,0.2415718400547277,9,0.6095968282268582,Grocery,East,M,At-Risk,CUST_01845,33.337877985074016,1.6666666666666667,5.4,3,2,2,7,0.5159081971736511,0.4840918028263489,133.42,Low,123.19256619664482,132.70881100853273,128.77235,126.71281275621678,10.227433803355169
34,21,817.0937603720986,54,54,3,6,0.7476394506837052,0.1124585245151174,7,0.2950567291544737,Clothing,North,F,Growers,CUST_01357,38.90922668438565,2.833333333333333,7.411764705882352,4,3,3,10,0.6887483865519205,0.3112516134480795,360.52,Medium,373.457249352304,394.92112003695394,339.28223,366.93803483949733,12.937249352304036
13,4,45.39552581833184,186,47,1,2,0.3275799883053463,0.3923840224958136,7,0.7745089176076371,Pharmacy,West,F,Hibernating,CUST_02437,11.34888145458296,1.0833333333333333,3.692307692307693,2,1,1,4,0.2675099837367686,0.7324900162632314,20.56,Low,23.161933458169504,37.51967810205328,20.418648,24.582324563447024,2.601933458169505
35,50,9437.245574272973,22,47,4,10,0.3953049165372249,0.0523562662978376,4,0.0434591975607321,Luxury,South,M,Champions,CUST_00576,188.74491148545945,2.9166666666666665,17.142857142857142,5,4,5,14,0.9158039096076808,0.0841960903923192,15881.95,Very High,12816.387656296436,15890.694747239151,15964.638,14290.892651035483,3065.5623437035647
45,17,628.7475492690043,78,43,1,6,0.5275628454149839,0.2510371019639071,9,0.3284793177942129,Clothing,West,M,At-Risk,CUST_01872,36.98514995700025,3.75,4.533333333333333,3,3,3,9,0.6853843358576686,0.3146156641423314,178.58,Low,175.66634405145714,223.0601590318997,155.95157,177.80495472697388,2.9136559485428677
17,5,86.15342332324688,323,55,1,5,0.3585317781988559,0.2433126493948784,8,0.6298927353011607,Pharmacy,South,F,Hibernating,CUST_02846,17.230684664649377,1.4166666666666667,3.5294117647058822,1,1,1,3,0.1549324028688188,0.8450675971311812,17.96,Low,25.65512065973668,26.865766578321594,29.035513,26.8737277780307,7.695120659736681
14,1,140.5886819085585,361,72,1,1,0.300326817237536,0.2878826340283185,8,0.5638066708558411,Grocery,North,M,Hibernating,CUST_02624,140.5886819085585,1.1666666666666667,0.8571428571428571,1,1,1,3,0.2955831942728886,0.7044168057271114,61.58,Low,49.3247599367123,81.29596086191975,61.498753,58.25541018656542,12.255240063287701
33,16,1493.4906803547944,52,40,3,8,0.504420208211396,0.1030193554500473,2,0.2070320126775354,Tech,North,M,Growers,CUST_01418,93.34316752217464,2.75,5.818181818181818,4,3,4,11,0.7599748725362575,0.2400251274637425,813.67,High,844.4082426046556,1082.3273154030467,786.58405,868.7097026068213,30.738242604655625
31,11,674.4537032898902,173,45,2,5,0.246064960555485,0.2517375109296548,10,0.3911730629348617,Clothing,South,M,At-Risk,CUST_01796,61.31397302635366,2.583333333333333,4.258064516129032,2,2,3,7,0.4684676683788883,0.5315323316211116,180.13,Low,168.32573232746728,173.04579465493907,177.60367,172.00606283334676,11.804267672532717
33,20,800.0,31,31,3,7,0.86570516389653,0.0997381144409276,3,0.103419412776161,Clothing,West,F,Growers,CUST_00844,40.0,2.75,7.272727272727272,4,3,3,10,0.71542161904648,0.2845783809535199,422.41,Medium,419.74583032976375,416.04517085433326,396.94995,412.0428456167874,2.6641696702362765
14,5,86.01203782769454,215,48,1,4,0.3190736025061373,0.4704468589528087,12,0.4572803804764282,Grocery,West,M,Hibernating,CUST_02813,17.20240756553891,1.1666666666666667,4.285714285714286,1,1,1,3,0.2585564887754947,0.7414435112245052,25.97,Low,30.76938054439324,30.641288335522052,29.107016,30.23600885468097,4.799380544393241
77,181,10147.1113127151,7,59,4,8,0.3266739984944488,0.0241069864604419,1,0.0609624804861027,Electronics,West,M,Champions,CUST_00270,56.061388468039226,6.416666666666667,28.20779220779221,5,5,5,15,0.9495584358774688,0.0504415641225313,10587.09,Very High,10593.439607524637,7512.277762434141,10479.041,9857.568173998487,6.349607524636667
15,29,1358.544531217653,60,39,3,7,0.8854876649300301,0.0923336442466381,2,0.2139706471060257,Tech,South,F,Growers,CUST_00630,46.84636314543632,1.25,23.2,4,4,4,12,0.7665978046075744,0.2334021953924255,1419.13,High,1660.4736528753024,1986.631329574767,1547.7152,1685.1857279189219,241.34365287530227
17,54,1948.9034964176053,18,41,2,6,0.6146605834688527,0.0802467826984845,6,0.2363089295813935,Sports,West,M,Growers,CUST_01034,36.09080548921492,1.4166666666666667,38.11764705882353,5,4,4,13,0.9382906906960196,0.0617093093039803,6509.44,Very High,6638.956655062836,4751.734914900424,6638.005,6209.153263641385,129.51665506283643
34,172,9997.279499658132,3,32,4,10,0.5275859958668282,0.018816863746555,3,0.0060500778207677,Home,East,M,Champions,CUST_00287,58.12371802126821,2.833333333333333,60.70588235294117,5,5,5,15,0.95,0.05,24432.75,Very High,23206.94743612825,33426.62257852758,25240.115,25600.893693069473,1225.8025638717518
43,16,238.0831201103198,108,58,1,7,0.2969104775938753,0.2737310772898443,7,0.3444765510493075,Clothing,East,F,At-Risk,CUST_02212,14.880195006894988,3.583333333333333,4.465116279069767,3,3,2,8,0.5925810370751116,0.4074189629248884,63.41,Low,64.96480955822652,102.48443993508398,60.81199,69.78691634260463,1.5548095582265233
56,154,6684.397091100286,21,62,3,8,0.3768455214221022,0.0584648014308089,1,0.1224982864802435,Electronics,South,M,Champions,CUST_00301,43.40517591623563,4.666666666666667,33.0,5,5,5,15,0.8748695554696289,0.1251304445303711,4191.46,Very High,5539.142942277738,6883.680536602869,4631.6377,5482.853367790781,1347.6829422777382
33,6,451.2296920671216,116,69,2,4,0.3834614465636551,0.1317355290387911,8,0.6015353036741506,Pharmacy,South,F,At-Risk,CUST_01511,75.20494867785361,2.75,2.1818181818181817,2,2,2,6,0.3782262975980914,0.6217737024019085,83.31,Low,93.73538918076018,74.37404007247237,90.10546,88.44659896541674,10.425389180760178
24,6,420.98183248345873,67,67,1,4,0.3300055288090003,0.2246186254627811,14,0.6817900532376765,Pharmacy,West,F,At-Risk,CUST_01812,70.16363874724313,2.0,3.0,3,2,2,7,0.4412973109850867,0.5587026890149133,129.02,Low,133.64370085637128,119.86348793602636,132.78098,130.51350980618065,4.623700856371272
76,191,9169.07934449501,26,50,4,9,0.3858469538527247,0.0559486722450459,4,0.0512773562875887,Electronics,South,F,Champions,CUST_00066,48.00565101829849,6.333333333333333,30.157894736842103,4,5,5,14,0.9246767155655752,0.0753232844344248,7734.1,Very High,7412.107650564392,5474.3229155957015,7230.418,6924.469522656605,321.99234943560805
16,7,70.37753167856206,254,61,1,3,0.3916410314413201,0.3929654092190174,9,0.9509035259464446,Pharmacy,South,F,Hibernating,CUST_02398,10.053933096937438,1.3333333333333333,5.25,1,2,1,4,0.2904415735716382,0.7095584264283619,28.85,Low,26.12030136478607,36.42483976189392,28.275604,28.59586258662025,2.729698635213932
21,46,1445.493727673623,56,39,3,7,0.8655655877844246,0.0770095752283645,6,0.1086855364805817,Tech,North,M,Growers,CUST_00891,31.42377668855702,1.75,26.285714285714285,4,4,4,12,0.7685849727916748,0.2314150272083251,1149.86,High,1292.1036662683225,1803.9038426181123,1169.8033,1340.6915789988188,142.2436662683226
22,6,381.3975704275362,151,32,2,7,0.2700124583272115,0.2155914390910489,7,0.6970804649162048,Pharmacy,South,F,At-Risk,CUST_01768,63.5662617379227,1.8333333333333333,3.272727272727273,2,2,2,6,0.5321455241312152,0.4678544758687848,141.86,Low,120.14099223979242,135.4412210504398,142.42793,129.5043077774135,21.71900776020759
43,4,508.5888310520577,174,53,1,5,0.2167544121820408,0.1189031002700138,11,0.6055431032456553,Grocery,South,F,At-Risk,CUST_01732,127.14720776301442,3.583333333333333,1.1162790697674418,2,1,2,5,0.3519087238347117,0.6480912761652883,59.25,Low,79.5440196397066,73.63280342146463,62.806538,72.97112026976811,20.294019639706605
32,24,856.7974000501475,55,44,3,9,0.6746822757221344,0.0895225650722466,1,0.293993477187472,Sports,East,M,Growers,CUST_01377,35.699891668756145,2.6666666666666665,9.0,4,3,3,10,0.752793607067803,0.247206392932197,426.52,Medium,473.0944806702623,496.33257418789003,429.40323,463.9695817287291,46.574480670262346
64,168,9649.12211842218,18,62,4,9,0.505595758997293,0.0124270892958246,4,0.0159935428404896,Electronics,North,F,Champions,CUST_00231,57.43525070489392,5.333333333333333,31.5,5,5,5,15,0.95,0.05,9761.37,Very High,11025.804809530282,9861.762234675924,10618.86,10661.528722405663,1264.4348095302812
59,122,11609.750755726116,23,40,4,8,0.4184666624533243,0.0140995713699173,2,0.1214968115525208,Luxury,North,F,Champions,CUST_00504,95.161891440378,4.916666666666667,24.813559322033896,5,5,5,15,0.95,0.05,22537.6,Very High,16523.58257919726,12120.609687552558,19441.83,16307.168647996494,6014.017420802738
11,2,140.0340359648635,339,31,2,4,0.2554077761514731,0.4874552467926705,9,0.7451519440558663,Grocery,South,M,Hibernating,CUST_02460,70.01701798243175,0.9166666666666666,2.181818181818182,1,1,1,3,0.1614522995263567,0.8385477004736432,56.09,Low,51.655955102685986,42.466873490009974,55.420933,50.735365143770174,4.434044897314017
33,17,2454.9942868877097,45,30,3,6,0.8366219728706605,0.105682371088247,4,0.2944530358609793,Clothing,South,M,Growers,CUST_01351,144.41142864045352,2.75,6.181818181818182,4,3,4,11,0.6556051824154131,0.3443948175845869,1071.45,High,946.943742044467,1237.884903984947,1026.6427,1023.5902084105503,124.5062579555331
24,37,2479.288643886105,56,48,3,9,0.737115724874266,0.1089380938009173,4,0.174535742787035,Tech,South,M,Growers,CUST_01445,67.00780118611095,2.0,18.5,4,4,4,12,0.8482451379377118,0.1517548620622881,3755.45,Very High,2717.519395866475,2276.566453059168,3458.3967,2819.7239154058843,1037.9306041335249
17,7,141.63142158055777,280,20,2,3,0.2380118492046901,0.3478086744502848,6,0.5128868127117311,Pharmacy,East,F,Hibernating,CUST_02552,20.233060225793967,1.4166666666666667,4.941176470588235,1,2,1,4,0.1970322860112411,0.8029677139887589,45.01,Low,41.947689488303034,32.43283708725232,42.82444,40.09788499849181,3.062310511696964
21,12,1282.4781739307275,73,38,3,9,0.6291885195693303,0.1328499712144269,3,0.1233730903959974,Clothing,South,M,Growers,CUST_01005,106.87318116089396,1.75,6.857142857142857,3,2,4,9,0.4961110184495217,0.5038889815504783,501.45,Medium,579.496600756407,606.2481900690063,490.71387,556.2971880605149,78.04660075640703
16,35,815.6870656817298,79,38,2,7,0.6349042814414505,0.1290215761551944,6,0.3198308562174299,Clothing,North,M,Growers,CUST_00837,23.305344733763707,1.3333333333333333,26.25,3,4,3,10,0.5914437811221775,0.4085562188778224,429.79,Medium,560.6943610702939,569.1620037979842,475.93256,535.3975649361752,130.90436107029387
40,12,368.05152156684136,122,67,1,5,0.317797086001416,0.2453498264566953,7,0.6408898320312628,Pharmacy,West,F,At-Risk,CUST_01589,30.670960130570112,3.333333333333333,3.6,2,2,2,6,0.4049421754194753,0.5950578245805247,60.21,Low,63.207168377269056,55.088336369715066,61.50227,60.99191024247581,2.9971683772690554
63,158,10381.29110641779,22,58,4,8,0.3720393930065998,0.0278136932132782,1,0.0712662547397753,Luxury,East,M,Champions,CUST_00375,65.70437409125184,5.25,30.09523809523809,5,5,5,15,0.95,0.05,17606.75,Very High,14048.036650516771,10682.967303530737,15886.931,13799.349008366666,3558.7133494832287
9,30,1183.5463328309063,35,41,3,8,0.8207692338456685,0.1465517632352922,3,0.2920081135635206,Tech,West,F,Growers,CUST_01353,39.45154442769688,0.75,40.0,4,4,3,11,0.8139707767301817,0.1860292232698183,3129.63,Very High,2511.844484344893,1899.9091907546476,3137.1052,2539.2436129093376,617.7855156551072
28,11,598.8510670445888,198,42,2,4,0.360849036619858,0.1453057290453998,11,0.3924412098575991,Pharmacy,North,F,At-Risk,CUST_02111,54.441006094962624,2.333333333333333,4.714285714285714,2,2,3,7,0.4469054679485299,0.5530945320514701,163.1,Low,168.8284645384436,176.08290697745505,163.75276,168.7033404800496,5.728464538443603
32,6,387.7263899760996,140,66,2,6,0.3491941552332059,0.2420972136579128,8,0.62814453935833,Clothing,East,M,At-Risk,CUST_01787,64.6210649960166,2.6666666666666665,2.25,2,2,2,6,0.4982413470829958,0.5017586529170042,123.48,Low,99.29453172383501,97.63455946029251,113.8078,103.09644777608851,24.185468276164997
29,16,800.0,187,66,2,7,0.2466899361643028,0.2620592055392692,10,0.6362716444618324,Grocery,North,F,At-Risk,CUST_01804,50.0,2.4166666666666665,6.620689655172415,2,3,3,8,0.4928230781368996,0.5071769218631004,253.6,Medium,226.43760542059803,216.38026600945176,246.57794,230.2005075532193,27.162394579401962
27,10,516.3949742007342,119,59,2,4,0.2837313159651223,0.291088982078084,13,0.6520145473033047,Clothing,North,M,At-Risk,CUST_02072,51.63949742007342,2.25,4.444444444444445,2,2,2,6,0.5403825391639441,0.4596174608360559,170.94,Low,150.55769747743165,113.63921631428859,182.27602,150.73556359888656,20.382302522568352
29,58,2319.6389792213763,24,32,2,7,0.6171092980842088,0.146074010958625,7,0.2985880823119188,Clothing,South,M,Growers,CUST_00752,39.99377550381684,2.4166666666666665,24.0,4,5,4,13,0.9106334978085078,0.0893665021914922,3883.16,Very High,3745.2019670011164,2443.256344253738,3938.7197,3490.922226139009,137.95803299888348
31,108,7620.659281867954,8,50,4,8,0.695779101295685,0.0261966445463793,3,0.0378259316243294,Luxury,North,M,Champions,CUST_00100,70.56166001729586,2.583333333333333,41.80645161290322,5,5,5,15,0.95,0.05,18402.43,Very High,21288.468321679175,17232.92455337574,20528.533,20186.059015403815,2886.0383216791743
37,15,200.0,156,48,2,4,0.526565369651799,0.1528899901518196,14,0.3013127156942872,Pharmacy,South,F,At-Risk,CUST_01724,13.333333333333334,3.083333333333333,4.864864864864865,2,3,2,7,0.4694468642717466,0.5305531357282534,39.34,Low,48.60665295143494,72.93160689396399,40.68398,49.99490318211992,9.266652951434935
10,21,1189.6250857795626,17,49,3,9,0.6867923034768946,0.1378800958085926,6,0.2995457473937107,Tech,South,M,Growers,CUST_00867,56.6488136085506,0.8333333333333334,25.2,5,3,3,11,0.8809656989815342,0.1190343010184658,4069.57,Very High,3156.083120583116,1978.8974772405072,4010.834,3089.1136486797905,913.4868794168842
16,51,1039.755847691507,79,50,2,8,0.4597003210381568,0.056301677887537,5,0.2327861581411659,Clothing,West,F,Growers,CUST_00911,20.387369562578566,1.3333333333333333,38.25,3,4,3,10,0.7520855099271314,0.2479144900728686,1196.95,High,1086.8287928575069,1091.5659954792873,1143.4875,1104.4857449060003,110.12120714249318
16,6,375.6021549191977,80,68,1,7,0.4645372286685896,0.1140054876999721,6,0.4709244167149946,Grocery,North,M,At-Risk,CUST_02010,62.60035915319961,1.3333333333333333,4.5,3,2,2,7,0.5735725651283998,0.4264274348716002,191.76,Low,178.49939603548134,196.51566100659608,209.92043,191.03810371585254,13.260603964518651
75,78,5258.462968057519,11,33,4,9,0.781680160223019,0.0648428692034487,2,0.052207793321598,Electronics,West,F,Champions,CUST_00530,67.41619189817332,6.25,12.48,5,5,5,15,0.95,0.05,5957.22,Very High,6705.236177401869,2763.914590293023,6121.061,5464.690829257283,748.0161774018688
35,55,1059.2930363612047,27,35,3,6,0.8145975705079691,0.1282655011055579,1,0.2344594557873269,Clothing,North,F,Growers,CUST_00637,19.25987338838554,2.9166666666666665,18.857142857142858,4,4,3,11,0.7372291217808356,0.2627708782191644,456.27,Medium,612.0886170889327,589.1062703292898,480.59637,564.9169192785643,155.81861708893268
72,55,15000.0,27,41,4,10,0.6181871407666872,0.0651160370704491,0,0.1399301535189949,Electronics,East,F,Champions,CUST_00186,272.72727272727275,6.0,9.166666666666666,4,4,5,13,0.8230198719812704,0.1769801280187296,4319.1,Very High,3843.7046861885565,10586.56047076151,4323.4893,4876.20625787056,475.3953138114439
28,47,800.0,85,32,3,7,0.7511493098189455,0.1109893741669299,2,0.2823088773670902,Tech,South,M,Growers,CUST_01188,17.02127659574468,2.333333333333333,20.142857142857142,3,4,3,10,0.6151490093338241,0.3848509906661759,294.33,Medium,433.7505919298766,426.8674760362232,316.64285,393.4243492775873,139.4205919298766
28,5,352.5151814995042,136,64,2,5,0.4367890371504233,0.2175436566800836,14,0.5612583952377888,Grocery,South,M,At-Risk,CUST_01972,70.50303629990084,2.333333333333333,2.142857142857143,2,1,2,5,0.2831907098189024,0.7168092901810976,52.08,Low,68.24798876456927,59.90754354138222,56.877743,62.957476260805976,16.167988764569273
11,30,1218.834330733295,76,44,3,9,0.6319171714750261,0.106753578645632,4,0.2150165597394877,Clothing,South,F,Growers,CUST_00932,40.62781102444317,0.9166666666666666,32.72727272727273,3,4,4,11,0.7095540218316125,0.2904459781683874,1430.16,High,1676.9186604355639,1734.6964431654185,1442.0575,1613.6013944429856,246.7586604355638
32,14,903.861057912412,41,47,3,9,0.7599946155163622,0.0646630815027581,5,0.1199577666407183,Sports,South,M,Growers,CUST_01382,64.56150413660086,2.6666666666666665,5.25,4,3,3,10,0.8188612146255383,0.1811387853744617,555.35,Medium,563.4091107494211,594.0530192503912,562.4826,569.1279448897345,8.059110749421052
41,4,644.3735501010101,173,53,1,6,0.5881948362548257,0.192504726282118,4,0.3281137682562205,Grocery,South,F,At-Risk,CUST_02296,161.09338752525252,3.4166666666666665,1.170731707317073,2,1,3,6,0.315927430597097,0.684072569402903,92.53,Low,99.57501171564098,146.6885082500134,93.6856,105.65950508047857,7.045011715640982
9,4,200.0,263,67,1,2,0.3293303157402761,0.4540663722952925,19,0.6636794435883697,Grocery,West,F,Hibernating,CUST_02383,50.0,0.75,5.333333333333333,1,1,2,4,0.2069768734541519,0.7930231265458481,83.61,Low,98.46869758738148,66.94142693550229,95.49907,90.33287428664936,14.858697587381485
22,7,23.36141146772362,310,33,1,5,0.1785886603398127,0.3581545509041301,10,0.479252227133311,Pharmacy,South,M,Hibernating,CUST_02402,3.3373444953890887,1.8333333333333333,3.8181818181818175,1,2,1,4,0.2968483787982353,0.7031516212017647,6.53,Low,10.248218379975745,33.328504697317825,6.4660172,11.433676152341844,3.7182183799757444
35,10,422.3159270162767,197,50,2,6,0.2428483140351529,0.1468321480203334,7,0.3867084049537087,Pharmacy,East,F,At-Risk,CUST_02000,42.23159270162767,2.9166666666666665,3.428571428571429,2,2,2,6,0.3328954547617491,0.6671045452382509,87.07,Low,82.61815652887483,63.54487398463688,82.74563,78.43489581852398,4.451843471125159
7,49,1648.9361282511672,39,25,2,7,0.7182353542750486,0.0706902894850905,6,0.2696348110535939,Sports,East,M,Growers,CUST_00608,33.65175771941158,0.5833333333333334,84.0,4,4,4,12,0.8042912920006504,0.1957087079993495,4967.11,Very High,4150.784008991617,7798.507263225071,4914.636,4953.556755554687,816.3259910083825
3,3,50.19494231742156,283,29,1,1,0.1389823788978903,0.3470941456889904,17,0.4871784122055261,Pharmacy,West,F,Hibernating,CUST_02897,16.73164743914052,0.25,12.0,1,1,1,3,0.2051441338068386,0.7948558661931614,95.28,Low,91.7764620664081,43.81569135279391,93.96866,79.77538039404565,3.5035379335919004
71,166,15000.0,18,45,4,10,0.6711265935995436,0.0226828295335057,0,0.0388356412189709,Luxury,West,F,Champions,CUST_00152,90.36144578313252,5.916666666666667,28.05633802816901,5,5,5,15,0.95,0.05,16432.77,Very High,15673.841392972436,15384.060360690632,16711.133,15918.558911424803,758.9286070275648
35,48,2500.0,16,43,3,6,0.8786584256452761,0.0658555968291662,5,0.3465996441213249,Clothing,West,M,Growers,CUST_01284,52.083333333333336,2.9166666666666665,16.45714285714286,5,4,4,13,0.8406627192785818,0.1593372807214181,1491.18,High,2061.8225959623965,1948.5331484885473,1523.7955,1861.8615011818335,570.6425959623964
47,17,727.050269084593,122,23,2,4,0.2051342405586947,0.1947329513904376,9,0.5387398991984321,Grocery,West,F,At-Risk,CUST_02263,42.767662887329,3.9166666666666665,4.340425531914894,2,3,3,8,0.4759214658616133,0.5240785341383867,124.0,Low,134.8121538011379,115.69741814682367,125.71118,128.04051408103496,10.812153801137896
30,35,2002.7087993503171,36,43,3,7,0.6020402647466547,0.0874750916176093,1,0.3153910710624891,Sports,East,M,Growers,CUST_00732,57.22025141000907,2.5,14.0,4,4,4,12,0.8032466489286347,0.1967533510713652,1578.14,High,1496.6008063413103,1449.4596590561528,1398.4606,1457.1002452536168,81.53919365868978
20,23,800.0,61,39,3,7,0.5800658438869373,0.1153682665657135,6,0.1509716188651309,Tech,South,M,Growers,CUST_01338,34.78260869565217,1.6666666666666667,13.8,4,3,3,10,0.677122290930927,0.322877709069073,426.57,Medium,516.1756637629,586.1452109765311,448.35248,507.56249860180793,89.60566376289995
47,7,301.17915662073017,103,61,1,6,0.5733488292368878,0.1299536254682473,12,0.3435072926215106,Pharmacy,East,F,At-Risk,CUST_01599,43.02559380296145,3.9166666666666665,1.7872340425531916,3,2,2,7,0.4474562275174239,0.5525437724825761,45.43,Low,56.8164565000957,65.45239825642112,47.35335,55.34506438382048,11.386456500095697
16,6,31.61219185658008,360,42,1,3,0.356111578110869,0.3024673629397959,12,0.7661459645514093,Grocery,East,F,Hibernating,CUST_02841,5.268698642763346,1.3333333333333333,4.5,1,2,1,4,0.3144636126002152,0.6855363873997847,11.66,Low,14.194001670928612,43.71784710171618,11.521125,16.792021051690067,2.534001670928612
67,55,4338.531038431175,24,47,3,9,0.7294083855840774,0.0788497044559564,0,0.0134639250840235,Luxury,North,F,Champions,CUST_00024,78.88238251693046,5.583333333333333,9.850746268656716,4,4,5,13,0.8269433412084615,0.1730566587915385,2410.36,High,2508.5365761743033,1546.710559927461,1906.9067,2097.4660039370947,98.17657617430314
20,2,57.76299149686438,228,44,1,3,0.2915867646716585,0.4247774346037786,4,0.8786667776829509,Pharmacy,South,F,Hibernating,CUST_02858,28.88149574843219,1.6666666666666667,1.2,1,1,1,3,0.2060648854611117,0.7939351145388882,15.8,Low,17.499391633669294,24.34456102486112,15.438934,18.015939312290712,1.6993916336692934
63,95,11038.20915172798,22,36,3,10,0.598577652995151,0.0219655481694593,2,0.0900874795480704,Electronics,West,F,Champions,CUST_00159,116.19167528134716,5.25,18.09523809523809,5,5,5,15,0.95,0.05,11058.6,Very High,13718.421777694402,9430.717391583124,12687.254,12432.879107594985,2659.821777694402
16,52,1544.1796460397234,88,44,3,8,0.4355005397526951,0.0759750936102575,3,0.3021283183151027,Sports,West,F,Growers,CUST_00862,29.695762423840836,1.3333333333333333,39.0,3,4,4,11,0.7297420510616128,0.2702579489383871,1085.93,High,1295.479847887141,1963.1236456836762,1205.9023,1377.854286622529,209.5498478871409
15,39,1871.2667126929323,51,47,3,8,0.7562710045664984,0.0765091401927449,1,0.132033760062631,Tech,East,M,Growers,CUST_00903,47.98119776135724,1.25,31.2,4,4,4,12,0.790473135513651,0.209526864486349,2790.24,Very High,2552.4196278262475,2630.0806936769945,2676.395,2604.563760361075,237.82037217375228
13,1,101.24638335347832,298,43,1,4,0.4335153325194568,0.4991346415136304,7,0.4570017952740399,Grocery,South,M,Hibernating,CUST_02656,101.24638335347832,1.0833333333333333,0.9230769230769232,1,1,1,3,0.1405458146327425,0.8594541853672575,55.25,Low,41.79694572265472,42.006720078970446,48.901405,43.85878327933842,13.45305427734528
12,1,46.80897193298118,336,54,2,5,0.1938919525961489,0.4156487860315588,18,0.4659459638450474,Grocery,South,M,Hibernating,CUST_02938,46.80897193298118,1.0,1.0,1,1,1,3,0.2518122177500699,0.7481877822499301,20.99,Low,22.581795587260743,42.294500469078685,21.114624,25.12034192076421,1.5917955872607443
83,59,4187.309519381683,26,49,4,10,0.424834476370115,0.0508191153369708,1,0.0869744364071587,Luxury,East,F,Champions,CUST_00445,70.97134778613021,6.916666666666667,8.53012048192771,4,5,5,14,0.9176754009633246,0.0823245990366754,2445.54,High,4065.5309157687743,1384.458799806414,2549.168,2849.371322892213,1619.9909157687744
4,3,50.23938625160843,348,38,2,2,0.3351075470653183,0.4742046476109653,2,0.905841563635038,Pharmacy,East,F,Hibernating,CUST_02939,16.746462083869478,0.3333333333333333,9.0,1,1,1,3,0.194035484715213,0.805964515284787,69.82,Low,68.22936560879742,45.59972680636916,68.1871,62.94835949661736,1.5906343912025704
30,32,1274.3149080927317,68,45,3,8,0.4953771648716319,0.1384724503314564,1,0.2907548494539168,Tech,East,F,Growers,CUST_00755,39.822340877897865,2.5,12.8,3,4,4,11,0.6214473897582637,0.3785526102417362,418.09,Medium,581.1534955407005,649.6904699138528,437.80743,545.859660579525,163.06349554070056
14,53,1902.1651986259224,18,47,2,8,0.5507983037229618,0.0655159778938349,3,0.1742792895319604,Tech,East,M,Growers,CUST_00924,35.889909408036274,1.1666666666666667,45.42857142857142,5,4,4,13,0.8627569860432395,0.1372430139567605,2838.85,Very High,3883.7690057133673,4897.898139303675,3226.4534,3848.11034015424,1044.9190057133674
13,4,200.0,184,58,1,1,0.1976162135368973,0.3691972350324839,2,0.9817451730888356,Pharmacy,West,F,Hibernating,CUST_02971,50.0,1.0833333333333333,3.692307692307693,2,1,2,5,0.4009282856191463,0.5990717143808537,126.02,Low,99.33524307140053,107.08141544891416,122.82982,107.4737246953085,26.68475692859947
47,18,456.1565977142415,138,20,1,5,0.2701070479703697,0.2950326759829537,5,0.6957808440560334,Pharmacy,West,F,At-Risk,CUST_02103,25.34203320634675,3.9166666666666665,4.595744680851064,2,3,2,7,0.4245828969059651,0.5754171030940349,64.62,Low,82.99625735422184,57.059667144497176,77.16924,75.35116805696809,18.376257354221835
59,64,10717.734007301611,1,43,3,10,0.6034234777700695,0.0338923052165036,1,0.1014925850328759,Electronics,South,M,Champions,CUST_00312,167.4645938640877,4.916666666666667,13.016949152542372,5,5,5,15,0.95,0.05,17862.38,Very High,15270.252768626162,10464.800564748477,17162.572,14663.734130361543,2592.127231373839
55,162,7695.89607753786,16,58,4,8,0.3813954946031146,0.0160292497344576,3,0.0616670125492272,Electronics,North,F,Champions,CUST_00549,47.505531342826295,4.583333333333333,35.34545454545455,5,5,5,15,0.95,0.05,10485.81,Very High,11081.297106413233,9978.642212462404,11310.264,10918.212203773443,595.487106413233
42,12,352.1121426073151,174,53,2,6,0.2124480582812993,0.2200404416140322,10,0.514541124236176,Clothing,South,M,At-Risk,CUST_01946,29.34267855060959,3.5,3.4285714285714284,2,2,2,6,0.4160238394705777,0.5839761605294223,61.41,Low,59.73840864748064,58.49127567135896,60.398792,59.68345914718983,1.671591352519357
23,51,2500.0,80,36,3,7,0.6206229382155888,0.0552460492911994,7,0.226018736710022,Clothing,East,F,Growers,CUST_01457,49.01960784313726,1.9166666666666667,26.60869565217391,3,4,4,11,0.6251414532086792,0.3748585467913208,1384.46,High,1341.5632594980714,1254.7478691407778,1327.782,1319.6386175260982,42.89674050192866
52,183,13449.009165552534,23,43,3,9,0.477462330438505,0.0191681620095921,0,0.1244348747142552,Luxury,South,F,Champions,CUST_00307,73.49185336367505,4.333333333333333,42.23076923076923,5,5,5,15,0.95,0.05,25509.0,Very High,17711.34648597402,25530.58211480241,20098.21,19791.804590981294,7797.65351402598
79,68,6036.858021966363,7,33,3,9,0.6338802958015765,0.078540608857043,2,0.048925538119238,Home,South,M,Champions,CUST_00288,88.77732385244651,6.583333333333333,10.329113924050631,5,5,5,15,0.915694726876416,0.084305273123584,3942.36,Very High,4937.320101748101,2590.9071106783085,3819.0552,4018.152475264949,994.9601017481004
22,18,2335.436152438692,84,29,2,9,0.7656069099981406,0.0627742763542689,2,0.1358943658621488,Clothing,East,M,Growers,CUST_00695,129.74645291326064,1.8333333333333333,9.818181818181818,3,3,4,10,0.6048714398097755,0.3951285601902244,1159.83,High,1093.259022074961,1137.8198109126165,1168.2708,1124.1894175552222,66.57097792503896
43,171,11168.260028722993,24,64,4,9,0.3158718826864943,0.0694612484358015,2,0.1403091734501698,Electronics,West,M,Champions,CUST_00309,65.31146215627481,3.583333333333333,47.72093023255814,4,5,5,14,0.8673801040495209,0.132619895950479,9026.68,Very High,8692.61688218844,16621.627782270585,9087.223,10028.607452858967,334.06311781156
16,7,96.51606340687722,315,34,1,2,0.1889526320716371,0.3490666244907746,3,0.7324059126364878,Pharmacy,East,F,Hibernating,CUST_02321,13.788009058125317,1.3333333333333333,5.25,1,2,1,4,0.2567065366541095,0.7432934633458905,36.54,Low,33.73921691153973,38.825239407132486,36.09645,35.41174107535873,2.800783088460271
28,28,1597.291318057256,48,35,3,8,0.6888815337488537,0.0667621970755401,3,0.3459614807118863,Clothing,East,F,Growers,CUST_00750,57.046118502044855,2.333333333333333,12.0,4,4,4,12,0.8417408579333794,0.1582591420666206,1247.37,High,1522.518405256172,1517.020178178598,1313.9932,1455.6542210661744,275.14840525617205
4,5,109.14134671235692,261,28,2,3,0.4779027623408367,0.3092968271592799,5,0.9200312368938692,Pharmacy,East,F,Hibernating,CUST_02816,21.828269342471387,0.3333333333333333,15.0,1,1,1,3,0.1882196878318059,0.8117803121681941,116.65,Low,130.35710100125783,45.04796889534443,122.019005,103.43848766403286,13.707101001257826
12,19,800.0,45,47,2,6,0.8139671624259284,0.1230195266161554,7,0.2465910353307381,Clothing,West,F,Growers,CUST_01240,42.10526315789474,1.0,19.0,4,3,3,10,0.7236855402453786,0.2763144597546214,738.52,Medium,965.2857094171826,844.2135309722564,823.5467,896.0377524084782,226.76570941718262
11,13,1170.8159840138412,62,33,2,7,0.500033368808783,0.1151800103381067,3,0.2747462770436213,Sports,North,M,Growers,CUST_00909,90.06276800106471,0.9166666666666666,14.181818181818182,4,2,3,9,0.6253413455688909,0.3746586544311091,1338.58,High,1061.4530635404553,792.5166195658371,1330.1945,1071.3550372676043,277.1269364595446
32,10,322.2335997341043,81,25,2,4,0.4472537805224311,0.1432512958455905,5,0.354492155135144,Clothing,East,M,At-Risk,CUST_01881,32.22335997341043,2.6666666666666665,3.75,3,2,2,7,0.5634976744477551,0.4365023255522449,91.31,Low,89.20501832559574,114.66711477225235,85.43173,92.5964323509096,2.1049816744042573
4,7,152.52017219980502,234,25,1,5,0.2704241679370999,0.4863526421814914,8,0.5731461117516181,Pharmacy,South,F,Hibernating,CUST_02381,21.788596028543573,0.3333333333333333,21.0,1,2,1,4,0.2395871129189487,0.7604128870810513,238.18,Medium,179.62437903270782,59.983501824088634,233.41974,156.1914609389457,58.555620967292185
27,44,1822.162221084741,65,31,3,7,0.5883693726654773,0.0625300896406109,6,0.3467026704496889,Clothing,South,M,Growers,CUST_01407,41.41277775192594,2.25,19.55555555555556,3,4,4,11,0.7459507831259878,0.2540492168740121,1185.37,High,1125.0257822141355,1133.9107863051343,1219.5137,1154.3919652199027,60.34421778586443
4,1,88.29214886797628,256,23,1,2,0.4429106544165159,0.3849138813846915,16,0.9765752110372856,Pharmacy,South,M,Hibernating,CUST_02495,88.29214886797628,0.3333333333333333,3.0,1,1,1,3,0.2008230811219023,0.7991769188780976,99.81,Low,101.90878653434217,51.38761704899241,103.76698,89.3939377094619,2.0987865343421674
18,47,1353.7283560264232,55,40,3,6,0.5604406995183218,0.1199706355749918,2,0.3140325550882614,Sports,South,M,Growers,CUST_00971,28.8027309792856,1.5,31.33333333333333,4,4,4,12,0.7810937709815203,0.2189062290184796,1417.16,High,1491.82241712969,2139.4320128124673,1442.3348,1587.2341713435296,74.66241712968986
47,49,10420.256314765376,18,33,4,10,0.4633712710150204,0.0617206673993122,4,0.0038022906395907,Luxury,East,M,Champions,CUST_00014,212.65829213806887,3.9166666666666665,12.51063829787234,5,4,5,14,0.8425374740404858,0.1574625259595141,5523.62,Very High,5927.7079884622335,11804.537413492848,5588.6694,6684.179707582809,404.0879884622336
8,22,2106.855502786349,34,31,3,6,0.5738175434881008,0.0881844798923415,4,0.1023105786452695,Clothing,North,M,Growers,CUST_00874,95.76615921756134,0.6666666666666666,33.0,4,3,4,11,0.730329543077143,0.2696704569228569,3743.46,Very High,3357.4774173362493,3055.2003860096684,4179.265,3518.401193944696,385.9825826637507
33,43,1202.3310757097686,56,52,3,8,0.6244898870319199,0.0549058367408643,5,0.3482036155638846,Tech,West,F,Growers,CUST_00809,27.96118780720392,2.75,15.636363636363637,4,4,4,12,0.7538887739333058,0.2461112260666942,713.27,Medium,904.291401751596,1046.2263304006942,723.3752,870.7489523763358,191.02140175159604
20,2,81.63953583473604,221,69,1,1,0.3416879520371406,0.3984416166814881,16,0.4530156720916583,Grocery,North,F,Hibernating,CUST_02579,40.81976791736802,1.6666666666666667,1.2,1,1,1,3,0.2258903293488571,0.7741096706511428,32.28,Low,27.090084841920863,26.543996801110644,29.024265,27.544581302982234,5.189915158079138
38,111,4445.1326783825225,18,48,4,8,0.4725418727566168,0.0377418837848754,4,0.1295147366684076,Home,South,M,Champions,CUST_00515,40.04624034578849,3.1666666666666665,35.05263157894737,5,5,5,15,0.95,0.05,11617.02,Very High,10547.918463412705,8506.088123834881,9871.664,9904.82119243382,1069.1015365872954
19,1,69.06897232980496,218,43,1,2,0.1871194243614985,0.3100871338257364,9,0.736253511169521,Grocery,North,M,Hibernating,CUST_02414,69.06897232980496,1.5833333333333333,0.6315789473684211,1,1,1,3,0.2489988520179664,0.7510011479820335,20.25,Low,21.113526149806457,33.41648188902466,19.687725,22.680786438753902,0.8635261498064573
78,151,9192.634782742016,11,43,4,10,0.3982096079360087,0.0590428047476116,3,0.069053305970224,Luxury,East,M,Champions,CUST_00410,60.87837604464911,6.5,23.23076923076923,5,5,5,15,0.95,0.05,11958.43,Very High,10541.402722435552,5681.7097923645715,10898.431,9409.27095810677,1417.027277564448
1,1,200.0,248,69,1,5,0.1055150818178203,0.4624044359461887,6,0.8698557074565345,Pharmacy,South,M,Hibernating,CUST_02834,200.0,0.0833333333333333,12.0,1,1,2,4,0.1640497611387484,0.8359502388612516,1299.23,High,304.11443352288626,191.42465794660131,548.96155,331.03453180247885,995.1155664771138
46,5,457.20850549828725,89,48,1,5,0.5118312082997147,0.165758751998684,7,0.6474732847940448,Pharmacy,North,M,At-Risk,CUST_02260,91.44170109965744,3.8333333333333335,1.3043478260869563,3,1,2,6,0.4381366523065997,0.5618633476934003,60.29,Low,80.11841312169719,77.18283725579929,63.619896,74.21282234741278,19.82841312169719
15,3,188.64423779265664,347,65,1,3,0.3400827430370685,0.3986991656912069,10,0.9259915636616478,Pharmacy,West,F,Hibernating,CUST_02824,62.88141259755221,1.25,2.4,1,1,2,4,0.1427892522431804,0.8572107477568195,74.05,Low,66.26534285179928,60.14414072908458,70.45414,66.20086733612789,7.784657148200722
34,54,1256.8071761388933,28,34,3,8,0.415284183673815,0.0594770891592019,3,0.1173954458858947,Clothing,North,M,Growers,CUST_01226,23.27420696553506,2.833333333333333,19.058823529411764,4,4,4,12,0.7883258548712694,0.2116741451287306,823.21,High,949.7225873268379,1154.8741511012486,805.175,939.8879170633663,126.51258732683789
25,9,475.7449267108089,104,53,2,7,0.3883436068241755,0.1277846024741947,10,0.5122376583201077,Pharmacy,South,F,At-Risk,CUST_01656,52.8605474123121,2.083333333333333,4.319999999999999,3,2,2,7,0.587063602810956,0.4129363971890439,231.31,Medium,187.00159019473952,166.59737634711703,227.98547,193.92906926108734,44.30840980526048
29,7,561.2699835441418,80,67,2,4,0.3211870680783325,0.242513015575675,7,0.4413446286163696,Pharmacy,North,F,At-Risk,CUST_01611,80.18142622059169,2.4166666666666665,2.896551724137931,3,2,3,8,0.4696078896786758,0.5303921103213243,173.14,Low,182.5814835834035,212.271944310563,172.83562,185.09849294422776,9.44148358340351
41,184,10376.609344855591,13,57,4,9,0.3284893634986841,0.0484210961079819,0,0.0824575882744966,Electronics,South,F,Champions,CUST_00383,56.39461600464996,3.4166666666666665,53.85365853658537,5,5,5,15,0.95,0.05,20545.45,Very High,19512.729862463464,27666.216766322108,19645.088,20966.473359880736,1032.7201375365366
40,4,674.6341968106011,116,45,2,6,0.3343866576187938,0.282671239506978,9,0.3894768573328253,Grocery,West,M,At-Risk,CUST_02107,168.65854920265028,3.333333333333333,1.2,2,1,3,6,0.3507823366499857,0.6492176633500142,148.01,Low,121.76596582230805,153.8787062704495,137.12865,132.2362715288176,26.244034177691944
32,13,335.34874497453615,199,23,1,4,0.5733767319039625,0.2310182621694771,12,0.5232409507491405,Grocery,West,M,At-Risk,CUST_02188,25.796057305733548,2.6666666666666665,4.875,2,2,2,6,0.4537370625110419,0.546262937488958,84.78,Low,78.4802290367861,82.64044360924032,79.727394,79.67131272760852,6.299770963213902
23,4,232.7836395985875,182,36,2,7,0.3319983214443177,0.2014383776036262,7,0.3764499899905718,Grocery,South,M,At-Risk,CUST_01622,58.19590989964688,1.9166666666666667,2.0869565217391304,2,1,2,5,0.2366499011939363,0.7633500988060636,52.17,Low,66.10895805065267,60.63434613002516,52.86193,60.76456930097497,13.938958050652673
9,1,51.42584611756244,247,28,1,6,0.4363379756530411,0.2319910290286451,12,0.9435069894571878,Grocery,South,F,Hibernating,CUST_02832,51.42584611756244,0.75,1.3333333333333333,1,1,1,3,0.226260048300784,0.773739951699216,33.46,Low,35.57415306641653,37.77637956385927,30.939861,34.53043274352447,2.1141530664165273
58,77,9622.655912261118,5,51,3,8,0.5233572636292602,0.0407898947799684,2,0.0362401914653644,Electronics,West,F,Champions,CUST_00553,124.96955730209244,4.833333333333333,15.93103448275862,5,5,5,15,0.95,0.05,16124.72,Very High,13464.410740603782,8492.36302766413,14743.919,12617.812706453618,2660.3092593962174
62,65,11156.905625037663,4,63,4,10,0.7994463060166452,0.0632112650853111,1,0.0393612564733952,Luxury,South,F,Champions,CUST_00223,171.64470192365638,5.166666666666667,12.580645161290322,5,5,5,15,0.95,0.05,15332.2,Very High,15280.06540005609,10530.542117386038,16027.6455,14388.454068520328,52.13459994391087
7,34,863.8850155337129,84,50,3,8,0.6593075158176671,0.1076439858642787,6,0.2435924310597534,Clothing,North,F,Growers,CUST_01097,25.408382809815087,0.5833333333333334,58.285714285714285,3,4,3,10,0.6172499800136577,0.3827500199863423,1436.49,High,1454.204429081979,1371.3071921950623,1453.8285,1437.122277521381,17.714429081979006
14,7,42.564856384060825,242,38,1,1,0.3256718111717839,0.3424673917468253,19,0.5801394096267675,Pharmacy,South,M,Hibernating,CUST_02755,6.080693769151546,1.1666666666666667,6.0,1,2,1,4,0.3183893944532801,0.6816106055467199,18.98,Low,20.077632919609414,38.65728037978505,19.17964,22.60747543561709,1.0976329196094134
81,78,5246.634304341418,25,39,4,8,0.7142777989530407,0.0183096366856378,4,0.0270237971598928,Luxury,West,M,Champions,CUST_00009,67.26454236335151,6.75,11.555555555555555,4,5,5,14,0.9113187601420034,0.0886812398579965,2778.52,Very High,4532.033388247342,1728.6643833372173,3541.498,3471.000113509666,1753.5133882473424
8,39,2295.876708340996,88,48,2,7,0.8499757019532131,0.1489841381955569,3,0.2532630064673696,Clothing,South,F,Growers,CUST_01477,58.86863354720502,0.6666666666666666,58.5,3,4,4,11,0.6004941631375532,0.3995058368624468,2667.15,Very High,2588.4319038087356,3001.6752851429064,2629.749,2678.9569874747517,78.71809619126452
43,100,5118.222546946284,13,55,4,10,0.731498415679436,0.0109577690332476,2,0.105121262700261,Luxury,East,M,Champions,CUST_00317,51.18222546946284,3.583333333333333,27.906976744186046,5,5,5,15,0.95,0.05,8101.11,Very High,9651.441822445018,7226.626190865816,8381.594,8731.35290910499,1550.3318224450186
56,43,14255.833269019182,28,42,4,10,0.4428537838304451,0.0478962094635206,0,0.1142834841566226,Electronics,South,M,Champions,CUST_00428,331.53100625626007,4.666666666666667,9.214285714285714,4,4,5,13,0.7084923893441575,0.2915076106558425,4605.68,Very High,3588.7555540174535,14495.98498132248,4567.8433,5100.876392671526,1016.9244459825468
29,8,787.0815441404798,135,38,1,6,0.5054295653866302,0.1742802729199999,14,0.4932374393257399,Pharmacy,South,F,At-Risk,CUST_01986,98.38519301755996,2.4166666666666665,3.3103448275862077,2,2,3,7,0.3636822349038547,0.6363177650961453,173.24,Low,181.32273995852808,159.86427898816174,174.13463,174.68066346297138,8.082739958528066
44,190,6630.405583549051,28,44,3,8,0.3378498636548937,0.0754012879917243,4,0.1465925734765394,Electronics,East,M,Champions,CUST_00106,34.896871492363424,3.6666666666666665,51.81818181818182,4,5,5,14,0.9274608542332574,0.0725391457667425,5217.68,Very High,7516.91423252949,12120.109409624512,5695.6064,7610.006013541082,2299.2342325294894
21,9,592.8109490873812,152,22,2,4,0.2003859847374256,0.2586674443855911,11,0.4896600289865344,Pharmacy,West,M,At-Risk,CUST_02016,65.86788323193124,1.75,5.142857142857143,2,2,3,7,0.4097682787824304,0.5902317212175696,213.18,Medium,212.18683828908416,186.2559010237838,206.85042,205.15440628221234,0.9931617109158424
81,129,8791.993205979776,25,30,4,9,0.6832575247662923,0.0648308588069233,4,0.0483101302793594,Electronics,South,M,Champions,CUST_00143,68.15498609286648,6.75,19.11111111111111,4,5,5,14,0.9084700040296776,0.0915299959703225,5269.52,Very High,5590.451608936097,3302.0504474820896,5186.591,4919.792405875607,320.9316089360964
68,180,11214.622219212188,8,55,4,10,0.7985911769514752,0.0365328339768124,4,0.0179071517007295,Electronics,West,F,Champions,CUST_00122,62.303456773401045,5.666666666666667,31.76470588235294,5,5,5,15,0.9480125945534308,0.0519874054465691,10070.03,Very High,11756.115884051882,11011.054152213534,10666.8125,11269.591655967612,1686.0858840518813
5,3,165.26455211430957,287,40,2,5,0.2872002804325291,0.483569697460875,12,0.5957251679642465,Pharmacy,North,M,Hibernating,CUST_02372,55.08818403810319,0.4166666666666667,7.199999999999999,1,1,2,4,0.2560225245755266,0.7439774754244733,164.69,Low,169.9209984371446,92.24214297534115,171.20169,150.75095080757794,5.230998437144592
23,7,68.79896026693983,242,42,1,4,0.2096531035253467,0.3646539665938245,7,0.939476260603967,Pharmacy,East,F,Hibernating,CUST_02866,9.828422895277118,1.9166666666666667,3.652173913043478,1,2,1,4,0.2990590160819329,0.700940983918067,15.72,Low,19.09121105161789,30.282060696586164,17.426125,20.389092425587325,3.3712110516178893
30,28,888.7812964111959,70,47,3,6,0.5500960921528322,0.0816528150197969,5,0.128490495339538,Sports,East,M,Growers,CUST_01190,31.742189157542708,2.5,11.2,3,4,3,10,0.7016851906128754,0.2983148093871246,373.16,Medium,443.293072460642,415.4842864168893,382.74796,418.7284141068534,70.13307246064198
20,5,120.03873261134822,332,23,1,2,0.2796705584625337,0.3789360143486034,3,0.7804598113154799,Grocery,South,M,Hibernating,CUST_02962,24.007746522269645,1.6666666666666667,3.0,1,1,1,3,0.2470199784473065,0.7529800215526934,40.16,Low,37.38522410814128,32.87931937185774,38.72348,36.82536997845469,2.7747758918587166
10,4,68.42072544979642,351,61,1,3,0.3439906886940641,0.2621530782459231,2,0.4169035667830628,Pharmacy,South,M,Hibernating,CUST_02601,17.105181362449105,0.8333333333333334,4.8,1,1,1,3,0.150432712615373,0.849567287384627,33.08,Low,30.396939358379246,33.66371005303991,31.936302,31.487864423343538,2.6830606416207523
13,18,800.0,77,27,2,6,0.5825628348439666,0.2330396740058366,3,0.5535753440780498,Grocery,North,F,At-Risk,CUST_01658,44.44444444444444,1.0833333333333333,16.615384615384617,3,3,3,9,0.6114273884935961,0.3885726115064039,623.87,Medium,569.5632574839465,510.6821545332612,633.21063,575.2647059585307,54.30674251605353
83,185,6096.682525701184,25,43,4,8,0.3332823639571114,0.0677130062323184,2,0.1463115551527117,Electronics,East,M,Champions,CUST_00116,32.95504067946586,6.916666666666667,26.746987951807228,4,5,5,14,0.9211731245800712,0.0788268754199289,4631.35,Very High,4764.3755380725515,2998.4088282685198,4508.736,4271.687093748069,133.02553807255117
15,26,1129.2844779170707,18,26,3,7,0.413128409404953,0.0511855293210243,4,0.3362697994519579,Tech,South,M,Growers,CUST_01406,43.434018381425794,1.25,20.8,5,3,3,11,0.7727215924853077,0.2272784075146923,1498.55,High,1369.4885438740023,1209.0037495605213,1466.1222,1363.3789679814201,129.06145612599767
26,6,209.6536979377884,84,44,2,5,0.451354020887002,0.1565528870434158,5,0.4381796535892596,Clothing,West,M,At-Risk,CUST_01512,34.9422829896314,2.1666666666666665,2.7692307692307696,3,2,2,7,0.5326186690379888,0.4673813309620112,55.81,Low,84.19050546633918,119.07924582165725,61.430218,82.12040346036264,28.380505466339173
7,4,127.710354584665,257,25,1,3,0.1253685298321322,0.223558307477535,11,0.5801084425713923,Pharmacy,West,M,Hibernating,CUST_02493,31.927588646166253,0.5833333333333334,6.857142857142857,1,1,1,3,0.2238561585314783,0.7761438414685217,90.0,Low,88.34714208189132,40.50909171825953,94.56415,77.20913658625193,1.6528579181086798
1,6,139.84963597139773,282,58,1,1,0.3645611970106803,0.4452331359310749,3,0.4791432359532668,Pharmacy,South,F,Hibernating,CUST_02798,23.308272661899625,0.0833333333333333,72.0,1,2,1,4,0.2949411643861287,0.7050588356138713,874.3,High,481.0378124661053,207.86562088848004,858.44934,484.04280844570076,393.26218753389463
15,3,101.0801940378476,361,65,1,2,0.1804127721329685,0.3269524554299169,7,0.426979904770783,Pharmacy,North,M,Hibernating,CUST_02949,33.693398012615866,1.25,2.4,1,1,1,3,0.1933924554932569,0.8066075445067431,30.5,Low,33.73879112417929,35.213167851535815,31.89711,33.46100922661833,3.2387911241792935
37,4,653.5599094913764,148,37,1,6,0.2820536723544509,0.1144224861374926,10,0.6847166015244872,Clothing,South,F,At-Risk,CUST_01597,163.3899773728441,3.083333333333333,1.2972972972972971,2,1,3,6,0.3261773828935652,0.6738226171064348,149.28,Low,129.52097365421676,156.87052020664956,141.74551,138.273697802966,19.75902634578324
9,4,44.32772849508163,311,36,1,2,0.2158549915007354,0.4726442129678942,17,0.8226771426207493,Pharmacy,West,M,Hibernating,CUST_02890,11.081932123770407,0.75,5.333333333333333,1,1,1,3,0.2394235520006595,0.7605764479993404,27.66,Low,26.398621381576692,37.166203127329645,27.400444,28.593594485835588,1.2613786184233078
17,30,1484.521291813686,65,34,2,9,0.8265726582792958,0.1465400116974058,1,0.2393362661791166,Tech,East,M,Growers,CUST_00673,49.4840430604562,1.4166666666666667,21.176470588235293,3,4,4,11,0.703144995870332,0.296855004129668,1103.48,High,1169.0984131202076,1279.4495054041001,1112.0536,1172.649814930398,65.6184131202076
20,42,2247.0492340171595,82,52,3,7,0.8495726442225082,0.0811890149804424,3,0.2949085890333697,Clothing,East,F,Growers,CUST_01432,53.5011722385038,1.6666666666666667,25.2,3,4,4,11,0.7560094730203423,0.2439905269796577,1634.2,High,1760.1634451920556,1714.558233238874,1785.4005,1758.4406097159,125.96344519205559
13,5,426.8723888365917,175,60,2,4,0.2226854386532443,0.1935972934584796,8,0.379576246018557,Clothing,West,M,At-Risk,CUST_02173,85.37447776731834,1.0833333333333333,4.615384615384616,2,1,2,5,0.3329262981215291,0.6670737018784709,237.6,Medium,180.1484006872845,115.70275509055278,224.86568,176.25094362991183,57.4515993127155
39,139,5095.917895508221,19,57,4,8,0.7512065166430517,0.0370694939930784,3,0.1166591865101689,Luxury,North,F,Champions,CUST_00592,36.66127982380015,3.25,42.76923076923077,5,5,5,15,0.9105768025136592,0.0894231974863407,5568.68,Very High,7253.469150329645,10209.730305376044,5465.208,7134.428963925712,1684.789150329645
19,14,2500.0,55,51,3,9,0.5482547500710655,0.074851370922151,6,0.1811446647913198,Tech,North,F,Growers,CUST_01403,178.57142857142858,1.5833333333333333,8.842105263157896,4,3,4,11,0.6297551651228929,0.3702448348771071,1580.14,High,1370.196842902131,2034.45905957491,1553.8739,1539.958659432035,209.94315709786906
7,48,1896.7034210368963,31,40,3,9,0.7106000723020911,0.0622789901904223,3,0.2226148812893719,Sports,North,F,Growers,CUST_00889,39.51465460493535,0.5833333333333334,82.28571428571428,4,4,4,12,0.8591117609510831,0.1408882390489169,6796.12,Very High,5500.234953172704,8998.237259131418,7114.667,6556.465341860681,1295.8850468272958
26,19,554.4502589541163,136,38,2,4,0.56227379458425,0.1142902174974114,3,0.6308523406482169,Grocery,South,M,At-Risk,CUST_01755,29.18159257653244,2.1666666666666665,8.76923076923077,2,3,3,8,0.4876613434264551,0.5123386565735448,176.67,Low,195.12859335916926,193.61002698423044,180.69537,190.38447968252902,18.45859335916927
20,19,1080.5103173422851,30,38,3,9,0.6058938696038784,0.1251079193902436,3,0.2189492037486502,Sports,South,M,Growers,CUST_01367,56.86896407064658,1.6666666666666667,11.4,4,3,3,10,0.7082087911398737,0.2917912088601263,706.89,Medium,713.8806949973332,657.560424798558,729.7796,706.8999605086093,6.9906949973332075
23,6,129.46235174641723,261,70,1,6,0.2966156977060787,0.3567091843525708,10,0.6306765935522737,Grocery,East,F,Hibernating,CUST_02397,21.57705862440287,1.9166666666666667,3.130434782608696,1,2,1,4,0.3569645258829572,0.6430354741170428,35.07,Low,35.993069423160506,37.97073336698523,38.541115,37.13489802954145,0.9230694231605057
67,148,6675.9417162805785,13,61,4,8,0.4626453091808739,0.013590569428685,1,0.0865211879457383,Electronics,West,M,Champions,CUST_00214,45.1077142991931,5.583333333333333,26.50746268656717,5,5,5,15,0.95,0.05,7427.52,Very High,7994.201442594758,5573.733531368522,7627.9673,7333.986076267086,566.6814425947578
47,17,369.67689899703225,189,55,1,5,0.5109270491257549,0.213797169592892,5,0.4312898171420096,Pharmacy,South,M,At-Risk,CUST_02008,21.7456999410019,3.9166666666666665,4.340425531914894,2,3,2,7,0.5018633804794674,0.4981366195205325,77.35,Low,69.94542695689503,71.6787451698153,72.1593,70.94896997389704,7.404573043104961
15,11,459.80859186252286,197,27,1,5,0.5728072605298913,0.1195492966279204,13,0.5173158620161299,Pharmacy,South,M,At-Risk,CUST_02149,41.80078107841117,1.25,8.8,2,2,2,6,0.3565635383604135,0.6434364616395865,185.88,Low,192.38385603158727,113.17648894817849,187.46307,171.70039700038885,6.503856031587276
12,23,2500.0,71,26,2,8,0.5284067405086196,0.138510498509052,4,0.1409104603319809,Sports,West,F,Growers,CUST_00801,108.69565217391305,1.0,23.0,3,3,4,10,0.618499725361376,0.381500274638624,2244.75,High,1972.3582340821436,1665.0980565122918,2267.4585,1988.1263204976042,272.39176591785645
7,3,31.233951037307733,237,32,1,1,0.4914868548223255,0.3762290860657645,16,0.7237567922410173,Pharmacy,East,M,Hibernating,CUST_02481,10.41131701243591,0.5833333333333334,5.142857142857142,1,1,1,3,0.2293256109483412,0.7706743890516587,23.97,Low,27.25570830585561,33.060215937794474,24.305582,27.377066332105706,3.2857083058556107
6,5,123.31765038922504,343,70,2,2,0.2138797180398017,0.3214596872652798,6,0.6674049871944507,Grocery,West,M,Hibernating,CUST_02440,24.663530077845007,0.5,10.0,1,1,1,3,0.1711059081498572,0.8288940918501428,132.63,Low,110.7486830421897,44.119116948604656,105.58801,90.89795911886495,21.8813169578103
32,9,425.8328936196877,150,27,2,4,0.2177898393643214,0.24256793762986,4,0.656944432311878,Clothing,North,F,At-Risk,CUST_02284,47.31476595774307,2.6666666666666665,3.375,2,2,2,6,0.3538989310847066,0.6461010689152933,98.86,Low,90.21919809251646,67.53095844723202,93.184235,85.97891594188266,8.640801907483535
22,6,50.09344118626027,210,33,2,1,0.3667379038273598,0.3683043359089797,13,0.8777662065750703,Grocery,South,F,Hibernating,CUST_02663,8.348906864376712,1.8333333333333333,3.272727272727273,1,2,1,4,0.4313144627597614,0.5686855372402386,18.93,Low,21.57136425983766,38.676287993017,17.558157,22.825695006934065,2.641364259837662
9,3,126.8452662062132,199,70,1,4,0.4165362012854138,0.2506953228678678,18,0.424753096217774,Grocery,North,M,Hibernating,CUST_02712,42.28175540207106,0.75,4.0,2,1,1,4,0.2953545765075858,0.7046454234924142,66.3,Low,65.59787599519119,53.04813570541714,70.891045,64.3565012966796,0.7021240048088089
56,77,7526.672158007192,7,62,4,8,0.4865613092111918,0.0489333484841008,3,0.0935257966871005,Home,North,M,Champions,CUST_00274,97.74898906502848,4.666666666666667,16.5,5,5,5,15,0.95,0.05,10231.38,Very High,11894.896794141467,6427.588476698627,11265.1875,10346.962074352745,1663.5167941414675
30,76,8571.690007130857,12,64,4,10,0.3576973210894587,0.0181450939615147,4,0.093481555960201,Electronics,East,M,Champions,CUST_00072,112.78539483066918,2.5,30.4,5,5,5,15,0.95,0.05,28685.08,Very High,22642.32173539195,17514.72967445938,23998.03,21887.39546492096,6042.758264608052
27,5,371.0987103245604,174,26,2,7,0.4983240976304619,0.1024275993633517,7,0.3360555940490437,Pharmacy,West,F,At-Risk,CUST_01790,74.21974206491208,2.25,2.2222222222222223,2,1,2,5,0.2974602982386053,0.7025397017613946,68.93,Low,82.31241718306514,70.30139843860788,74.283356,77.34011280133585,13.38241718306513
24,44,1813.4620043427212,61,28,3,8,0.5279414430223877,0.1277333445030616,6,0.1870238868769685,Clothing,North,F,Growers,CUST_01088,41.21504555324367,2.0,22.0,4,4,4,12,0.7457116838368949,0.2542883161631051,1263.84,High,1339.340433388687,1620.1352187941707,1313.8019,1383.2979294101253,75.50043338868704
37,47,5709.276338740858,11,52,4,10,0.7447596555218816,0.071153297011605,4,0.0457354686577595,Luxury,South,F,Champions,CUST_00395,121.4739646540608,3.083333333333333,15.243243243243242,5,4,5,14,0.9241526785825724,0.0758473214174276,7282.71,Very High,9059.356903910411,7139.56011301159,7710.611,8230.191817531599,1776.6469039104113
55,85,9294.941315083082,14,46,4,9,0.4439726713379962,0.0466380959645405,2,0.1464684794153115,Home,East,F,Champions,CUST_00584,109.35225076568332,4.583333333333333,18.545454545454547,5,5,5,15,0.95,0.05,12283.02,Very High,12745.918140803737,8902.424165757226,12510.463,11796.949281274647,462.89814080373617
30,5,408.3838400572285,130,21,1,7,0.424291159277076,0.1358082476901524,5,0.5006952884010796,Grocery,West,F,At-Risk,CUST_02081,81.67676801144569,2.5,2.0,2,1,2,5,0.3788229001077817,0.6211770998922184,118.43,Low,98.96660329462581,76.33736645637889,110.96495,97.24941991628914,19.463396705374194
45,6,200.0,164,31,2,5,0.265453157051676,0.2777658884435897,10,0.444043635436657,Clothing,South,F,At-Risk,CUST_01981,33.333333333333336,3.75,1.6,2,2,2,6,0.4247252314876201,0.5752747685123798,36.14,Low,49.11527396162881,52.361455114708356,36.593872,45.55493633264954,12.975273961628808
81,69,5383.997064724244,8,57,3,10,0.6753848246055278,0.0213862570573839,0,0.1191021675398944,Home,South,F,Champions,CUST_00501,78.02894296701804,6.75,10.22222222222222,5,5,5,15,0.95,0.05,6470.61,Very High,7037.499015202832,2395.4168656969487,6400.1177,5513.793582560166,566.8890152028325
23,4,713.915281102961,182,27,2,5,0.5504687594725814,0.1390053970043752,5,0.491850894886969,Clothing,South,M,At-Risk,CUST_02015,178.47882027574025,1.9166666666666667,2.0869565217391304,2,1,3,6,0.3054673509011056,0.6945326490988943,211.12,Medium,176.01687740802697,243.43033868615797,202.15305,195.7820136195361,35.10312259197303
19,10,307.3343136231594,191,29,2,7,0.5536011540559587,0.1455786195419853,11,0.5142059606708616,Clothing,North,M,At-Risk,CUST_02224,30.73343136231594,1.5833333333333333,6.315789473684211,2,2,2,6,0.4451644060549097,0.5548355939450903,119.91,Low,116.47375489878183,111.79645789051835,122.515854,117.28953958780771,3.4362451012181623
19,3,69.445742777525,340,18,1,4,0.1846335331581968,0.3026948602914055,14,0.6090273665752954,Pharmacy,East,M,Hibernating,CUST_02980,23.148580925841667,1.5833333333333333,1.8947368421052635,1,1,1,3,0.2092980626780399,0.79070193732196,17.5,Low,19.112920151330684,29.481957362618765,17.401987,20.281663292202108,1.612920151330684
18,7,62.76558184213418,185,37,1,1,0.3594661889850564,0.3738782595293806,6,0.487899359870686,Grocery,North,F,Hibernating,CUST_02741,8.966511691733455,1.5,4.666666666666667,2,2,1,5,0.5061054728616774,0.4938945271383226,27.92,Low,36.27455012009672,65.09066235011674,28.652683,38.0259472673044,8.354550120096718
14,1,68.92003426494527,327,42,2,6,0.2150238260362795,0.4282185641166741,5,0.8004102273827696,Pharmacy,West,M,Hibernating,CUST_02319,68.92003426494527,1.1666666666666667,0.8571428571428571,1,1,1,3,0.2567933758197762,0.7432066241802238,27.03,Low,26.897439861321548,46.824700525818166,26.949545,30.090310383913877,0.1325601386784534
14,29,2171.449339995526,21,32,3,9,0.7499949172760794,0.0620687305161972,4,0.2911000278473264,Sports,North,M,Growers,CUST_01260,74.87756344812158,1.1666666666666667,24.85714285714285,5,4,4,13,0.924380368378056,0.0756196316219438,11244.78,Very High,7697.678549988756,4513.143837166589,10826.903,7663.547901289587,3547.101450011245
35,16,328.4236740269505,163,21,1,6,0.3905457977556685,0.1495890287508162,7,0.4089792876709661,Grocery,North,M,At-Risk,CUST_01743,20.52647962668441,2.9166666666666665,5.485714285714286,2,3,2,7,0.4531507063245757,0.5468492936754242,58.98,Low,69.03985029978458,80.1156963331341,65.72172,70.08431702472386,10.059850299784578
25,173,4353.340980684879,14,57,4,9,0.7395928863006238,0.0751278894118527,3,0.0112343763002975,Electronics,West,F,Champions,CUST_00206,25.163820697600453,2.083333333333333,83.03999999999999,5,5,5,15,0.95,0.05,13461.52,Very High,13211.892949510184,31738.469383528092,13821.143,15957.481357546483,249.6270504898166
34,48,2359.4724397582245,26,54,3,6,0.4094361272953026,0.1193683814971205,5,0.1064902545884802,Tech,West,F,Growers,CUST_00734,49.155675828296346,2.833333333333333,16.941176470588236,4,4,4,12,0.8239437485026226,0.1760562514973773,1443.64,High,1573.9011100221398,1489.4539070739454,1506.66,1536.3808365742432,130.26111002213975
21,6,109.52479001792558,294,57,2,5,0.329593768150045,0.4847897860720806,9,0.7204819714817997,Pharmacy,East,F,Hibernating,CUST_02503,18.254131669654264,1.75,3.4285714285714284,1,2,1,4,0.2588569292120931,0.741143070787907,34.63,Low,32.11794840681152,33.27122032274126,31.953491,32.29569231289751,2.512051593188481
81,92,8134.523431994004,12,41,3,8,0.6695334879696863,0.0433787214413187,0,0.1450101341302662,Electronics,West,M,Champions,CUST_00527,88.41873295645657,6.75,13.62962962962963,5,5,5,15,0.95,0.05,11140.12,Very High,10138.39787043256,3786.3422394545155,10422.913,8395.190953649977,1001.7221295674408
16,16,2500.0,81,42,3,6,0.8931680310790433,0.1371876380398854,4,0.2095079457836174,Clothing,East,M,Growers,CUST_01376,156.25,1.3333333333333333,12.0,3,3,4,10,0.5512921329110979,0.4487078670889021,1531.87,High,1247.9137803574104,1394.7507650474372,1335.7131,1302.284600651609,283.95621964258953
20,28,1767.4145507395183,76,25,2,7,0.6016147363403979,0.1046505138113319,7,0.3407439855911214,Clothing,West,F,Growers,CUST_00899,63.12194824069709,1.6666666666666667,16.8,3,4,4,11,0.6681387150977048,0.3318612849022951,1185.97,High,1135.7654174869206,1127.0098080566127,1168.4966,1143.7159420157516,50.20458251307946
71,56,9632.0435097946,15,49,3,9,0.5439171592720062,0.0695805514798187,4,0.1045749381435525,Home,South,F,Champions,CUST_00378,172.00077696061788,5.916666666666667,9.464788732394366,5,4,5,14,0.871885040755256,0.128114959244744,4508.77,Very High,5038.532005477155,5319.854982534484,4590.084,4953.114022613849,529.7620054771542
24,16,499.2798571163761,157,35,2,7,0.5626622281749079,0.2540171299240966,6,0.6823411497869165,Clothing,South,F,At-Risk,CUST_01727,31.204991069773502,2.0,8.0,2,3,2,7,0.5371912230316567,0.4628087769683433,201.59,Medium,186.72840790670244,139.0863581019484,193.52483,177.95207105345708,14.86159209329756
15,6,101.89107678183512,251,31,1,1,0.2406401875031505,0.2615763027892825,6,0.7043801395385498,Grocery,North,F,Hibernating,CUST_02683,16.98184613030585,1.25,4.8,1,2,1,4,0.2597531816414613,0.7402468183585387,43.28,Low,38.52772591883762,35.7910059427092,40.781498,38.61817317504718,4.752274081162383
18,1,60.86988660100059,345,28,2,4,0.202669130610264,0.3483749894137009,5,0.8401631761861434,Grocery,North,F,Hibernating,CUST_02723,60.86988660100059,1.5,0.6666666666666666,1,1,1,3,0.1100011714790472,0.8899988285209528,17.01,Low,18.648801052656545,29.843681137065392,16.827744,19.884794525924104,1.638801052656543
77,177,4290.522100723203,1,32,4,8,0.5871437875451055,0.0268209386415256,4,0.1239696914238274,Luxury,West,M,Champions,CUST_00387,24.24023785719324,6.416666666666667,27.584415584415584,5,5,5,15,0.95,0.05,5044.23,Very High,6037.194220574688,3586.266182635834,4479.8584,4974.247667909001,992.9642205746886
36,80,5164.456664944458,1,31,4,9,0.3441924734922593,0.013540117267696,0,0.0128104545244082,Electronics,South,F,Champions,CUST_00199,64.55570831180572,3.0,26.666666666666668,5,5,5,15,0.95,0.05,13536.77,Very High,12763.2542038031,8113.281771810228,10459.56,10981.831061472145,773.5157961968998
20,25,2500.0,35,52,3,8,0.7740726345515706,0.0994635940415589,6,0.1298248951504531,Tech,South,M,Growers,CUST_01051,100.0,1.6666666666666667,15.0,4,3,4,11,0.6465746183924032,0.3534253816075968,1137.67,High,1319.17021154204,1496.866719874943,1241.1357,1328.4142673979113,181.50021154204
24,99,7253.770806937575,16,40,4,8,0.5733478410360651,0.0241605764410742,1,0.075888870021959,Luxury,West,M,Champions,CUST_00591,73.27041219128864,2.0,49.5,5,5,5,15,0.95,0.05,25395.85,Very High,23539.888551184173,22351.917165525923,25021.438,23727.877338580078,1855.9614488158259
46,164,15000.0,20,64,3,9,0.4327482037145361,0.051697587691307,4,0.1077021267190502,Electronics,South,F,Champions,CUST_00520,91.46341463414636,3.8333333333333335,42.78260869565217,5,5,5,15,0.95,0.05,28674.46,Very High,22134.76942092026,34282.143806340515,27737.867,25850.76145024972,6539.690579079739
15,7,62.3793716378794,213,39,1,4,0.2358088345895418,0.3205579717067229,9,0.7788244479814653,Pharmacy,East,M,Hibernating,CUST_02951,8.911338805411342,1.25,5.6,1,2,1,4,0.2671478151363544,0.7328521848636456,25.37,Low,25.095430482556473,32.92135699757292,25.581799,26.65363295517151,0.27456951744352764
83,173,9307.952003214716,8,48,3,8,0.7849632626725954,0.0139918839802533,3,0.0649259881585758,Electronics,North,M,Champions,CUST_00430,53.80319077002726,6.916666666666667,25.012048192771083,5,5,5,15,0.95,0.05,9181.7,Very High,9345.837520012357,5491.067749941593,9016.532,8312.920216916506,164.13752001235662
18,34,2500.0,21,44,3,8,0.5663852730245902,0.0885620597386091,5,0.1689806382670257,Tech,South,F,Growers,CUST_01084,73.52941176470588,1.5,22.666666666666668,5,4,4,13,0.8776540818856993,0.1223459181143007,4884.27,Very High,4273.410460261174,3720.6875652526637,4896.018,4329.775494742694,610.8595397388262
68,154,6132.653760091344,20,37,4,9,0.5786685847865041,0.0415041047598357,4,0.1256208779428161,Home,South,F,Champions,CUST_00208,39.82242701358016,5.666666666666667,27.176470588235293,5,5,5,15,0.9383668728283122,0.0616331271716877,5516.67,Very High,5980.503992888501,5126.862772254229,5445.398,5638.301211739624,463.8339928885007
65,189,6505.726548630629,12,50,4,8,0.3248071866694187,0.0768196150201167,3,0.0917012484371589,Home,East,F,Champions,CUST_00492,34.42183359063825,5.416666666666667,34.89230769230769,5,5,5,15,0.95,0.05,6442.3,Very High,7681.105793261392,7334.046281720127,7684.642,7611.455791577659,1238.805793261392
15,10,303.2702388213344,185,69,2,7,0.3056754290202108,0.2170896582969246,5,0.463135722670044,Pharmacy,South,F,At-Risk,CUST_01610,30.32702388213344,1.25,8.0,2,2,2,6,0.3349445796496753,0.6650554203503247,147.97,Low,136.18895878704473,98.08085203666583,142.6038,129.31888508926232,11.781041212955273
6,5,73.34694969512573,326,29,2,2,0.2395772087990606,0.2852832643071967,17,0.557821253373872,Grocery,North,M,Hibernating,CUST_02913,14.669389939025146,0.5,10.0,1,1,1,3,0.2477940637840357,0.7522059362159643,57.58,Low,67.30500294776847,47.0233217808942,65.1385,62.04534215328425,9.725002947768473
13,44,1454.5028907563997,35,51,3,9,0.7377278090116253,0.0875054386885536,2,0.185056310380598,Tech,North,M,Growers,CUST_00793,33.056883880827264,1.0833333333333333,40.61538461538462,4,4,4,12,0.8050439532306798,0.1949560467693202,2353.05,High,2355.042389290673,2966.746894969424,2345.3257,2463.2990290717958,1.9923892906726905
26,11,400.3374358485754,174,23,2,5,0.2580253344370615,0.1208001351660921,8,0.6672379172802155,Pharmacy,South,F,At-Risk,CUST_02020,36.39431234987049,2.1666666666666665,5.0769230769230775,2,2,2,6,0.5241338881087161,0.4758661118912839,121.46,Low,121.25001619438359,114.06969426043882,132.83789,123.10532772571237,0.20998380561640317
10,37,800.0,59,53,3,8,0.7577284776799083,0.0549982715077551,3,0.2684376615647146,Clothing,North,F,Growers,CUST_01187,21.62162162162162,0.8333333333333334,44.4,4,4,3,11,0.7645544637504706,0.2354455362495293,1810.64,High,1722.2928603412379,1685.156853501852,1787.846,1734.1260310657958,88.34713965876222
28,29,1404.0782301666732,20,29,3,6,0.4801920669218357,0.0976326113918863,2,0.1890620632718959,Tech,West,F,Growers,CUST_01186,48.41649069540252,2.333333333333333,12.428571428571429,5,4,4,13,0.8570569876927191,0.1429430123072809,1455.9,High,1926.137326252748,1829.8904759280206,1439.1416,1746.8751266103134,470.23732625274783
41,16,328.9801697861908,94,44,2,7,0.5038105343953719,0.2922589042281833,10,0.3729655560607863,Grocery,North,F,At-Risk,CUST_02182,20.561260611636925,3.4166666666666665,4.682926829268293,3,3,2,8,0.6766879884177663,0.3233120115822336,99.49,Low,98.8859494760319,132.39407781355231,99.9079,105.15906944498848,0.6040505239680982
24,42,1605.7620379250195,32,34,3,9,0.4686074059820121,0.1472578417659475,5,0.2994828418778288,Sports,East,M,Growers,CUST_01341,38.23242947440523,2.0,21.0,4,4,4,12,0.8528988516034067,0.1471011483965932,2137.09,High,1922.02336087675,1848.6176395919065,2074.838,1951.3908652704633,215.06663912325007
23,13,800.0,182,23,1,7,0.5165451496220637,0.1314526894494674,3,0.595485415050771,Grocery,North,F,At-Risk,CUST_02233,61.53846153846154,1.9166666666666667,6.782608695652174,2,2,3,7,0.4192382510885511,0.5807617489114489,347.61,Medium,228.63445489479992,201.11728159275518,244.31497,227.32656362875315,118.9755451052001
29,151,11329.90289852678,4,51,4,10,0.3090620205228648,0.027873546163427,3,0.0279629707280961,Electronics,East,F,Champions,CUST_00084,75.03246952666743,2.4166666666666665,62.48275862068966,5,5,5,15,0.9443154242455865,0.0556845757544135,31316.33,Very High,27867.870295015342,43504.6382527564,31571.766,31626.341284636925,3448.4597049846598
9,5,116.0883195114802,212,58,1,2,0.2454116299558308,0.2059626787585335,14,0.8579073976950313,Pharmacy,West,M,Hibernating,CUST_02370,23.21766390229604,0.75,6.666666666666667,1,1,1,3,0.2872498133863967,0.7127501866136032,71.82,Low,64.60587975125208,39.02905648051452,69.65822,59.77084602546224,7.214120248747918
36,11,495.32226209966944,169,58,1,7,0.4378877983628499,0.1680895506083318,5,0.6450393481626213,Clothing,East,M,At-Risk,CUST_02227,45.029296554515405,3.0,3.6666666666666665,2,2,2,6,0.3963948420114826,0.6036051579885173,106.28,Low,95.83872627105234,70.3507893155024,100.81695,91.4805328851842,10.441273728947664
76,40,8533.356963992104,17,53,3,8,0.5766855948748859,0.0307450329459301,1,0.012087121842977,Electronics,West,F,Champions,CUST_00021,213.3339240998026,6.333333333333333,6.315789473684211,5,4,5,14,0.8784662435752483,0.1215337564247517,3064.84,Very High,4253.629571113787,4980.844333238322,3095.0366,3990.634924752147,1188.7895711137871
20,34,1090.9693137380573,32,26,2,8,0.6704862529572335,0.0838535077022729,4,0.1316317285122689,Tech,North,F,Growers,CUST_01379,32.08733275700168,1.6666666666666667,20.4,4,4,3,11,0.857147986845914,0.142852013154086,1614.99,High,1303.9852839294058,1091.6504155988937,1221.1216,1233.904739579327,311.0047160705942
43,8,306.6824416470527,150,69,1,7,0.5049575623424785,0.2435636824196354,8,0.589992098399534,Grocery,North,F,At-Risk,CUST_01559,38.33530520588159,3.583333333333333,2.232558139534884,2,2,2,6,0.3988852439373135,0.6011147560626865,67.21,Low,61.229545105212615,53.23497941148322,55.756447,57.89233703572618,5.980454894787378
33,9,255.89467913481735,122,33,1,5,0.5884687076115394,0.2008122965367985,11,0.3205642427946144,Pharmacy,West,M,At-Risk,CUST_01939,28.43274212609082,2.75,3.272727272727273,2,2,2,6,0.3417164957184059,0.6582835042815941,50.66,Low,61.633078143396446,53.19056845000245,51.970108,56.86232453869392,10.97307814339645
9,2,200.0,229,51,1,1,0.1787872412357506,0.4899436018713567,19,0.9363630756727416,Pharmacy,West,F,Hibernating,CUST_02838,100.0,0.75,2.6666666666666665,1,1,2,4,0.2020151299749291,0.7979848700250709,118.87,Low,99.05644225121857,78.33465182669347,115.96912,99.10055571406075,19.813557748781434
39,10,200.0,142,34,2,6,0.5604755071592744,0.2386059337796738,12,0.4830148017908162,Clothing,North,F,At-Risk,CUST_01938,20.0,3.25,3.076923076923077,2,2,2,6,0.3609325599214618,0.6390674400785381,33.81,Low,45.23146410746088,47.93219574690221,34.53011,42.20825660788494,11.421464107460878
18,28,2500.0,17,40,3,7,0.7794561244435149,0.1416626281977979,1,0.1347991533542214,Sports,North,F,Growers,CUST_00974,89.28571428571429,1.5,18.666666666666668,5,4,4,13,0.7495329428658413,0.2504670571341587,2194.84,High,2443.5305906058534,2774.0160434083036,2225.0723,2436.8816251434832,248.69059060585323
15,4,80.40737778627778,361,49,2,4,0.3556562623917686,0.323889977829392,8,0.5428714008095314,Grocery,North,M,Hibernating,CUST_02790,20.101844446569444,1.25,3.2,1,1,1,3,0.1559144903924934,0.8440855096075066,27.96,Low,26.732407260074527,30.500112286335437,27.067936,27.550870877528087,1.2275927399254734
27,49,800.0,87,25,2,8,0.5776336090286668,0.0689786777434576,5,0.1617936861486294,Clothing,West,M,Growers,CUST_00884,16.3265306122449,2.25,21.77777777777778,3,4,3,10,0.6736132214566074,0.3263867785433926,428.3,Medium,453.2046348069071,510.9318658720629,408.53534,449.9783087525564,24.904634806907097
35,29,2118.7595789134966,18,39,3,8,0.4821489919762362,0.1221021039302751,5,0.1722073574799021,Tech,West,M,Growers,CUST_01099,73.06067513494816,2.9166666666666665,9.942857142857145,5,4,4,13,0.8422177445353476,0.1577822554646524,1533.16,High,1945.3599922066296,1767.1321713029015,1654.8342,1817.9454458810994,412.19999220662953
58,152,10549.619723010785,11,64,4,8,0.7541142443501614,0.0392035392995203,2,0.0798706361825846,Luxury,South,F,Champions,CUST_00157,69.40539291454463,4.833333333333333,31.448275862068968,5,5,5,15,0.95,0.05,10515.51,Very High,14606.645366219187,12128.71722396011,15879.023,14430.637404686235,4091.135366219187
45,8,525.2248425971322,183,31,2,5,0.5011126571843418,0.1919421936896737,12,0.4049365462548283,Clothing,East,F,At-Risk,CUST_02277,65.65310532464153,3.75,2.1333333333333333,2,2,3,7,0.3611276121335609,0.6388723878664391,82.28,Low,94.21652309698678,97.38983117876703,80.72667,90.54937109995848,11.936523096986775
7,59,1272.4070492129647,33,33,2,8,0.64422040335675,0.1185472585045341,6,0.2497475226577566,Tech,North,F,Growers,CUST_00887,21.56622117310109,0.5833333333333334,101.14285714285714,4,5,4,13,0.9239213100417228,0.0760786899582771,13818.95,Very High,8003.407069892607,14323.536419033657,13604.371,10542.720407293862,5815.542930107394
15,5,157.12706142544474,264,22,1,6,0.1709747137093663,0.4786852009247257,14,0.6250288473731473,Pharmacy,East,F,Hibernating,CUST_02999,31.425412285088942,1.25,4.0,1,1,1,3,0.1383340131815842,0.8616659868184158,48.26,Low,45.722861821926266,26.727889678151012,48.345844,41.78812898875137,2.5371381780737323
47,14,200.0,188,63,2,4,0.302779404632339,0.1421167107257198,9,0.5728982524197672,Clothing,South,F,At-Risk,CUST_01592,14.285714285714286,3.9166666666666665,3.5744680851063837,2,3,2,7,0.5454609460541269,0.4545390539458731,31.53,Low,46.9310875462676,72.27687636080813,33.33077,46.20707440351311,15.401087546267597
17,4,180.32239891166688,193,38,1,4,0.4024596047754015,0.207886993962554,10,0.6751091235205633,Pharmacy,West,M,Hibernating,CUST_02479,45.08059972791672,1.4166666666666667,2.8235294117647056,2,1,2,5,0.2361758736666754,0.7638241263333245,64.56,Low,69.82317394626344,64.70083569016307,62.725628,66.59212607077745,5.263173946263436
12,2,197.43094208790637,320,37,2,1,0.11854726752546,0.244607691867981,16,0.9420659741293216,Grocery,South,M,Hibernating,CUST_02718,98.71547104395316,1.0,2.0,1,1,2,4,0.0829234795304463,0.9170765204695536,97.88,Low,80.40975747928644,64.5503581108946,89.56141,79.4889454132449,17.470242520713555
21,6,32.19029457138391,229,20,1,1,0.3588570717320437,0.4451138763209509,9,0.900694477522312,Grocery,East,F,Hibernating,CUST_02535,5.365049095230652,1.75,3.4285714285714284,1,2,1,4,0.3618631292581613,0.6381368707418387,10.92,Low,11.801866709749454,34.324225463542774,10.969946,14.37017652757108,0.8818667097494544
39,4,406.5729660631986,167,60,2,5,0.2762999165162608,0.2346235926304601,9,0.3447012014878651,Clothing,North,F,At-Risk,CUST_02118,101.64324151579966,3.25,1.2307692307692308,2,1,2,5,0.2572053098134414,0.7427946901865585,76.35,Low,79.1515685689688,55.71449506731977,75.69358,72.81124838700876,2.801568568968804
14,17,1484.9318585698643,80,45,2,6,0.7702594698089338,0.1420554171379722,5,0.238645167883906,Tech,West,F,Growers,CUST_01473,87.34893285705084,1.1666666666666667,14.571428571428571,3,3,4,10,0.6878464529099704,0.3121535470900296,1607.54,High,1431.1971170763395,1274.1044462714037,1502.7406,1418.9153320568823,176.34288292366045
19,1,38.69853648644893,258,56,1,4,0.2065364451209612,0.2195314077514739,2,0.7436339107071013,Pharmacy,West,M,Hibernating,CUST_02649,38.69853648644893,1.5833333333333333,0.6315789473684211,1,1,1,3,0.2282295950604035,0.7717704049395965,12.32,Low,15.366944736838839,28.879704497639473,11.842388,16.165356789147936,3.0469447368388387
55,42,4156.824931172608,28,31,4,8,0.4457304567468969,0.0591475217879654,1,0.0454829675766375,Home,South,M,Champions,CUST_00459,98.97202217077636,4.583333333333333,9.163636363636364,4,4,5,13,0.8395131659190627,0.1604868340809373,1830.06,High,2553.044686667532,2158.034216513088,1962.7311,2281.394828740632,722.9846866675321
15,5,109.5347230970373,342,29,1,1,0.4292945756844293,0.3120320784045011,16,0.856529460418707,Pharmacy,West,F,Hibernating,CUST_02499,21.90694461940746,1.25,4.0,1,1,1,3,0.2522736250233036,0.7477263749766964,42.81,Low,39.5483131755082,37.02630512821031,41.244686,39.52610680760985,3.261686824491804
59,69,6284.379058072681,20,54,4,8,0.495929686594013,0.0382245429293276,2,0.1010634344676134,Luxury,South,M,Champions,CUST_00079,91.0779573633722,4.916666666666667,14.033898305084746,5,5,5,15,0.95,0.05,8907.79,Very High,9388.30444420115,4929.7307971901955,9017.246,8154.21945096533,480.5144442011497
22,4,70.80375989498391,261,30,1,4,0.3477982331977398,0.3564193063708035,17,0.5018165850965858,Grocery,North,M,Hibernating,CUST_02915,17.700939973745978,1.8333333333333333,2.181818181818182,1,1,1,3,0.2062027708919269,0.793797229108073,16.87,Low,18.757646084938802,23.242425731423644,17.514109,19.185229239139325,1.887646084938801
32,49,2500.0,26,28,3,8,0.6893590052951191,0.1071846599786319,1,0.3155044290325042,Clothing,West,M,Growers,CUST_01057,51.02040816326531,2.6666666666666665,18.375,4,4,4,12,0.8640670012097155,0.1359329987902845,2323.68,High,2385.9671821801353,1808.1442079610279,2552.4338,2303.386087783598,62.28718218013546
24,54,2500.0,22,52,2,9,0.6882578952443189,0.1017610477412825,2,0.2065702265636337,Clothing,North,F,Growers,CUST_00907,46.2962962962963,2.0,27.0,5,4,4,13,0.9055679247849048,0.0944320752150951,4792.43,Very High,4573.037180677034,3491.625553420335,4713.494,4372.315850171272,219.39281932296672
44,19,200.0,188,56,2,5,0.4968283430798322,0.1172027271144071,7,0.5066875015779979,Clothing,West,M,At-Risk,CUST_01564,10.526315789473683,3.6666666666666665,5.181818181818182,2,3,2,7,0.4635911576601695,0.5364088423398305,29.3,Low,44.380111247957515,66.25213224382723,30.894552,43.166091392215414,15.080111247957515
11,5,53.34691225210631,204,55,1,2,0.3434368346420672,0.3814023068506376,2,0.626308112664524,Pharmacy,West,F,Hibernating,CUST_02427,10.669382450421262,0.9166666666666666,5.454545454545455,2,1,1,4,0.3292879280081112,0.6707120719918889,34.3,Low,29.597245758274678,48.784490385044364,31.835003,33.44777238482446,4.702754241725319
15,5,57.672488816194125,262,18,1,4,0.1651610773171954,0.212207131145343,5,0.5357674915070985,Grocery,North,M,Hibernating,CUST_02697,11.534497763238823,1.25,4.0,1,1,1,3,0.0943178292807523,0.9056821707192476,15.63,Low,19.679520411245786,21.462863342677363,15.653524,18.70221787639389,4.049520411245785
48,83,7320.484838608784,23,36,4,8,0.4532317340214101,0.0460122929417926,4,0.0720839911254402,Luxury,South,F,Champions,CUST_00381,88.19861251335885,4.0,20.75,5,5,5,15,0.95,0.05,12338.84,Very High,13047.731867922299,8069.742374754893,12595.431,11727.464122943267,708.8918679222988
35,44,1964.15397875419,47,42,2,8,0.8440044230013191,0.1256691773276033,2,0.3297448313750996,Tech,East,F,Growers,CUST_00948,44.63986315350432,2.9166666666666665,15.085714285714287,4,4,4,12,0.8670219567982547,0.1329780432017453,1862.56,High,2119.5334940703488,1487.7392888068684,1884.4991,1906.2790517299416,256.9734940703488
26,5,706.6861533506749,172,47,1,5,0.3285008705053412,0.2976756167671822,11,0.4951816994324337,Grocery,South,M,At-Risk,CUST_01713,141.33723067013497,2.1666666666666665,2.307692307692308,2,1,3,6,0.3599083334061539,0.6400916665938461,155.19,Low,171.96758251168887,203.24730275696723,162.97818,174.97439527874246,16.777582511688877
11,1,82.24812321534264,245,60,2,4,0.4975392251421537,0.4971295094851873,19,0.7048561946456726,Grocery,East,M,Hibernating,CUST_02757,82.24812321534264,0.9166666666666666,1.090909090909091,1,1,1,3,0.2579885981188847,0.7420114018811153,31.51,Low,36.0629465748257,46.16606221059186,32.279545,36.65729528860017,4.5529465748257
9,40,1273.6122129762878,56,38,3,6,0.4788056745314341,0.111914713604919,4,0.2399910367864607,Tech,East,M,Growers,CUST_00716,31.840305324407197,0.75,53.333333333333336,4,4,4,12,0.7957912337329439,0.204208766267056,2748.0,Very High,3072.8843316054927,3977.038740906358,2840.026,3159.968463784949,324.88433160549266
37,13,388.5664371059176,131,49,1,4,0.5838616782883896,0.1796917781639652,9,0.5590146673084773,Clothing,North,M,At-Risk,CUST_01914,29.889725931224422,3.083333333333333,4.216216216216216,2,2,2,6,0.3946658807753489,0.6053341192246511,58.79,Low,66.66930343261468,58.892972832876474,62.67144,63.84171165610593,7.879303432614684
6,17,2500.0,31,40,3,8,0.8938355636167461,0.1393952260552547,1,0.2134832404357475,Sports,West,F,Growers,CUST_00687,147.05882352941177,0.5,34.0,4,3,4,11,0.6385179955114572,0.3614820044885428,5387.09,Very High,3802.4369419539057,3604.4589312844946,5194.686,4131.1215765292,1584.6530580460944
21,7,62.4403197933595,337,31,1,3,0.2163120739732215,0.2703847870775699,7,0.7137521013845431,Grocery,East,M,Hibernating,CUST_02671,8.920045684765643,1.75,4.0,1,2,1,4,0.3874020625855524,0.6125979374144477,17.15,Low,20.201084495555694,45.749937600159036,18.216757,23.112336448552792,3.0510844955556955
30,44,833.8493798892383,64,54,3,9,0.4651641822948462,0.1495845601716273,5,0.276224227238699,Tech,East,M,Growers,CUST_01294,18.95112227020996,2.5,17.6,3,4,3,10,0.6757490913486861,0.3242509086513139,449.87,Medium,445.461790073855,430.5267588987714,417.3332,433.8609551002333,4.408209926144991
39,157,7847.772467263332,10,63,4,10,0.5964200902540551,0.0141960310602915,4,0.0581959131596829,Luxury,South,M,Champions,CUST_00306,49.98581189339702,3.25,48.30769230769231,5,5,5,15,0.95,0.05,16888.21,Very High,17450.450572197977,17931.08108047912,16727.766,17324.315558078797,562.2405721979776
76,192,8557.704646704138,3,33,4,10,0.633423695652829,0.0709481918820207,3,0.0292437407247945,Electronics,East,F,Champions,CUST_00210,44.57137836825072,6.333333333333333,30.31578947368421,5,5,5,15,0.95,0.05,9542.84,Very High,9068.572569148948,6734.462106426252,9308.362,8611.771909580786,474.26743085105227
30,10,800.0,185,49,2,7,0.5969068132733997,0.2056128731217148,12,0.4984665620865603,Pharmacy,East,F,At-Risk,CUST_02012,80.0,2.5,4.0,2,2,3,7,0.3329790409197922,0.6670209590802079,124.75,Low,169.00647560942582,147.7556321717327,159.48544,161.68897183353832,44.25647560942582
24,17,758.3432055692219,96,64,1,7,0.3857052123103932,0.2317190362376942,5,0.561671743613624,Grocery,South,M,At-Risk,CUST_02222,44.60842385701306,2.0,8.5,3,3,3,9,0.5127662487938397,0.4872337512061603,278.36,Medium,286.03776103747134,281.183784176374,299.91983,289.14238469431183,7.677761037471328
22,7,129.10838116748795,344,38,2,2,0.3753000660289369,0.2047991441122223,14,0.438030937779705,Pharmacy,East,F,Hibernating,CUST_02976,18.44405445249828,1.8333333333333333,3.8181818181818175,1,2,1,4,0.3002793310433674,0.6997206689566327,34.8,Low,35.76557768358451,39.095393849902486,34.96704,36.163022289434494,0.9655776835845131
43,5,333.93145112915954,60,58,1,7,0.3179613012385702,0.1646502471796872,9,0.500946195569084,Grocery,South,M,At-Risk,CUST_01538,66.7862902258319,3.583333333333333,1.3953488372093024,4,1,2,7,0.4773121941194245,0.5226878058805755,51.35,Low,75.15949371384025,95.05700139841072,72.65435,77.98185767412964,23.809493713840247
23,54,1039.9371794220265,32,47,3,7,0.874467937500752,0.1076563963422606,6,0.19928812498573,Clothing,West,M,Growers,CUST_00886,19.25809591522271,1.9166666666666667,28.173913043478255,4,4,3,11,0.7955281570378333,0.2044718429621667,940.98,High,941.7745963294822,1030.2514281450528,928.9335,954.8999830389265,0.7945963294821468
43,19,280.69118383498056,169,64,2,7,0.5849357692068662,0.1335924792791754,7,0.5956050974438057,Clothing,South,F,At-Risk,CUST_01860,14.773220201841085,3.583333333333333,5.3023255813953485,2,3,2,7,0.5532707815101616,0.4467292184898384,57.82,Low,60.61289347988719,83.24744757514392,59.446632,64.21670112913276,2.7928934798871907
30,27,820.9473582702914,76,30,3,6,0.771794703260613,0.0803900876972468,7,0.3173647791344718,Tech,North,F,Growers,CUST_00918,30.40545771371449,2.5,10.8,3,3,3,9,0.6112472075268511,0.3887527924731488,286.19,Medium,336.6786020882249,302.7047578754718,283.87067,313.1495451424341,50.48860208822492
46,18,428.1494175878141,159,53,2,5,0.2419484884044858,0.1547471717699677,12,0.5545964405483809,Grocery,East,M,At-Risk,CUST_01887,23.786078754878563,3.8333333333333335,4.695652173913043,2,3,2,7,0.5379261270382365,0.4620738729617635,84.93,Low,86.50132679712152,76.94276365236773,84.03126,83.76881260522813,1.5713267971215146
22,7,627.9866126192334,82,53,2,6,0.539023796666199,0.1491509542655566,6,0.371456772367381,Clothing,East,M,At-Risk,CUST_01661,89.71237323131905,1.8333333333333333,3.8181818181818175,3,2,3,8,0.5222664081087789,0.4777335918912211,233.82,Medium,238.50729202199472,302.7043509458575,249.49141,253.55841911105807,4.687292021994722
46,161,9084.480953195029,18,37,4,10,0.5976516329637445,0.0480939063752591,1,0.0712153509065476,Luxury,West,F,Champions,CUST_00192,56.42534753537285,3.8333333333333335,42.0,5,5,5,15,0.95,0.05,17213.8,Very High,14077.095346528944,16409.54429855086,15073.2,14816.225498362875,3136.7046534710553
16,4,510.72916025015775,185,66,2,4,0.5935910309631443,0.2883469059764448,8,0.4123304274645022,Pharmacy,North,M,At-Risk,CUST_01748,127.68229006253944,1.3333333333333333,3.0,2,1,2,5,0.2499098416403468,0.7500901583596532,176.43,Low,160.86346021764132,113.51960766477067,178.1042,154.6976812651373,15.566539782358689
27,12,800.0,110,69,2,7,0.2713888376856489,0.1344345937657937,8,0.4817067993462236,Grocery,West,M,At-Risk,CUST_02132,66.66666666666667,2.25,5.333333333333333,3,2,3,8,0.5132358934056734,0.4867641065943265,274.44,Medium,246.91918964895711,259.05788457746974,274.06903,257.2269644500176,27.520810351042883
16,27,1505.9439445830883,81,27,3,7,0.8793773081074518,0.1195039376497403,2,0.3029855628254513,Sports,West,M,Growers,CUST_01266,55.77570165122549,1.3333333333333333,20.25,3,3,4,10,0.6041946309673045,0.3958053690326955,922.61,High,928.2028354633128,991.1920140524247,905.7549,933.5907120074078,5.592835463312781
63,156,9792.457047955662,17,44,3,10,0.3174557763281119,0.0371092087997389,0,0.1279975779999879,Luxury,North,M,Champions,CUST_00484,62.772160563818346,5.25,29.714285714285715,5,5,5,15,0.95,0.05,11129.02,Very High,12757.353572022053,9711.023281200096,14186.3,12470.80190819234,1628.333572022053
26,22,800.0,48,39,3,8,0.7226654064147608,0.0875588874009924,4,0.1240626458094314,Sports,East,F,Growers,CUST_00916,36.36363636363637,2.1666666666666665,10.153846153846157,4,3,3,10,0.6924549965138753,0.3075450034861247,377.81,Medium,446.0085397415714,491.8644751583698,393.30215,437.98751914401043,68.19853974157138
21,7,162.277667094434,263,46,2,3,0.3201136709877354,0.4270639257442039,19,0.7453785389638561,Grocery,West,F,Hibernating,CUST_02600,23.18252387063343,1.75,4.0,1,2,2,5,0.2851329227442238,0.7148670772557761,56.37,Low,55.60160752989662,57.19248949514751,53.713917,55.340035152388,0.7683924701033789
76,69,3752.5032385318686,20,31,4,8,0.6454419882754114,0.0128097201359756,3,0.1363239746575293,Electronics,West,M,Champions,CUST_00278,54.38410490625897,6.333333333333333,10.894736842105264,5,5,5,15,0.95,0.05,4786.99,Very High,6120.649182814903,2084.9821177794342,4318.4814,4444.553244146109,1333.659182814903
14,21,2422.7043848741628,42,42,3,9,0.8192063655836854,0.0903230527947487,6,0.1097334268223428,Sports,North,M,Growers,CUST_00989,115.36687547019822,1.1666666666666667,18.0,4,3,4,11,0.6540636682497276,0.3459363317502724,2520.4,Very High,2146.241005105621,1981.707826519651,2476.0771,2204.840184363241,374.15899489437925
22,4,402.0488167338959,157,67,2,5,0.2638835048568668,0.2293564880012037,9,0.4573882976653567,Clothing,East,M,At-Risk,CUST_01988,100.51220418347395,1.8333333333333333,2.181818181818182,2,1,2,5,0.3723454972410229,0.627654502758977,148.23,Low,120.79177979489315,104.2689998994469,143.57594,123.53685704370524,27.438220205106845
14,7,743.7153954440155,169,66,1,7,0.2413916906615092,0.2441891347341651,10,0.6930184807804487,Pharmacy,North,F,At-Risk,CUST_01895,106.2450564920022,1.1666666666666667,6.0,2,2,3,7,0.4569814377307881,0.5430185622692119,383.12,Medium,358.74442132192246,317.76464612542,398.0884,361.2528629197948,24.375578678077545
17,17,595.3076721372558,124,45,2,4,0.2179572457497682,0.2534229122359998,12,0.5494654591141301,Clothing,East,M,At-Risk,CUST_01870,35.01809836101505,1.4166666666666667,12.0,2,3,3,8,0.4393485085520976,0.5606514914479024,274.23,Medium,289.7320093596571,222.9589429331247,269.87097,269.15243757321537,15.502009359657109
49,82,12684.42147730075,13,63,4,8,0.7545876320267928,0.0518994095252432,4,0.0521733521149568,Electronics,North,F,Champions,CUST_00572,154.6880667963506,4.083333333333333,20.081632653061227,5,5,5,15,0.95,0.05,21993.5,Very High,19797.97855825786,17913.962299355615,22137.777,20067.305277911822,2195.521441742141
9,39,2500.0,51,50,2,8,0.5087310417956938,0.1488837632780093,5,0.3235570106850617,Sports,West,F,Growers,CUST_00994,64.1025641025641,0.75,52.0,4,4,4,12,0.7077497468033818,0.2922502531966182,4407.14,Very High,3797.6870470583613,4179.881873159224,4365.5234,4036.4868559166416,609.4529529416391
17,7,200.0,191,23,1,6,0.2567203083698647,0.3633904962188986,16,0.5897292328854138,Grocery,East,M,Hibernating,CUST_02796,28.571428571428573,1.4166666666666667,4.941176470588235,2,2,2,6,0.4492644616555511,0.5507355383444489,85.91,Low,79.45785069231309,109.36628750151796,85.12478,86.47620847564781,6.452149307686909
1,2,50.66826287444169,273,34,1,4,0.1515115021909853,0.4691511498790581,7,0.5225581612617243,Pharmacy,North,F,Hibernating,CUST_02947,25.334131437220844,0.0833333333333333,24.0,1,1,1,3,0.1651824774446162,0.8348175225553838,258.49,Medium,202.5486075701524,55.29852375452961,186.9907,152.70019582568614,55.94139242984761
71,179,5552.577933681151,2,56,4,8,0.4499710348885113,0.0566565383685124,0,0.1200206374128113,Luxury,West,F,Champions,CUST_00586,31.01998845631928,5.916666666666667,30.25352112676056,5,5,5,15,0.95,0.05,6640.85,Very High,6738.912900289701,5070.995370165518,6726.495,6362.835289839043,98.06290028970034
11,3,48.518806249236384,263,37,1,6,0.4964792041276761,0.3122314673366246,13,0.9579198903789816,Grocery,North,F,Hibernating,CUST_02329,16.172935416412127,0.9166666666666666,3.272727272727273,1,1,1,3,0.1035245155229164,0.8964754844770836,22.38,Low,22.646653793972213,23.735826731345384,21.560205,22.526269250271397,0.266653793972214
10,6,76.87273056069351,209,22,1,5,0.1827219474219873,0.4701765703609364,5,0.993540579962773,Pharmacy,West,F,Hibernating,CUST_02994,12.812121760115586,0.8333333333333334,7.199999999999999,1,2,1,4,0.2400647884161024,0.7599352115838975,46.88,Low,40.60408953883224,36.403121738168736,45.172047,41.0207066242631,6.275910461167761
13,20,2385.150015199339,22,38,3,7,0.7395987276761398,0.056179381074002,4,0.3149628679789157,Sports,West,F,Growers,CUST_01350,119.25750075996696,1.0833333333333333,18.461538461538463,5,3,4,12,0.8234351483624706,0.1765648516375294,4426.08,Very High,3352.8808122383775,3770.0225337297866,4375.905,3717.911223550946,1073.1991877616224
18,4,36.976766440675696,243,57,1,3,0.285598889746782,0.3283130352406364,6,0.6694209797585141,Pharmacy,South,F,Hibernating,CUST_02901,9.244191610168924,1.5,2.6666666666666665,1,1,1,3,0.164954590830861,0.835045409169139,10.53,Low,11.120144692346818,21.819884517278076,10.168645,12.421984768336792,0.5901446923468185
16,16,2441.994395011407,64,40,2,8,0.5532995382624377,0.1413184604091084,5,0.1815176255817808,Clothing,North,M,Growers,CUST_00675,152.62464968821294,1.3333333333333333,12.0,3,3,4,10,0.55800185648139,0.44199814351861,1500.27,High,1317.5678923158177,1331.6874595316526,1446.0513,1357.7581201059738,182.70210768418224
1,5,33.626033692982084,182,69,2,1,0.4355456924124997,0.2224497905352401,14,0.9660764285679256,Pharmacy,West,F,Hibernating,CUST_02591,6.725206738596417,0.0833333333333333,60.0,2,1,1,4,0.3697930848726048,0.6302069151273951,286.88,Medium,141.528484587493,171.04288679155653,235.43706,171.2633477712731,145.35151541250698
32,38,1378.4068526260248,69,54,3,6,0.8939964962233085,0.1364412991066928,5,0.2905427763709194,Sports,South,F,Growers,CUST_00856,36.27386454279013,2.6666666666666665,14.25,3,4,4,11,0.8105479605636436,0.1894520394363563,736.68,Medium,914.3859701862966,982.4841918753505,855.9911,909.4341816427218,177.70597018629667
47,86,5902.534487222659,10,31,4,8,0.7353345170627588,0.054867586966913,1,0.0607452881064282,Electronics,South,M,Champions,CUST_00448,68.63412194444952,3.9166666666666665,21.95744680851064,5,5,5,15,0.95,0.05,9121.18,Very High,10040.228026966684,6633.19993295507,9331.66,9040.75693532153,919.0480269666841
10,25,1862.1634838118944,38,46,3,6,0.7212899579022705,0.1205432695697402,1,0.1822082617202975,Clothing,East,M,Growers,CUST_01420,74.48653935247579,0.8333333333333334,30.0,4,3,4,11,0.6454059714132467,0.3545940285867532,2440.18,High,2625.149155556007,2030.0133347018225,2469.4714,2448.26764679103,184.96915555600708
40,14,315.8143377285315,83,29,1,7,0.5964002560373485,0.1917448107661158,7,0.4913074517843139,Pharmacy,West,M,At-Risk,CUST_02230,22.558166980609396,3.333333333333333,4.2,3,3,2,8,0.688175966640885,0.311824033359115,110.74,Low,99.00389183469892,135.00111850248786,104.628105,107.10624849928786,11.736108165301076
33,5,800.0,175,59,2,7,0.2380437496873567,0.2793654658173893,11,0.3811885708097584,Pharmacy,North,M,At-Risk,CUST_01617,160.0,2.75,1.818181818181818,2,1,3,6,0.2219283870175808,0.7780716129824191,136.12,Low,141.40800210265567,144.12556141758225,139.5821,141.39509392394106,5.288002102655668
13,4,800.0,137,61,1,5,0.5106021669866683,0.1323773646713174,3,0.6986778550104644,Clothing,North,F,At-Risk,CUST_02259,200.0,1.0833333333333333,3.692307692307693,2,1,3,6,0.2847754272962337,0.7152245727037663,399.43,Medium,232.79901550420942,312.56000760111135,335.16116,275.47111677509093,166.63098449579059
20,6,65.38514820945109,223,33,1,1,0.1518104507016868,0.3865344885812768,2,0.6857525015289552,Pharmacy,South,F,Hibernating,CUST_02822,10.89752470157518,1.6666666666666667,3.6,1,2,1,4,0.3027388883493686,0.6972611116506313,20.33,Low,20.045541204957427,31.976808871681826,18.094105,21.361019323839933,0.2844587950425712
14,7,26.30932651368269,284,26,2,3,0.2581950104747689,0.3083066190765916,5,0.6319773205896304,Grocery,North,M,Hibernating,CUST_02754,3.758475216240385,1.1666666666666667,6.0,1,2,1,4,0.3962018921919374,0.6037981078080625,12.02,Low,18.130830704449306,50.613224603625824,12.14809,19.848649780421056,6.110830704449306
35,4,800.0,195,35,1,5,0.4617432801628888,0.2638999165898036,3,0.6532742314802651,Clothing,East,M,At-Risk,CUST_01717,200.0,2.9166666666666665,1.3714285714285714,2,1,3,6,0.3456329568775863,0.6543670431224138,161.22,Low,135.37594094914337,235.21598942828487,159.4637,158.82467675852033,25.84405905085663
13,2,45.05202966801531,354,40,1,1,0.4227680614162775,0.3623300155182254,15,0.5361939594086567,Grocery,East,M,Hibernating,CUST_02672,22.52601483400765,1.0833333333333333,1.8461538461538465,1,1,1,3,0.176812115260024,0.823187884739976,17.74,Low,21.584478518643238,31.619832120956403,18.317625,22.194632536807642,3.844478518643239
14,16,2500.0,44,26,3,8,0.7507453077646816,0.0661587501758068,2,0.2083452120287351,Clothing,South,M,Growers,CUST_01248,156.25,1.1666666666666667,13.714285714285714,4,3,4,11,0.6527521864610124,0.3472478135389876,2019.6,High,2128.2749921057716,2293.213821114631,2134.2478,2162.1028977945516,108.67499210577171
57,108,6326.97542665387,29,46,4,10,0.7190774874943213,0.0577772721676405,2,0.1153591699739586,Home,West,F,Champions,CUST_00295,58.58310580235065,4.75,22.73684210526316,4,5,5,14,0.95,0.05,10341.26,Very High,8425.935942367285,4632.113243892059,9780.226,7817.572507034449,1915.3240576327153
68,150,10115.944324563668,20,41,4,8,0.3822027645394393,0.0214356730878894,1,0.0475356206580937,Luxury,West,F,Champions,CUST_00589,67.43962883042444,5.666666666666667,26.47058823529412,5,5,5,15,0.95,0.05,13778.05,Very High,12583.941682520424,8550.038442352514,13844.296,11986.265072062894,1194.108317479575
16,23,2500.0,63,37,3,9,0.447977877473295,0.1244221672809307,5,0.2221295884827065,Sports,South,F,Growers,CUST_01282,108.69565217391305,1.3333333333333333,17.25,3,3,4,10,0.6108370043932487,0.3891629956067512,1741.52,High,1402.998983669606,1335.7616455363936,1707.6438,1473.6526418526012,338.5210163303939
23,25,1236.3078131193008,61,39,3,8,0.4120663893462768,0.0706589112172592,1,0.3380146045743026,Sports,West,M,Growers,CUST_01423,49.45231252477203,1.9166666666666667,13.043478260869565,4,3,4,11,0.6315111755370442,0.3684888244629558,792.65,Medium,765.907323626361,921.7715095024598,720.0548,780.2334256056408,26.74267637363903
3,4,111.96887884986889,311,27,1,2,0.3253325015363182,0.4480761097170571,15,0.5304093277424877,Pharmacy,South,M,Hibernating,CUST_02350,27.992219712467215,0.25,16.0,1,1,1,3,0.22846289276121,0.77153710723879,247.92,Medium,182.78665053283274,56.694693882475676,241.61263,157.43757508065866,65.13334946716725
25,30,2500.0,46,26,3,9,0.7393908471184234,0.1075061558816368,4,0.1189111701643374,Sports,West,M,Growers,CUST_01427,83.33333333333333,2.083333333333333,14.4,4,4,4,12,0.824434757287374,0.1755652427126259,2780.2,Very High,2166.641213949858,2060.8634272923014,2590.0784,2263.0703969561164,613.5587860501419
29,12,255.1219162057425,103,44,2,5,0.3066554612169648,0.224332540240723,9,0.6359633328064284,Pharmacy,West,F,At-Risk,CUST_02253,21.260159683811874,2.4166666666666665,4.965517241379311,3,2,2,7,0.4379189969170914,0.5620810030829086,96.6,Low,77.39873754632512,91.13643770235478,84.07047,81.98020320692788,19.20126245367487
51,105,4320.080658039601,15,48,4,9,0.3914188899344085,0.0434943749075032,1,0.1175252253881863,Luxury,West,M,Champions,CUST_00426,41.14362531466287,4.25,24.705882352941178,5,5,5,15,0.95,0.05,6960.81,Very High,8054.983526852433,5158.821066476089,7511.6035,7215.4472331668185,1094.1735268524326
66,54,8291.947023222592,3,40,4,9,0.7950544230434329,0.0779658174723233,4,0.0789141019877313,Electronics,East,M,Champions,CUST_00535,153.5545745041221,5.5,9.818181818181818,5,4,5,14,0.9277372904121391,0.0722627095878608,6810.34,Very High,8998.173170068925,5301.690640959516,8020.101,7820.154060987351,2187.833170068925
13,44,1412.856701707161,40,33,3,8,0.4861559186487248,0.0869320944211675,5,0.1473369309074646,Clothing,South,F,Growers,CUST_01055,32.11037958425366,1.0833333333333333,40.61538461538462,4,4,4,12,0.837001212639005,0.162998787360995,3186.16,Very High,2630.1724683307575,3164.437095826247,2678.8857,2744.341134660669,555.9875316692423
22,8,279.8237251073705,193,33,2,4,0.2059918989886807,0.2996318306633743,9,0.4377255114606168,Grocery,West,M,At-Risk,CUST_01865,34.97796563842131,1.8333333333333333,4.363636363636364,2,2,2,6,0.3810660653624935,0.6189339346375065,83.1,Low,81.95502818409075,89.17285591381409,79.56193,82.61332148793954,1.1449718159092441
7,5,119.37431690709576,202,51,1,6,0.3232192964983069,0.2083226680317915,14,0.4564390294223978,Grocery,East,F,Hibernating,CUST_02505,23.874863381419157,0.5833333333333334,8.571428571428571,2,1,1,4,0.3089478205643221,0.6910521794356779,103.83,Low,92.44911110017709,57.21709358833887,104.00369,87.03575718789187,11.380888899822907
26,50,2315.4673831834825,17,48,3,9,0.8966930560143345,0.1195504436015528,1,0.3141461110568644,Sports,West,F,Growers,CUST_01426,46.30934766366965,2.1666666666666665,23.07692307692308,5,4,4,13,0.9031689434432664,0.0968310565567337,3331.75,Very High,4148.188704432816,2993.741641612411,3566.4639,3714.021967793818,816.4387044328159
74,184,11125.143167773198,4,46,4,10,0.6543828276145771,0.0104465330384613,4,0.1271321449582104,Home,West,F,Champions,CUST_00133,60.46273460746304,6.166666666666667,29.837837837837835,5,5,5,15,0.95,0.05,13831.63,Very High,11852.061818191223,9262.305237525521,13334.91,11687.945917211993,1979.568181808776
16,10,304.28870541468115,62,46,1,4,0.4710260903099504,0.1561116234345679,13,0.3900389001567954,Grocery,South,M,At-Risk,CUST_01838,30.428870541468115,1.3333333333333333,7.5,4,2,2,8,0.6085251639082923,0.3914748360917077,163.64,Low,185.67351000724045,232.69029801536178,174.29471,190.60206211202825,22.033510007240466
28,10,200.0,105,34,1,4,0.364526799442868,0.2245951751573781,12,0.3453522838428009,Pharmacy,South,F,At-Risk,CUST_01826,20.0,2.333333333333333,4.285714285714286,3,2,2,7,0.5628221486898192,0.4371778513101808,67.64,Low,79.36370129002806,118.91212072365101,65.118004,81.11046459344743,11.72370129002806
57,79,7604.323312927394,22,53,4,8,0.5854387084197381,0.0237372001694315,1,0.0701580923956726,Home,West,M,Champions,CUST_00422,96.25725712566322,4.75,16.63157894736842,5,5,5,15,0.95,0.05,11180.59,Very High,11447.525472409308,6530.24387020696,11203.342,10165.932072489777,266.9354724093082
21,6,145.26045809762877,241,40,2,4,0.4264510463590306,0.2008802173408029,6,0.5346279125682573,Pharmacy,East,F,Hibernating,CUST_02659,24.210076349604797,1.75,3.4285714285714284,1,2,1,4,0.2409069661265571,0.7590930338734428,35.85,Low,38.16582871923563,30.380916911817145,37.29327,36.215472081246055,2.3158287192356255
15,18,535.8712724789652,190,53,2,6,0.5478921340434617,0.2800678966881075,14,0.3189375458197759,Pharmacy,West,M,At-Risk,CUST_02029,29.7706262488314,1.25,14.4,2,3,3,8,0.549270090845347,0.450729909154653,255.76,Medium,303.58310087341476,338.16857863776124,267.8238,298.7618622624188,47.823100873414774
13,3,120.48167322259734,224,26,1,1,0.3615616948678171,0.4448811192294469,10,0.9769475566955133,Grocery,East,F,Hibernating,CUST_02990,40.16055774086578,1.0833333333333333,2.7692307692307696,1,1,1,3,0.2595571686374018,0.7404428313625981,40.34,Low,46.31746680807894,35.096202352782896,44.775154,43.38048238729983,5.977466808078937
33,29,1626.772197060444,32,25,2,6,0.4170478489266351,0.0599886317997606,6,0.136467281738474,Tech,North,M,Growers,CUST_01369,56.09559300208427,2.75,10.545454545454543,4,4,4,12,0.7924411163323817,0.2075588836676183,891.89,High,988.606328879052,1142.4948964924693,884.30615,984.1586653021063,96.71632887905196
39,148,15000.0,8,63,4,10,0.6309568163185058,0.0519622797761101,1,0.0132867509454966,Electronics,East,F,Champions,CUST_00557,101.35135135135135,3.25,45.53846153846154,5,5,5,15,0.95,0.05,35028.53,Very High,31105.690754596744,41559.54180109685,35948.176,34423.67875493306,3922.8392454032546
23,16,483.7800340572424,109,45,2,7,0.4509736601497583,0.151838629837533,11,0.3989352628205578,Clothing,South,M,At-Risk,CUST_02044,30.23625212857765,1.9166666666666667,8.347826086956522,3,3,2,8,0.6247000833651508,0.3752999166348492,245.82,Medium,231.6374162495312,204.15721895538675,238.96535,227.98221445249106,14.18258375046878
35,52,2069.072937248984,35,33,2,6,0.6188078143691751,0.1117619381553955,4,0.1951439853445267,Clothing,West,M,Growers,CUST_01487,39.78986417786507,2.9166666666666665,17.82857142857143,4,4,4,12,0.757501669166285,0.2424983308337149,1021.36,High,1153.6735475823962,1209.572253520541,1061.7529,1135.9921993831688,132.31354758239615
4,6,67.79058124656501,211,21,1,2,0.1057595090131278,0.4929412018544597,16,0.6087583486278838,Pharmacy,South,M,Hibernating,CUST_02680,11.298430207760836,0.3333333333333333,18.0,1,2,1,4,0.2809021856235836,0.7190978143764164,86.69,Low,93.8021240676386,54.69486855885415,87.85177,82.5933877838314,7.112124067638604
60,65,6651.149557896298,16,42,3,8,0.7477814240659193,0.0649083831248958,0,0.0298640129903888,Luxury,West,F,Champions,CUST_00571,102.3253778137892,5.0,13.0,5,5,5,15,0.95,0.05,9800.48,Very High,10349.589367320425,5092.823086217172,10006.939,8890.903211817085,549.109367320425
55,138,8538.167217630273,17,50,4,9,0.4631269590205734,0.0563284209579798,2,0.1326515141956931,Electronics,East,M,Champions,CUST_00353,61.8707769393498,4.583333333333333,30.10909090909091,5,5,5,15,0.95,0.05,9956.0,Very High,11296.61570351491,9697.052610032695,10607.563,10751.942380980654,1340.61570351491
67,48,6119.166315317461,10,45,4,8,0.3049893883292247,0.0227245207052153,4,0.1450906785555446,Luxury,South,F,Champions,CUST_00092,127.48263156911378,5.583333333333333,8.597014925373134,5,4,5,14,0.9487749779631154,0.0512250220368846,5227.13,Very High,6976.735447951443,3730.836784567092,5517.645,5737.409771839471,1749.6054479514432
16,2,73.10412028222133,222,63,2,1,0.1945041627498547,0.3926599124017245,18,0.7304216067886575,Grocery,East,F,Hibernating,CUST_02563,36.552060141110665,1.3333333333333333,1.5,1,1,1,3,0.2652486220424881,0.7347513779575119,25.18,Low,27.842426921579552,31.194331399006863,25.614063,27.780952327102053,2.662426921579552
11,2,83.97461455060395,240,48,2,3,0.2865289855848508,0.3830512752925955,12,0.782151703229506,Grocery,West,F,Hibernating,CUST_02534,41.98730727530197,0.9166666666666666,2.181818181818182,1,1,1,3,0.2571835920990235,0.7428164079009765,39.77,Low,37.19564649381389,37.428139892626966,40.748707,38.27622636496406,2.574353506186114
25,57,1189.231995923978,24,27,3,6,0.7351008146703132,0.1487313982210661,5,0.3042458452022673,Sports,North,F,Growers,CUST_01171,20.863719226736457,2.083333333333333,27.36,4,5,3,12,0.95,0.05,4651.66,Very High,3147.0091589380577,1539.0714663582041,4517.578,3040.0726427773034,1504.6508410619422
34,13,569.4562809153525,103,45,2,4,0.2203696430506804,0.1124651004768154,12,0.3195011509144409,Grocery,North,M,At-Risk,CUST_02249,43.80432930118096,2.833333333333333,4.588235294117647,3,2,3,8,0.4954633858854443,0.5045366141145556,142.77,Low,152.14277226550055,178.355189765727,138.27766,152.62274438615853,9.372772265500544
35,36,997.3622993449736,35,47,3,6,0.7652490730504591,0.1396197798279395,1,0.2295462355857774,Sports,West,M,Growers,CUST_01286,27.70450831513816,2.9166666666666665,12.342857142857143,4,4,3,11,0.8088600536984532,0.1911399463015468,802.08,High,691.0655505318898,602.8996452458413,739.9549,686.3914219298598,111.01444946811023
33,18,292.81133371080045,154,38,2,5,0.2707811877199415,0.2234105986354777,12,0.4377664241022708,Clothing,North,F,At-Risk,CUST_01703,16.26729631726669,2.75,6.545454545454546,2,3,2,7,0.516033152388132,0.483966847611868,70.92,Low,83.69861750389164,94.74116393301318,78.06892,84.02754483178107,12.778617503891638
30,37,853.075404652027,61,45,3,7,0.7727262067535102,0.1278420611535703,3,0.1101251716204798,Sports,North,M,Growers,CUST_01469,23.05609201762235,2.5,14.8,4,4,3,11,0.7969801037504631,0.2030198962495368,632.83,Medium,670.9209929854347,689.2220737582938,616.82904,657.7450977365448,38.090992985434696
47,6,545.8039755367558,183,24,1,6,0.5303260505766637,0.109938416700555,9,0.421853875485717,Pharmacy,South,M,At-Risk,CUST_01908,90.96732925612598,3.9166666666666665,1.5319148936170213,2,2,3,7,0.4271089487050822,0.5728910512949177,81.98,Low,99.63999589446405,122.89015986830029,81.24415,97.7470604179685,17.659995894464046
6,19,2431.7106548444303,50,32,3,6,0.4248951265938546,0.0982251592302424,2,0.2570698647663033,Tech,West,F,Growers,CUST_01478,127.9847713076016,0.5,38.0,4,3,4,11,0.6144397985494006,0.3855602014505994,5431.61,Very High,3150.4863485401975,3395.0459799340533,5088.3306,3692.6068916082404,2281.123651459802
35,26,833.9347295620274,87,42,2,7,0.7199653437252624,0.1049908387127161,3,0.3119810405696027,Clothing,North,M,Growers,CUST_00698,32.0744126754626,2.9166666666666665,8.914285714285715,3,3,3,9,0.610245269434626,0.389754730565374,249.02,Medium,296.2602214711741,268.8771638474069,249.29584,275.9094229511398,47.24022147117407
11,6,48.26322541414147,202,58,1,3,0.3408792318790193,0.2664484556986521,11,0.8887370989597949,Grocery,West,F,Hibernating,CUST_02507,8.043870902356913,0.9166666666666666,6.545454545454546,2,2,1,5,0.3311281675058552,0.6688718324941447,31.32,Low,33.96565858352377,52.99420438856437,25.844423,34.23274810143279,2.645658583523769
71,75,8869.69436463633,10,59,3,9,0.783880732634781,0.0307076868247575,2,0.0532195934484583,Luxury,West,F,Champions,CUST_00349,118.2625915284844,5.916666666666667,12.676056338028168,5,5,5,15,0.95,0.05,8927.48,Very High,10387.453380525834,5444.234950813398,9099.825,8773.10849025098,1459.9733805258347
37,5,800.0,181,30,1,6,0.5261416536601462,0.2496387452870322,14,0.3128378048771705,Grocery,South,F,At-Risk,CUST_01645,160.0,3.083333333333333,1.6216216216216215,2,1,3,6,0.3366444905514956,0.6633555094485044,128.63,Low,132.52281665193968,170.21469973741367,130.63802,138.7334454914546,3.8928166519396825
5,3,200.0,349,26,1,6,0.1580089869080766,0.2557723506061862,14,0.8747132012658397,Pharmacy,South,M,Hibernating,CUST_02347,66.66666666666667,0.4166666666666667,7.199999999999999,1,1,2,4,0.190044188077549,0.809955811922451,204.82,Medium,168.57551766833421,93.05186684918246,201.59187,157.97971569978003,36.24448233166578
12,5,40.49045123167756,281,30,1,1,0.2177849856046887,0.2403884622208954,7,0.974449291910921,Pharmacy,North,F,Hibernating,CUST_02432,8.098090246335513,1.0,5.0,1,1,1,3,0.2348807237357903,0.7651192762642096,22.39,Low,20.817448045618566,32.46744131369875,20.624678,22.703439748320434,1.572551954381435
46,4,336.65884268175205,138,37,2,7,0.5687196916053332,0.2677074379595195,10,0.5274057653563556,Grocery,South,F,At-Risk,CUST_02169,84.16471067043801,3.8333333333333335,1.0434782608695652,2,1,2,5,0.2889611698199434,0.7110388301800565,31.09,Low,55.69445710342583,43.65133572687145,34.33746,45.90377812602151,24.604457103425833
22,53,1746.2311774363172,54,51,3,8,0.8721285198228257,0.0747344671143344,5,0.2581002237837991,Sports,South,F,Growers,CUST_01138,32.94775806483617,1.8333333333333333,28.90909090909091,4,4,4,12,0.8553203158195578,0.1446796841804422,2192.05,High,2158.8381915002574,2389.7774599422933,2117.7473,2190.5040168336136,33.2118084997428
31,5,350.9929073578869,121,56,2,7,0.5266489464609221,0.1594261625910288,14,0.3334453876126105,Clothing,South,M,At-Risk,CUST_01798,70.19858147157738,2.583333333333333,1.9354838709677415,2,1,2,5,0.2880459647189348,0.7119540352810652,63.22,Low,69.2544866773292,55.16124395177248,61.70039,63.92403277678194,6.034486677329198
35,13,364.5831509520478,175,59,2,6,0.222444591407896,0.1538581935169192,5,0.3861507686820303,Pharmacy,North,M,At-Risk,CUST_01545,28.044857765542137,2.9166666666666665,4.457142857142857,2,2,2,6,0.3022540755218438,0.6977459244781561,45.92,Low,61.607277800920144,54.1768766220049,49.162403,56.11857083907416,15.687277800920143
7,4,187.2212286205847,220,68,1,6,0.4551895771853503,0.3161638988006984,6,0.460659059408234,Grocery,North,M,Hibernating,CUST_02837,46.805307155146174,0.5833333333333334,6.857142857142857,1,1,2,4,0.2112696291005635,0.7887303708994364,132.85,Low,125.10069500345804,68.22340854991738,137.22003,113.96897844121351,7.749304996541952
12,4,54.26870417264696,332,47,1,2,0.3393917151266875,0.3706827953198826,19,0.6469748706364757,Grocery,East,F,Hibernating,CUST_02821,13.56717604316174,1.0,4.0,1,1,1,3,0.0915570077148724,0.9084429922851276,16.59,Low,20.957993213255786,25.25739611555687,17.489555,20.613475419965724,4.367993213255787
20,24,2500.0,81,26,3,8,0.4789134906498993,0.1431608095465923,7,0.2222543450866485,Clothing,South,M,Growers,CUST_01340,104.16666666666669,1.6666666666666667,14.4,3,3,4,10,0.5273639548733796,0.4726360451266204,783.07,Medium,1002.3220760492458,966.8611548242359,835.3868,942.2026831138731,219.25207604924572
22,3,38.80293129789557,266,22,1,5,0.4784800847906938,0.423212924207261,9,0.6658273046148799,Grocery,South,M,Hibernating,CUST_02491,12.934310432631856,1.8333333333333333,1.6363636363636365,1,1,1,3,0.1558526735500715,0.8441473264499285,8.44,Low,11.023934255337592,20.216063930147662,8.36886,11.498626513399682,2.583934255337592
58,76,9479.179001614468,2,57,4,8,0.4756096936743904,0.0737937433055041,1,0.0659344412659348,Luxury,East,M,Champions,CUST_00454,124.7260394949272,4.833333333333333,15.724137931034484,5,5,5,15,0.9496145261114908,0.0503854738885093,13031.5,Very High,13037.741744643385,8330.329310917483,13522.216,12051.711924149651,6.2417446433846635
25,20,1215.927033097197,40,31,3,7,0.5121834138461898,0.0818297385833335,5,0.245853858815031,Clothing,North,F,Growers,CUST_00914,60.79635165485985,2.083333333333333,9.6,4,3,4,11,0.6727474597791857,0.3272525402208143,601.7,Medium,711.2306238362304,909.5938344600081,630.3376,720.5289870782443,109.53062383623035
27,43,1845.6588195863787,72,33,3,9,0.6150929333892565,0.1113013961051971,5,0.1151380640603151,Sports,East,F,Growers,CUST_01200,42.92229812991579,2.25,19.11111111111111,3,4,4,11,0.6478966088234447,0.3521033911765553,846.91,High,939.2726920722715,925.5412734783699,867.2283,914.3561606157144,92.36269207227156
15,36,1441.4077086820175,67,27,2,7,0.6302636655681881,0.1249990432141703,5,0.1692901534610487,Tech,West,F,Growers,CUST_01275,40.03910301894493,1.25,28.8,3,4,4,11,0.6297023668207163,0.3702976331792836,955.23,High,1212.686187792017,1254.5379020453856,1016.3683,1157.9446329472398,257.4561877920171
33,4,800.0,134,68,2,7,0.2687373456896769,0.1687680607719444,7,0.5990418671537513,Pharmacy,West,F,At-Risk,CUST_01867,200.0,2.75,1.4545454545454546,2,1,3,6,0.3770917872420387,0.6229082127579613,213.83,Medium,163.41782303566907,238.2446137682873,206.06537,188.9219363771077,50.41217696433094
82,104,5115.440316767124,1,57,4,10,0.3009960676095351,0.0676486558628273,1,0.0801838828734463,Home,North,M,Champions,CUST_00038,49.18692612276081,6.833333333333333,15.219512195121952,5,5,5,15,0.95,0.05,5214.1,Very High,6154.467108200213,2419.3601694759373,5032.6133,4807.066455027629,940.3671082002129
26,50,1574.7105262822242,42,37,3,7,0.5328997109643363,0.0799130295631244,3,0.2450547409226351,Sports,West,M,Growers,CUST_00975,31.494210525644483,2.1666666666666665,23.07692307692308,4,4,4,12,0.6884616173426301,0.3115383826573699,990.3,High,999.0823011291566,1282.9326382707472,897.52246,1017.0872475340003,8.782301129156622
11,5,105.24828595213394,295,21,1,3,0.1936629322975502,0.4568009497486545,6,0.8533201206036041,Grocery,East,M,Hibernating,CUST_02771,21.04965719042679,0.9166666666666666,5.454545454545455,1,1,1,3,0.1819540813495371,0.8180459186504628,38.18,Low,43.65081275169187,33.19844967450869,40.513924,40.41656894902936,5.470812751691874
27,29,1276.764773081201,41,38,2,8,0.8456313244576992,0.1437009699512143,7,0.1119527659256199,Clothing,South,M,Growers,CUST_00984,44.026371485558656,2.25,12.88888888888889,4,4,4,12,0.7437634470986223,0.2562365529013777,683.9,Medium,917.2282738112211,1121.6105454649569,728.0814,890.9777210667644,233.32827381122115
46,17,265.7385858855101,153,65,1,6,0.4434152483653263,0.1849427353353439,8,0.3953649007179673,Pharmacy,North,M,At-Risk,CUST_01806,15.631681522677065,3.8333333333333335,4.434782608695652,2,3,2,7,0.4557516186353593,0.5442483813646407,49.41,Low,50.84145457946946,59.15102701826246,47.836315,51.457800705115254,1.4314545794694666
45,18,800.0,193,55,2,6,0.4496174921667499,0.2740956674621243,8,0.4347316013260915,Grocery,West,F,At-Risk,CUST_01962,44.44444444444444,3.75,4.8,2,3,3,8,0.5355171240676243,0.4644828759323757,155.38,Low,150.268055654045,161.33206900218764,161.1682,155.65497416566598,5.111944345954981
35,48,2227.7651230860147,40,31,3,8,0.4983950667958997,0.1401464576144707,7,0.3458144027403924,Tech,West,F,Growers,CUST_01419,46.4117733976253,2.9166666666666665,16.45714285714286,4,4,4,12,0.7775921190607391,0.2224078809392609,1023.27,High,1211.7161456929232,1290.7239991673919,1092.3672,1189.5383771251913,188.4461456929232
23,38,978.6671692396292,53,29,3,9,0.8977740376441263,0.1092772299327532,2,0.2103766858222927,Sports,West,F,Growers,CUST_01285,25.754399190516555,1.9166666666666667,19.82608695652174,4,4,3,11,0.7423701699391058,0.2576298300608942,526.48,Medium,743.4678923936169,794.2075903103467,752.0238,755.9404702409001,216.9878923936169
51,82,3724.527766578876,3,62,4,8,0.6662005245291895,0.0434145278685681,3,0.0249344043077488,Electronics,North,F,Champions,CUST_00040,45.42107032413264,4.25,19.294117647058822,5,5,5,15,0.95,0.05,6847.69,Very High,7116.387524034997,4060.260258739534,6824.915,6281.619439424276,268.6975240349975
23,6,55.85092215683621,323,47,2,6,0.2319902513710767,0.444171041681748,14,0.5345722218957756,Pharmacy,East,F,Hibernating,CUST_02541,9.30848702613937,1.9166666666666667,3.130434782608696,1,2,1,4,0.3574970415304542,0.6425029584695457,17.5,Low,17.58870531419715,39.14244467169357,17.25923,20.56701743200691,0.08870531419714922
28,186,15000.0,13,43,4,8,0.4207503139964167,0.0263668983165144,0,0.093506934893986,Luxury,North,M,Champions,CUST_00170,80.64516129032258,2.333333333333333,79.71428571428571,5,5,5,15,0.95,0.05,46672.76,Very High,32909.86671450336,103102.134275607,46090.52,45751.03359238143,13762.89328549664
15,13,2024.7528741686867,40,43,2,8,0.4141621787735138,0.1407265712814817,2,0.1162843096677239,Clothing,West,M,Growers,CUST_01356,155.750221089899,1.25,10.4,4,2,4,10,0.4773222214174787,0.5226777785825213,1006.91,High,1265.404274421342,1211.9309360817608,1063.3037,1190.717001243332,258.4942744213421
26,50,1718.2530901259886,22,33,3,7,0.5600276775277391,0.0799466712947584,2,0.2396290382902062,Clothing,East,M,Growers,CUST_00738,34.36506180251977,2.1666666666666665,23.07692307692308,5,4,4,13,0.8442505248801493,0.1557494751198507,1508.08,High,2133.674342587734,2335.917088953254,1808.507,2067.5335607390243,625.594342587734
17,7,800.0,88,36,2,4,0.3285798072169429,0.1279273763255655,10,0.5802128462367989,Grocery,North,M,At-Risk,CUST_01591,114.28571428571428,1.4166666666666667,4.941176470588235,3,2,3,8,0.5023724265318102,0.4976275734681897,394.03,Medium,343.4469372036295,383.9312936462044,410.23077,370.41849036316336,50.583062796370484
8,4,200.0,300,25,2,1,0.2201882378112782,0.3771935752962976,4,0.8037541783958273,Grocery,East,M,Hibernating,CUST_02700,50.0,0.6666666666666666,6.0,1,1,2,4,0.1877850297367992,0.8122149702632008,106.13,Low,117.63630243836056,72.91304488436593,113.905945,105.89460579884026,11.506302438360564
36,5,800.0,134,27,1,4,0.2048452464399566,0.221117854714358,7,0.4414690297579867,Pharmacy,West,M,At-Risk,CUST_01898,160.0,3.0,1.6666666666666667,2,1,3,6,0.2836362423030402,0.7163637576969598,116.4,Low,131.3714612379998,144.0637845364581,131.92719,133.9873763243191,14.97146123799979
20,28,2500.0,65,44,2,7,0.6851189822885241,0.0824027955633848,3,0.3333810781791576,Clothing,South,F,Growers,CUST_00635,89.28571428571429,1.6666666666666667,16.8,3,4,4,11,0.6508621653579583,0.3491378346420417,1816.88,High,1478.9755297185955,1327.6915301658764,1685.7039,1505.3427843585084,337.90447028140466
15,4,83.81620521437632,245,39,1,5,0.4316693927996635,0.3540133949851944,14,0.8568884426321857,Grocery,South,F,Hibernating,CUST_02648,20.95405130359408,1.25,3.2,1,1,1,3,0.129720795846128,0.870279204153872,20.43,Low,26.155230689895603,23.09757108472938,22.338003,24.33614470554233,5.725230689895604
14,9,484.3189730660258,189,67,2,4,0.3557324268572889,0.1817994370819025,5,0.3186531050935169,Pharmacy,West,M,At-Risk,CUST_01919,53.81321922955843,1.1666666666666667,7.7142857142857135,2,2,2,6,0.500389085890651,0.499610914109349,321.93,Medium,250.50451251361977,168.82470982722785,327.28336,250.85337072876024,71.42548748638023
30,52,995.8278818089598,52,26,3,6,0.7609321199475003,0.0600585656596623,2,0.1004312055274601,Tech,South,M,Growers,CUST_01291,19.150536188633843,2.5,20.8,4,4,3,11,0.8013555476569456,0.1986444523430544,878.16,High,763.6889936089649,804.4226728367585,813.2509,786.362473597641,114.47100639103508
14,14,1084.771861142326,74,37,3,7,0.7399927550641068,0.1360688850573989,3,0.3194853909999015,Clothing,East,F,Growers,CUST_01381,77.48370436730899,1.1666666666666667,12.0,3,3,3,9,0.6321060894433709,0.3678939105566291,999.8,High,815.0105033083858,587.8454903864475,958.40375,801.506525285706,184.7894966916142
81,173,5190.726614549413,22,50,4,10,0.7154745855275342,0.0229386878562917,0,0.1056047178887485,Home,South,M,Champions,CUST_00580,30.004200084100653,6.75,25.62962962962963,5,5,5,15,0.95,0.05,5714.31,Very High,6283.816243031568,3654.0366205842383,5425.1787,5395.011518733132,569.5062430315675
51,172,15000.0,21,48,4,10,0.7236939652856869,0.0723269024598686,2,0.1076514236690249,Home,East,M,Champions,CUST_00329,87.20930232558139,4.25,40.47058823529412,5,5,5,15,0.95,0.05,23046.3,Very High,19818.086918070087,30057.913701470472,22869.81,22485.453509967825,3228.2130819299127
37,9,285.3189149024413,104,67,2,5,0.4693424921535484,0.249239069859916,8,0.4774080737562998,Clothing,South,F,At-Risk,CUST_01643,31.70210165582681,3.083333333333333,2.918918918918919,3,2,2,7,0.4968948300095356,0.5031051699904644,58.43,Low,62.95324299524131,89.12125201272625,60.475166,66.6872141587401,4.523242995241311
6,27,1231.8083747353858,79,38,3,9,0.5984659311921743,0.0900748447647577,7,0.199664821879603,Tech,South,M,Growers,CUST_00893,45.62253239760688,0.5,54.0,3,3,4,10,0.5439777070462783,0.4560222929537216,1349.59,High,1637.7681784141243,1838.590868396766,1398.889,1598.6725557105342,288.17817841412443
24,8,313.0267154482072,84,52,1,4,0.4957430420288222,0.1466719703099013,11,0.3778740025200746,Clothing,East,F,At-Risk,CUST_01850,39.1283394310259,2.0,4.0,3,2,2,7,0.4242755270982876,0.5757244729017124,95.68,Low,101.95642515705745,101.9150742625098,93.47021,99.3254226856865,6.276425157057446
31,41,987.4333826191896,48,36,2,9,0.6122860509201785,0.0807792755547924,1,0.178578719681173,Tech,West,M,Growers,CUST_00781,24.083741039492427,2.583333333333333,15.870967741935482,4,4,3,11,0.8193112686872493,0.1806887313127506,697.04,Medium,711.3865098789983,729.4938524894105,686.5119,707.3783432497497,14.34650987899829
45,156,11606.23994832302,28,50,4,9,0.6270663685139368,0.0392701351713959,4,0.024938299552455,Electronics,East,F,Champions,CUST_00160,74.39897402771167,3.75,41.6,4,5,5,14,0.9093921203635584,0.0906078796364416,10766.87,Very High,10994.64690596632,16206.785653089328,11105.689,11917.745826164892,227.77690596631874
25,9,470.72232408442505,157,46,2,5,0.442755472698883,0.1833573983135912,14,0.5049624573840598,Pharmacy,South,M,At-Risk,CUST_01546,52.302480453825005,2.083333333333333,4.319999999999999,2,2,2,6,0.4469140449229853,0.5530859550770146,142.55,Low,144.1803164143075,101.72983081455067,166.35162,140.37811861361948,1.6303164143074866
29,6,338.9702299554213,157,40,2,6,0.3128372307262557,0.2087554483939507,8,0.3384210878358217,Pharmacy,West,F,At-Risk,CUST_01934,56.49503832590355,2.4166666666666665,2.4827586206896552,2,2,2,6,0.4367680413321013,0.5632319586678987,87.98,Low,89.28919667323723,89.34419216387245,87.035934,88.61814786497995,1.3091966732372242
4,1,161.1759109390786,215,25,2,6,0.3906838743722471,0.4983277066682533,15,0.5133793448389592,Grocery,West,F,Hibernating,CUST_02979,161.1759109390786,0.3333333333333333,3.0,1,1,2,4,0.1595743903625164,0.8404256096374836,183.06,Low,153.11383932372544,112.65044229839239,181.15567,151.46420526370395,29.94616067627456
73,159,8410.323624385215,3,55,4,8,0.5144721667150721,0.0122861342549147,1,0.1364322709518207,Electronics,South,F,Champions,CUST_00062,52.89511713449821,6.083333333333333,26.136986301369863,5,5,5,15,0.95,0.05,12326.85,Very High,9417.050713501236,6069.463491860859,8453.037,8350.10941299564,2909.7992864987646
20,26,2500.0,66,34,3,6,0.8149787545780911,0.1349477949713236,2,0.1211898683188304,Tech,West,F,Growers,CUST_00850,96.15384615384616,1.6666666666666667,15.6,3,3,4,10,0.6382513597577258,0.3617486402422741,1619.37,High,1252.1436183509118,1202.39473966675,1548.9816,1323.8905462854086,367.2263816490881
46,12,346.6497223681236,193,22,2,7,0.4684376256541098,0.2376177846097388,6,0.5751217334531725,Grocery,South,F,At-Risk,CUST_02130,28.8874768640103,3.8333333333333335,3.130434782608696,2,2,2,6,0.4345420784928668,0.5654579215071331,64.03,Low,60.170477230768576,57.69804327883672,61.38674,60.027187808939665,3.8595227692314253
23,5,82.3551767037709,262,34,2,2,0.292049207047605,0.274770963358645,16,0.4658675448749029,Pharmacy,East,F,Hibernating,CUST_02893,16.471035340754177,1.9166666666666667,2.608695652173913,1,1,1,3,0.3124663395989404,0.6875336604010596,21.54,Low,22.542960742561945,29.521419268714006,21.38341,23.424706643304113,1.002960742561946
26,40,2500.0,84,25,3,9,0.4217974608962972,0.1166866636120559,7,0.3106797808848671,Clothing,North,F,Growers,CUST_01044,62.5,2.1666666666666665,18.461538461538463,3,4,4,11,0.8021979381254094,0.1978020618745906,2204.39,High,1696.6478323603997,1568.1590670451844,2140.963,1790.846578086476,507.7421676396002
10,6,49.2082881934856,226,65,1,4,0.4115122197508263,0.2136927198581931,3,0.7549130607372134,Grocery,South,M,Hibernating,CUST_02497,8.201381365580934,0.8333333333333334,7.199999999999999,1,2,1,4,0.3344956883277443,0.6655043116722557,27.15,Low,28.845632289332233,45.36026601966348,27.592022,31.176816721837582,1.6956322893322344
28,15,200.0,82,24,1,6,0.3444025379270662,0.2638524009444057,12,0.4668235523010089,Pharmacy,West,M,At-Risk,CUST_02261,13.333333333333334,2.333333333333333,6.428571428571428,3,3,2,8,0.6282598602918764,0.3717401397081236,89.18,Low,115.80151017905038,148.77842540835044,73.9531,106.4610282627733,26.621510179050375
17,18,314.942899457846,72,27,1,7,0.2203804343174654,0.1744758376782221,8,0.6078632786447506,Pharmacy,South,F,At-Risk,CUST_02122,17.496827747658113,1.4166666666666667,12.705882352941176,3,3,2,8,0.654082759088484,0.345917240911516,218.14,Medium,216.5800982778265,233.08052750924298,231.30518,224.16471252018073,1.5599017221734925
9,57,2500.0,70,40,3,8,0.5428324944233616,0.0890875849035828,2,0.2251741569488274,Clothing,East,F,Growers,CUST_01071,43.85964912280702,0.75,76.0,3,5,4,12,0.7708023115164815,0.2291976884835185,4366.77,Very High,3908.0780664811864,6407.835707255737,4483.7144,4495.902578119803,458.69193351881404
44,129,7942.849677002822,5,39,4,9,0.3288660796125586,0.0369227753185137,4,0.1115857780953227,Luxury,East,F,Champions,CUST_00054,61.57247811630095,3.6666666666666665,35.18181818181818,5,5,5,15,0.95,0.05,15111.93,Very High,14624.967109529854,12081.766121749766,15589.708,14349.113761808103,486.9628904701458
26,162,12440.12442705778,9,62,3,9,0.7640910490569757,0.0561596073457398,3,0.0024042234682684,Luxury,East,F,Champions,CUST_00259,76.79089152504802,2.1666666666666665,74.76923076923077,5,5,5,15,0.95,0.05,38468.48,Very High,31741.413834088802,68851.11185703705,38204.016,39176.75696795886,6727.066165911201
43,117,8687.784290932192,11,62,4,8,0.5828907774204981,0.0516660812903581,3,0.0336574469699693,Luxury,East,F,Champions,CUST_00506,74.25456658916403,3.583333333333333,32.65116279069768,5,5,5,15,0.95,0.05,24046.63,Very High,17957.89608199594,13081.181993218925,17574.12,16746.32261719923,6088.733918004062
28,37,2317.978021496087,62,47,2,7,0.4676139254775819,0.0540887097490669,5,0.2226196018020168,Tech,West,F,Growers,CUST_00753,62.648054635029375,2.333333333333333,15.857142857142856,4,4,4,12,0.8296384742761628,0.1703615257238372,2178.67,High,2097.269323343535,1830.3082576312152,2257.7031,2086.568208709816,81.4006766564653
45,15,561.0822420790545,174,37,1,5,0.2281779752717442,0.227561143195136,13,0.4275287584424235,Grocery,West,M,At-Risk,CUST_01979,37.405482805270296,3.75,4.0,2,3,3,8,0.5078416083268095,0.4921583916731905,134.86,Low,127.57886967535845,132.05866254012147,123.77324,127.30094972226175,7.281130324641566
15,7,38.67256536807455,308,48,1,2,0.4702967379107039,0.3861145849296896,8,0.913181992928238,Pharmacy,East,F,Hibernating,CUST_02948,5.524652195439222,1.25,5.6,1,2,1,4,0.257190494770394,0.742809505229606,17.27,Low,17.438572635971827,37.06645022268283,16.603672,20.020988604475637,0.16857263597182737
9,4,13.35201072769927,194,50,1,3,0.1346480916038254,0.4104045327123651,7,0.9100834777787372,Pharmacy,West,F,Hibernating,CUST_02411,3.3380026819248174,0.75,5.333333333333333,2,1,1,4,0.3012933255144149,0.698706674485585,8.97,Low,18.633164138674776,44.06106466839201,9.833332,18.39474440285501,9.663164138674775
16,5,652.2008482664788,172,55,1,4,0.200568668812396,0.1906013627386918,13,0.6817543327725086,Grocery,West,F,At-Risk,CUST_01518,130.44016965329575,1.3333333333333333,3.75,2,1,3,6,0.3652540796069208,0.6347459203930792,252.35,Medium,244.65914849463977,243.51804742134075,260.34283,249.0298470946598,7.690851505360229
1,6,151.26409968624557,327,22,1,4,0.1158202917345021,0.2641259321898449,14,0.7568972237233678,Grocery,West,F,Hibernating,CUST_02998,25.21068328104093,0.0833333333333333,72.0,1,2,1,4,0.3041185225326918,0.6958814774673081,703.21,Medium,475.03597898502505,225.93179851713813,711.33154,462.23740566081955,228.17402101497498
33,10,261.9538949624956,63,29,2,5,0.3292913571111669,0.1470122010020082,4,0.6074518037028738,Grocery,South,F,At-Risk,CUST_02274,26.19538949624956,2.75,3.636363636363636,3,2,2,7,0.5043273823808989,0.4956726176191011,59.02,Low,70.87221629602207,91.20886696625391,62.12698,71.6607044736132,11.852216296022071
15,41,1707.22435144931,20,47,2,8,0.8638213527542975,0.1074228614327662,5,0.1928964602281337,Clothing,East,F,Growers,CUST_01390,41.63961832803195,1.25,32.8,5,4,4,13,0.91644926394523,0.0835507360547701,6319.36,Very High,5532.22803130684,4147.632782548029,6156.028,5392.636545796732,787.1319686931593
17,27,1539.5711897697904,38,38,3,8,0.6209820544733846,0.093011827360769,7,0.3033155753376635,Tech,East,M,Growers,CUST_01267,57.0211551766589,1.4166666666666667,19.058823529411764,4,3,4,11,0.7229594261445804,0.2770405738554196,1312.12,High,1269.0299742813495,1483.6593274274849,1271.4425,1310.063964042053,43.090025718650395
22,7,134.8731184028684,292,68,1,4,0.2166020495818296,0.2405491429302245,17,0.783063833067897,Grocery,East,F,Hibernating,CUST_02467,19.267588343266915,1.8333333333333333,3.8181818181818175,1,2,1,4,0.2834579766959403,0.7165420233040596,38.02,Low,37.215996190876666,34.063237033559915,36.991856,36.4973133466611,0.804003809123337
16,16,800.0,108,54,2,6,0.3166038997782326,0.2170208371646346,10,0.676738997635379,Grocery,East,M,At-Risk,CUST_01712,50.0,1.3333333333333333,12.0,3,3,3,9,0.6175130523983524,0.3824869476016476,404.89,Medium,434.13545474633037,472.8021420642449,468.65552,451.86159034702774,29.24545474633038
35,16,2054.293842076629,23,38,3,9,0.8952974901053283,0.1389238137526825,7,0.2991452350037868,Tech,East,F,Growers,CUST_00772,128.39336512978934,2.9166666666666665,5.485714285714286,5,3,4,12,0.7475464820204634,0.2524535179795366,1045.22,High,1120.5684164471818,1561.3647572140712,1056.05,1176.3297378982236,75.34841644718176
17,1,129.92778938569182,335,61,1,4,0.2164554269917477,0.3363726376680941,18,0.7508157251490293,Pharmacy,South,F,Hibernating,CUST_02803,129.92778938569182,1.4166666666666667,0.7058823529411764,1,1,1,3,0.1600464471583056,0.8399535528416944,45.05,Low,40.751868576401115,49.15529232600887,44.07004,43.31673026349597,4.298131423598882
17,13,435.8824609052649,62,25,2,5,0.3317702746650589,0.2239424113494694,13,0.6359964782599927,Pharmacy,East,M,At-Risk,CUST_01808,33.52942006963576,1.4166666666666667,9.176470588235292,4,2,2,8,0.5664425445962188,0.4335574554037812,190.3,Low,217.5565055609784,223.6913289961924,209.37401,216.2685021111914,27.256505560978383
7,1,108.80737112805372,268,40,1,3,0.4312540935211832,0.233965573250578,9,0.9902861535170264,Pharmacy,North,F,Hibernating,CUST_02686,108.80737112805372,0.5833333333333334,1.7142857142857142,1,1,1,3,0.2234881344817054,0.7765118655182945,88.89,Low,77.6753865046624,57.62216756733798,87.392296,75.81678953912842,11.214613495337602
33,43,1539.976835494481,28,48,3,7,0.6972046919045365,0.1098834014650584,1,0.1541894278304962,Sports,North,F,Growers,CUST_01086,35.81341477894142,2.75,15.636363636363637,4,4,4,12,0.8080116413778139,0.1919883586221861,1248.81,High,1086.1007134707024,1226.6615150767911,1073.4264,1108.9506413336064,162.70928652929751
14,18,280.2963778474824,80,46,2,7,0.5156799027194338,0.1700975645239825,5,0.5630526408457495,Clothing,North,M,At-Risk,CUST_02258,15.5720209915268,1.1666666666666667,15.428571428571429,3,3,2,8,0.5932820211378024,0.4067179788621976,266.01,Medium,204.9400186972665,231.17347225873593,243.38596,221.05256793166004,61.06998130273348
46,13,434.0246166602225,159,53,1,5,0.5954772535948523,0.1413677869363873,7,0.5348444508232133,Pharmacy,East,F,At-Risk,CUST_01533,33.38650897386327,3.8333333333333335,3.391304347826087,2,2,2,6,0.4345384994792644,0.5654615005207356,64.98,Low,71.48245945790123,56.233754996818746,64.40906,66.04066523819854,6.5024594579012245
31,28,1163.2151998814834,87,30,3,7,0.4491927462534846,0.0653850055367276,2,0.3073216693826285,Sports,East,F,Growers,CUST_01326,41.54339999576727,2.583333333333333,10.838709677419354,3,4,3,10,0.7189431041371167,0.2810568958628833,630.32,Medium,524.931276894363,469.82001717118106,580.46484,529.1424167287898,105.38872310563704
14,5,200.0,97,56,2,5,0.3799753171012223,0.1159514083442057,10,0.3318068738098503,Clothing,West,F,At-Risk,CUST_02120,40.0,1.1666666666666667,4.285714285714286,3,1,2,6,0.3855011610008564,0.6144988389991436,121.0,Low,113.3840146913247,107.8812314810793,116.93875,113.30632510575118,7.615985308675306
35,11,383.64441572651776,146,53,1,5,0.4135404157169548,0.1375986639259369,11,0.3288086481463089,Pharmacy,East,F,At-Risk,CUST_01813,34.87676506604707,2.9166666666666665,3.771428571428572,2,2,2,6,0.3482384578590094,0.6517615421409906,75.02,Low,71.54329214095686,57.41524334383467,72.90822,68.85728912167929,3.476707859043131
39,7,445.2257210810959,129,60,1,5,0.4919380354847609,0.1448373101484513,8,0.4941553197107884,Grocery,West,F,At-Risk,CUST_01715,63.60367444015656,3.25,2.1538461538461537,2,2,2,6,0.3590145599386624,0.6409854400613376,90.71,Low,82.2944789098548,59.59306753118627,84.08516,77.65907602688458,8.415521090145191
33,19,200.0,187,40,2,7,0.2339078619194432,0.1446881899378699,9,0.6278092488383746,Clothing,West,F,At-Risk,CUST_02035,10.526315789473683,2.75,6.909090909090909,2,3,2,7,0.4266595267303554,0.5733404732696445,44.16,Low,56.31787629410972,79.64198008757191,44.701088,56.33704201409339,12.157876294109727
23,4,109.7233464402467,215,41,2,6,0.1703691717321128,0.3196296160489569,5,0.6045893614384545,Pharmacy,East,M,Hibernating,CUST_02424,27.430836610061675,1.9166666666666667,2.0869565217391304,1,1,1,3,0.2070284775075413,0.7929715224924587,26.81,Low,28.413769145224407,22.976769443965697,25.668404,26.41779949706834,1.6037691452244083
12,4,54.41578654365953,278,23,2,4,0.172585941304013,0.3414011720961842,18,0.4458028752467903,Pharmacy,North,F,Hibernating,CUST_02435,13.603946635914882,1.0,4.0,1,1,1,3,0.1568930608773164,0.8431069391226835,20.58,Low,21.803036946146218,27.10504138838371,20.307795,22.297791815758817,1.2230369461462196
24,12,357.1871177344251,72,54,2,6,0.2780577079387546,0.2599525401982416,7,0.3695022784919293,Pharmacy,North,M,At-Risk,CUST_01682,29.765593144535423,2.0,6.0,3,2,2,7,0.4752338509008064,0.5247661490991935,116.21,Low,121.13318410898894,114.3448561492302,119.23771,119.17903492959313,4.9231841089889485
33,4,800.0,77,45,1,7,0.4059951521383586,0.1380036809830922,10,0.3618634000741928,Pharmacy,South,F,At-Risk,CUST_02228,200.0,2.75,1.4545454545454546,3,1,3,7,0.3936204659685568,0.6063795340314432,179.2,Low,167.2605068400087,286.64259043863683,176.82654,189.4411187605059,11.939493159991287
30,48,1171.2363452963702,62,27,3,7,0.4473426873639614,0.0873753420422953,2,0.2837789562100989,Tech,North,M,Growers,CUST_01164,24.40075719367438,2.5,19.2,4,4,3,11,0.8521997595665343,0.1478002404334657,999.35,High,1051.6743014197432,915.6567334763957,990.65283,1004.7645243068081,52.324301419743165
18,28,1712.730313787465,68,54,2,9,0.655034594475354,0.0525337652947966,4,0.303406970055745,Tech,East,F,Growers,CUST_00964,61.16893977812376,1.5,18.666666666666668,3,4,4,11,0.746439529915841,0.253560470084159,1524.12,High,1402.7304651601733,1420.7574231855376,1555.9156,1450.7322530757908,121.38953483982664
23,4,136.26095775806303,191,37,2,4,0.3337989055914668,0.3510597877690108,13,0.8067579437896593,Grocery,South,M,Hibernating,CUST_02903,34.06523943951576,1.9166666666666667,2.0869565217391304,2,1,1,4,0.2972645764373012,0.7027354235626988,39.69,Low,38.163537564634886,36.074988232470254,38.435112,37.81701468207947,1.5264624353651115
20,6,282.98402198211284,113,34,1,7,0.2662245081235204,0.2907147915811766,4,0.3416499049749575,Grocery,East,F,At-Risk,CUST_01663,47.16400366368547,1.6666666666666667,3.6,2,2,2,6,0.463275174470015,0.536724825529985,150.64,Low,98.53764766367655,103.55490946817694,102.72406,100.77156629337705,52.102352336323435
79,140,4671.907149857855,24,47,4,9,0.6708207259180211,0.0328858717035672,2,0.1170072130560065,Home,South,M,Champions,CUST_00399,33.370765356127535,6.583333333333333,21.26582278481013,4,5,5,14,0.799382574533957,0.200617425466043,910.41,High,2284.8379477677295,1672.697004098447,943.6048,1646.5294862983947,1374.4279477677296
77,146,12272.754708687578,25,48,4,8,0.5464097922664123,0.0258740837723751,0,0.1431999535318603,Home,East,F,Champions,CUST_00585,84.0599637581341,6.416666666666667,22.753246753246756,4,5,5,14,0.95,0.05,18009.14,Very High,12795.7268890423,6747.591082537185,16295.6875,12105.592738953685,5213.413110957699
30,18,871.075504682217,27,49,2,8,0.8041912156197247,0.0953932782303561,7,0.2674856533409415,Tech,North,F,Growers,CUST_00949,48.3930835934565,2.5,7.2,4,3,3,10,0.7346249857152292,0.2653750142847708,441.97,Medium,499.2468001007829,474.3375616654622,465.45636,483.88182465510533,57.27680010078285
20,39,2500.0,27,54,3,6,0.7178106823660024,0.0965618694837962,2,0.2612743614106633,Clothing,North,F,Growers,CUST_00705,64.1025641025641,1.6666666666666667,23.4,4,4,4,12,0.8051401642509965,0.1948598357490034,3113.83,Very High,2406.3016873235206,2336.2843053953834,2952.263,2543.475326258577,707.5283126764793
42,152,5959.942146099285,25,37,4,9,0.3715005613328632,0.0509911378710828,4,0.071547508892648,Luxury,East,F,Champions,CUST_00432,39.21014569802161,3.5,43.42857142857143,4,5,5,14,0.8554320159623968,0.1445679840376031,4906.91,Very High,4815.869165804118,7721.773959876827,4682.8457,5248.499500830719,91.04083419588187
28,56,7285.202782777323,7,43,4,8,0.604848712576308,0.0515969279116018,3,0.0195529695064898,Electronics,East,M,Champions,CUST_00293,130.09290683530932,2.333333333333333,24.0,5,4,5,14,0.8780966316934768,0.1219033683065231,11335.35,Very High,8651.393223792727,11426.00538833434,10909.538,9805.374671295209,2683.956776207273
30,165,15000.0,11,34,4,9,0.6758734961979203,0.0118038719135045,3,0.1000391171188021,Electronics,South,M,Champions,CUST_00146,90.9090909090909,2.5,66.0,5,5,5,15,0.95,0.05,37655.36,Very High,32451.80014115853,74245.21727967112,37939.434,40131.08342829901,5203.559858841472
62,100,15000.0,17,57,4,9,0.3150130026646964,0.022225303012743,0,0.058083471181531,Home,West,M,Champions,CUST_00324,150.0,5.166666666666667,19.35483870967742,5,5,5,15,0.95,0.05,19647.34,Very High,17251.674003203192,17300.194994303412,19560.75,17924.27414461985,2395.665996796808
39,7,679.6639284658252,101,28,2,4,0.392115527916216,0.2841167438178172,11,0.6889956354078203,Clothing,East,M,At-Risk,CUST_02109,97.0948469236893,3.25,2.1538461538461537,3,2,3,8,0.5334196685295394,0.4665803314704606,155.62,Low,152.8393840814151,222.07302955098743,154.54774,165.2579135340868,2.780615918584914
17,36,1692.2987309305756,17,38,3,8,0.7696721664776525,0.1117815279758889,4,0.1758696745034547,Clothing,West,M,Growers,CUST_01166,47.00829808140488,1.4166666666666667,25.41176470588235,5,4,4,13,0.863575163281677,0.1364248367183229,2904.69,Very High,3040.0357300241553,3115.872514182598,2922.17,3019.0273396748103,135.34573002415527
30,33,1461.0736680934826,80,46,2,6,0.638355965928407,0.1132932178543989,3,0.1021386925295425,Clothing,South,F,Growers,CUST_01453,44.274959639196446,2.5,13.2,3,4,4,11,0.6535076143492394,0.3464923856507605,719.48,Medium,738.8049578731317,744.0859202173901,697.43854,727.179370511642,19.324957873131666
52,68,7012.764993417724,10,39,4,10,0.4549034376612345,0.0107567758544637,4,0.1044119792350558,Luxury,West,M,Champions,CUST_00003,103.12889696202537,4.333333333333333,15.692307692307692,5,5,5,15,0.95,0.05,11198.51,Very High,11053.72222340366,6599.763369650632,10914.981,9932.713885304776,144.78777659634034
76,113,10086.093555620726,10,51,4,9,0.3923162286736846,0.0254341347590324,1,0.0358127656629036,Home,North,F,Champions,CUST_00577,89.25746509398873,6.333333333333333,17.842105263157894,5,5,5,15,0.95,0.05,8744.8,Very High,11008.180739567371,5913.501070340962,9789.054,9385.34871321755,2263.380739567372
10,6,148.44635781931666,324,26,1,2,0.4023078022948999,0.3358703901319869,16,0.7292043540598128,Grocery,East,F,Hibernating,CUST_02658,24.741059636552777,0.8333333333333334,7.199999999999999,1,2,1,4,0.3001592424752429,0.6998407575247572,81.02,Low,69.36348781935956,53.6906888343095,91.76804,71.69020639837262,11.656512180640433
39,160,12695.851092021816,8,59,3,9,0.4053965507750143,0.0600303183451425,1,0.059063271234811,Electronics,East,M,Champions,CUST_00340,79.34906932513636,3.25,49.23076923076923,5,5,5,15,0.95,0.05,21580.07,Very High,26741.397974150394,33284.8499360057,24345.246,27162.252274110586,5161.327974150394
20,3,50.46624773134688,327,28,1,4,0.3807671573861066,0.3865250590792034,9,0.5655749954520298,Grocery,North,M,Hibernating,CUST_02540,16.822082577115626,1.6666666666666667,1.7999999999999998,1,1,1,3,0.2016568731095055,0.7983431268904944,12.83,Low,14.03372805892903,26.90192627488679,12.884685,15.611964725325713,1.2037280589290305
7,4,65.38258994128823,182,32,1,2,0.2648777796212377,0.472828459696702,4,0.5486235327944549,Pharmacy,South,M,Hibernating,CUST_02936,16.345647485322058,0.5833333333333334,6.857142857142857,2,1,1,4,0.2999645678083507,0.7000354321916493,61.99,Low,50.75151424512187,50.69704543857032,58.14648,52.85591258622253,11.238485754878134
24,28,1415.8733396775615,66,29,3,9,0.421501082722286,0.1326269239174626,6,0.3212007702400489,Sports,East,M,Growers,CUST_00926,50.566904988484346,2.0,14.0,3,4,4,11,0.7335279995596334,0.2664720004403665,842.9,High,966.8259006474052,1018.626357371848,913.63696,960.5269819250752,123.92590064740523
72,151,7184.939637587919,28,51,3,8,0.6247544648537237,0.0399240517863187,1,0.0863497879496129,Home,South,M,Champions,CUST_00266,47.58238170588026,6.0,25.166666666666668,4,5,5,14,0.95,0.05,7890.68,Very High,8190.067005492694,4148.069738718273,8068.4688,7116.2770237892455,299.3870054926938
58,78,13736.175682833617,17,50,4,9,0.4368202089303858,0.0478209584733049,0,0.145005921002769,Home,North,M,Champions,CUST_00377,176.1048164465848,4.833333333333333,16.137931034482758,5,5,5,15,0.9325372370097728,0.0674627629902272,14148.93,Very High,13820.692693263802,16295.950028638501,15350.266,14740.617559826038,328.23730673619866
47,6,592.6796301770319,68,65,2,6,0.2079955995779561,0.2869174562833679,4,0.3929216872233112,Clothing,East,F,At-Risk,CUST_02023,98.77993836283864,3.9166666666666665,1.5319148936170213,3,2,3,8,0.4440994145982201,0.5559005854017799,97.31,Low,114.91481953977939,144.98720185199136,99.06373,115.14899823057887,17.604819539779385
12,33,800.0,37,51,2,7,0.8037777754996505,0.057667238196829,1,0.2074544245353454,Sports,South,M,Growers,CUST_01464,24.24242424242424,1.0,33.0,4,4,3,11,0.7843369281127981,0.2156630718872019,1402.82,High,1523.7207887894835,1310.836374449181,1424.2542,1448.9026908990004,120.90078878948361
60,114,7702.463342039501,17,56,4,8,0.6373931510837052,0.058236135762376,1,0.0973024430036046,Luxury,South,F,Champions,CUST_00272,67.5654679126272,5.0,22.8,5,5,5,15,0.95,0.05,12171.54,Very High,11097.666676292645,6665.199860768432,10877.081,9961.693186915236,1073.8733237073557
27,58,1210.479990919375,34,43,2,7,0.4653244158483242,0.1177873120468665,2,0.2653602096126937,Tech,East,M,Growers,CUST_00697,20.87034467102371,2.25,25.77777777777778,4,5,4,13,0.8869265718729534,0.1130734281270465,2335.7,High,2693.3125924439523,2087.3442624717536,2142.2573,2389.5989717429115,357.6125924439525
21,2,106.40387970264617,236,27,1,1,0.2105606625344916,0.4421248759407861,14,0.8502941460826203,Pharmacy,North,F,Hibernating,CUST_02974,53.20193985132308,1.75,1.1428571428571428,1,1,1,3,0.1939108528494715,0.8060891471505285,26.89,Low,29.53512070929618,26.6162383585536,26.723982,28.07297150582878,2.6451207092961795
82,149,7441.297628754712,10,31,4,8,0.7185598139153261,0.0571164491637851,4,0.0422877533395877,Electronics,West,M,Champions,CUST_00245,49.94159482385712,6.833333333333333,21.804878048780488,5,5,5,15,0.95,0.05,8512.3,Very High,8883.661921760196,4037.9238996876556,8203.725,7408.566411474369,371.3619217601972
8,5,41.34111692316483,208,73,1,6,0.4095154036312199,0.2344856667420998,8,0.7262473868880481,Pharmacy,West,M,Hibernating,CUST_02814,8.268223384632966,0.6666666666666666,7.5,1,1,1,3,0.2488464451406737,0.7511535548593262,22.77,Low,27.936708795184437,34.128434508811985,24.07744,27.816505143233286,5.166708795184437
46,77,8219.776104359838,22,45,4,10,0.4702057780571298,0.079842457230714,3,0.1493132269388184,Electronics,West,F,Champions,CUST_00477,106.75033901766024,3.8333333333333335,20.08695652173913,5,5,5,15,0.95,0.05,14180.12,Very High,14457.448291546141,9798.944172823769,14431.2,13368.197073953024,277.32829154614046
13,2,73.24555772750284,260,66,1,3,0.4237690150784171,0.2936391460215543,6,0.5249592876007245,Pharmacy,West,F,Hibernating,CUST_02786,36.62277886375142,1.0833333333333333,1.8461538461538465,1,1,1,3,0.2582173747520128,0.7417826252479871,30.63,Low,31.798178344713023,35.99462202640299,32.592945,32.83973902486306,1.1681783447130236
3,5,51.48868005602218,364,43,1,2,0.3195798040186558,0.3046002230635243,9,0.4357399452254393,Grocery,West,F,Hibernating,CUST_02844,10.297736011204435,0.25,20.0,1,1,1,3,0.140301440848704,0.859698559151296,71.98,Low,87.63682250972354,49.86821597812058,75.915184,75.01512789919012,15.65682250972354
46,13,490.4272960928561,120,65,2,6,0.4631029860104808,0.2118276537679504,9,0.4851806398554591,Pharmacy,South,F,At-Risk,CUST_02299,37.72517662252739,3.8333333333333335,3.391304347826087,2,2,2,6,0.3616955787628637,0.6383044212371363,64.73,Low,77.34889469397278,46.123883361430515,65.8572,66.48528803211197,12.618894693972777
12,2,131.00224802136637,320,68,1,3,0.309293099570017,0.4050650951172821,3,0.4461269279692751,Pharmacy,West,M,Hibernating,CUST_02449,65.50112401068318,1.0,2.0,1,1,1,3,0.258124347528982,0.7418756524710179,60.82,Low,52.458581767382434,49.01874475030679,61.26801,54.222336503891164,8.361418232617567
20,7,66.98369459830647,294,46,1,2,0.1179306856613994,0.4396260868450181,5,0.6823473474138226,Grocery,East,F,Hibernating,CUST_02784,9.569099228329495,1.6666666666666667,4.2,1,2,1,4,0.3005471557391737,0.6994528442608263,18.64,Low,19.465880032681,36.072622943109,17.19671,21.24967952282998,0.825880032680999
17,3,117.26310060225345,208,52,1,6,0.3747386149486904,0.470364007926301,3,0.937115199710298,Pharmacy,East,F,Hibernating,CUST_02954,39.08770020075114,1.4166666666666667,2.117647058823529,1,1,1,3,0.1368774697495667,0.8631225302504333,49.59,Low,37.02259206795165,23.462071284237066,37.615486,33.9742143052215,12.567407932048354
1,5,35.018153991857815,250,66,2,5,0.3157994192034853,0.4023007411218504,5,0.4933408364592212,Grocery,West,F,Hibernating,CUST_02983,7.003630798371563,0.0833333333333333,60.0,1,1,1,3,0.1338731034191396,0.8661268965808604,183.37,Low,175.21730986465198,89.90314652214354,182.14523,155.1632265902503,8.152690135348024
25,7,379.85640887461136,69,26,2,4,0.4547103420143868,0.2496239213870464,9,0.3398089632696306,Clothing,North,F,At-Risk,CUST_02160,54.26520126780162,2.083333333333333,3.36,3,2,2,7,0.4594529597327648,0.5405470402672352,159.39,Low,120.42829406252075,115.07183009551706,128.97467,121.81826982048285,38.96170593747924
75,73,5436.820927552964,24,32,4,10,0.5904751899440897,0.0569889577660392,3,0.0915544511727235,Luxury,West,F,Champions,CUST_00251,74.47699900757486,6.25,11.68,4,5,5,14,0.9001062771078958,0.0998937228921041,3812.7,Very High,3848.47537284052,2002.2889160228215,3462.9856,3271.821751484573,35.77537284052005
61,101,6890.719241706266,7,37,4,10,0.5896572333309689,0.0611174432670699,0,0.014504183968135,Home,West,F,Champions,CUST_00414,68.22494298719076,5.083333333333333,19.868852459016395,5,5,5,15,0.95,0.05,8621.26,Very High,9737.814739532454,5424.861003937569,9286.353,8540.111361342893,1116.5547395324538
27,105,7504.800523115686,8,33,4,8,0.764315281057697,0.0765372974668086,4,0.0288386877702137,Luxury,West,F,Champions,CUST_00546,71.47429069633986,2.25,46.66666666666666,5,5,5,15,0.95,0.05,23480.19,Very High,22812.20859717765,20215.755638860082,24608.023,22779.52936824894,667.9814028223482
21,44,1316.2158586810556,27,40,2,7,0.8082269278002792,0.1415950470512344,4,0.2037076679722385,Tech,East,M,Growers,CUST_01194,29.913996788205807,1.75,25.142857142857142,4,4,4,12,0.819249959461976,0.180750040538024,1364.43,High,1439.4541063362167,1827.855176101,1328.7556,1474.0854089062714,75.02410633621662
14,26,1260.6405870066824,35,49,3,9,0.4185903674706324,0.1490237884087318,2,0.1933154330073171,Tech,South,F,Growers,CUST_00739,48.48617642333394,1.1666666666666667,22.285714285714285,4,3,4,11,0.6781466756653192,0.3218533243346808,1146.87,High,1313.6331963679481,1417.5153976719362,1131.2974,1275.3132976468592,166.76319636794824
82,171,5989.852671231251,5,59,4,10,0.3422826890486189,0.0613905881329152,2,0.1412001589180352,Home,East,F,Champions,CUST_00311,35.028378194334806,6.833333333333333,25.02439024390244,5,5,5,15,0.95,0.05,5299.96,Very High,6336.438629262848,3749.0407783313904,5633.4663,5507.330370574719,1036.4786292628478
27,15,411.6833470770912,116,20,2,5,0.5606877355190762,0.2656300008337627,13,0.6170499605803315,Grocery,West,M,At-Risk,CUST_01980,27.44555647180608,2.25,6.666666666666667,2,3,2,7,0.6275920047286178,0.3724079952713822,160.94,Low,155.17426038515094,138.7684434149626,160.66434,153.33727953758006,5.765739614849053
26,27,1628.013492444657,67,44,3,7,0.4870546237666175,0.0678552859284916,6,0.1342200799229569,Clothing,West,M,Growers,CUST_00894,60.296796016468775,2.1666666666666665,12.461538461538462,3,3,4,10,0.5803693633957788,0.4196306366042212,661.44,Medium,672.290126294633,658.2717149878702,566.7212,636.0221984890078,10.8501262946329
21,12,984.1260459050178,80,38,2,9,0.7772357375011185,0.0561122875325766,3,0.1526613994088841,Sports,West,F,Growers,CUST_01132,82.01050382541816,1.75,6.857142857142857,3,2,3,8,0.5239966405399473,0.4760033594600527,434.68,Medium,435.8635501137365,333.06469480648593,430.89642,411.62251834013546,1.1835501137364872
21,12,1910.4341601007727,31,31,2,9,0.4341329329277505,0.0613602369473979,2,0.2612706729916965,Tech,North,M,Growers,CUST_01450,159.2028466750644,1.75,6.857142857142857,4,2,4,10,0.6199205412075056,0.3800794587924944,1044.23,High,1073.4617264479198,1356.8397719089357,1125.4688,1141.0390446489703,29.231726447919755
13,2,48.43635926773944,248,45,1,6,0.1352164030817263,0.3920655998573869,7,0.8151423172600937,Pharmacy,West,M,Hibernating,CUST_02908,24.21817963386972,1.0833333333333333,1.8461538461538465,1,1,1,3,0.2069347713129962,0.7930652286870037,19.56,Low,21.762549345241492,28.98145348352638,19.829193,22.41977552982207,2.2025493452414935
59,139,13558.002862194036,10,43,4,9,0.5528170767109795,0.0561102347108915,0,0.0474151967320455,Electronics,West,M,Champions,CUST_00016,97.53958893664776,4.916666666666667,28.271186440677965,5,5,5,15,0.95,0.05,21963.19,Very High,19150.63887589152,16342.844912359937,21980.182,19336.004093882653,2812.5511241084787
13,6,800.0,100,21,2,4,0.4892924603818849,0.2495033793495013,8,0.4586441368221601,Pharmacy,South,M,At-Risk,CUST_01951,133.33333333333334,1.0833333333333333,5.538461538461539,3,2,3,8,0.5239410594489914,0.4760589405510086,522.38,Medium,357.26110085628136,507.0830781007363,494.6536,422.4871875629724,165.11889914371864
32,14,1535.8776456997225,85,42,2,8,0.7595085772559674,0.1174022994393593,6,0.1176335738093304,Clothing,East,F,Growers,CUST_00722,109.70554612140872,2.6666666666666665,5.25,3,3,4,10,0.5764473214807553,0.4235526785192447,586.41,Medium,559.7004858525135,642.7171202846143,485.94415,551.5203497109153,26.709514147486516
28,38,2500.0,53,48,3,9,0.6290413448378653,0.1297076806562756,5,0.3191073187106087,Tech,South,M,Growers,CUST_01421,65.78947368421052,2.333333333333333,16.285714285714285,4,4,4,12,0.8658272886311345,0.1341727113688655,2118.39,High,2600.3003562415,2063.5520573326057,2501.659,2454.1664277387863,481.91035624150027
22,1,28.742460599053626,312,49,1,4,0.1617154459432387,0.3486139451857941,5,0.9516615256173055,Pharmacy,East,F,Hibernating,CUST_02634,28.742460599053626,1.8333333333333333,0.5454545454545455,1,1,1,3,0.2100833123743388,0.7899166876256611,7.67,Low,12.38196625948695,26.556486855650746,7.572878,12.528284909246365,4.71196625948695
7,30,2500.0,34,53,3,9,0.4273936234624569,0.116758402179856,2,0.2117085576299821,Sports,West,F,Growers,CUST_00982,83.33333333333333,0.5833333333333334,51.42857142857142,4,4,4,12,0.7807599790084819,0.219240020991518,7361.83,Very High,4498.155658047592,5403.399180292953,5405.1997,4930.541312223923,2863.674341952408
38,18,534.6621590725573,105,57,1,6,0.5786038164719461,0.1729948669405137,14,0.6422749471683413,Pharmacy,North,M,At-Risk,CUST_01875,29.703453281808734,3.1666666666666665,5.684210526315789,3,3,3,9,0.72216012619237,0.27783987380763,192.22,Low,176.4178977864095,283.9574398495764,158.25423,187.8347951644969,15.802102213590501
24,19,638.651254895299,171,47,2,5,0.3765617599505899,0.2340325155078564,11,0.5279636320851047,Clothing,West,M,At-Risk,CUST_01540,33.61322394185784,2.0,9.5,2,3,3,8,0.49418933114222,0.5058106688577799,209.49,Medium,220.74572668683783,225.22775569506464,215.52852,220.05043795430277,11.255726686837818
13,7,95.7886093828482,243,56,1,2,0.4556283701952656,0.458914413032399,7,0.8742809565760438,Pharmacy,South,M,Hibernating,CUST_02531,13.6840870546926,1.0833333333333333,6.461538461538462,1,2,1,4,0.3127471920711874,0.6872528079288125,48.28,Low,40.83626766737084,42.34502080407471,45.521034,42.4969852932356,7.4437323326291605
13,4,644.4603850800956,103,61,2,6,0.3838925858521184,0.2294140037077965,5,0.4183146169974079,Grocery,West,M,At-Risk,CUST_01551,161.1150962700239,1.0833333333333333,3.692307692307693,3,1,3,7,0.4087720172290168,0.5912279827709832,404.03,Medium,291.50530556214426,400.0810493023566,388.56775,338.5378912463722,112.52469443785571
1,3,97.25604677523624,222,33,2,6,0.2829818619552141,0.2633469132622041,3,0.8636124621372905,Pharmacy,South,M,Hibernating,CUST_02423,32.41868225841208,0.0833333333333333,36.0,1,1,1,3,0.1935052694524396,0.8064947305475604,389.58,Medium,342.662992063623,71.96463141729747,391.49008,261.3236711286814,46.91700793637699
47,95,5408.30038918388,18,63,4,10,0.4713225732612607,0.0682062833178556,1,0.0057601315989516,Luxury,West,M,Champions,CUST_00364,56.92947778088295,3.9166666666666665,24.25531914893617,5,5,5,15,0.95,0.05,10621.08,Very High,9756.810060873633,6515.149973688864,10072.301,9086.113191909213,864.2699391263668
6,4,131.65981448609728,195,37,1,2,0.2529740339922042,0.3738149251374221,10,0.8356086125889424,Pharmacy,East,M,Hibernating,CUST_02769,32.91495362152432,0.5,8.0,2,1,1,4,0.2577500045454187,0.7422499954545813,115.93,Low,114.06455326726385,53.56111377749636,122.33012,100.19712785471026,1.8654467327361601
74,183,4805.753989003261,21,48,3,9,0.646179461230529,0.0120056699304358,0,0.0415131197926962,Home,North,F,Champions,CUST_00183,26.260950759580663,6.166666666666667,29.675675675675677,5,5,5,15,0.95,0.05,6458.25,Very High,6357.3463822504755,4468.115011840742,6200.443,5880.176907759847,100.90361774952453
31,14,870.1348161617897,27,42,3,7,0.8688765077557419,0.0968217596087969,1,0.1357993759700605,Clothing,East,M,Growers,CUST_00986,62.15248686869926,2.583333333333333,5.419354838709677,4,3,3,10,0.6120822985803784,0.3879177014196215,230.63,Medium,360.2934003565225,369.9578569228224,270.95993,332.5388707546376,129.66340035652252
26,13,473.25246285891154,115,27,2,7,0.32184472586266,0.2452626743838336,6,0.6715089702335524,Clothing,East,F,At-Risk,CUST_01991,36.40403560453166,2.1666666666666665,6.0,2,2,2,6,0.3350965124371435,0.6649034875628564,165.92,Low,140.925554655686,69.88748729914857,152.20325,125.39347078792993,24.994445344313988
18,38,2430.528972735344,44,38,3,7,0.5109975225094878,0.1278493099453378,4,0.2083857757009502,Clothing,West,M,Growers,CUST_01195,63.96128875619325,1.5,25.33333333333333,4,4,4,12,0.8912862273584258,0.1087137726415742,4567.37,Very High,3687.3990121221573,3115.6321797642327,4408.2354,3761.4007134766907,879.9709878778426
31,16,531.5391211768844,107,43,2,5,0.3960408327993719,0.156702007130322,9,0.6515304554620791,Pharmacy,North,M,At-Risk,CUST_01770,33.22119507355527,2.583333333333333,6.193548387096774,3,3,3,9,0.5371909986639106,0.4628090013360894,192.83,Low,181.66780441909685,226.75607317016008,182.54976,190.18384608561425,11.162195580903159
47,17,800.0,76,41,1,7,0.5168944668977076,0.2677150842945024,3,0.5321719454475033,Pharmacy,East,M,At-Risk,CUST_01676,47.05882352941177,3.9166666666666665,4.340425531914894,3,3,3,9,0.502002057398157,0.497997942601843,142.07,Low,153.6833443449256,152.34713724106814,140.64944,149.39084005574563,11.613344344925594
22,31,831.0973587628598,63,48,3,6,0.5552513762747417,0.06583730205292,3,0.3461713884788097,Clothing,East,M,Growers,CUST_01122,26.80959221815677,1.8333333333333333,16.90909090909091,3,4,3,10,0.6384291915466905,0.3615708084533094,388.11,Medium,518.9355209787536,461.63177057144446,464.64633,490.40401832896856,130.82552097875362
55,191,11998.335791178022,3,37,4,9,0.4347559311461363,0.0128180602106462,2,0.0753557729958143,Home,North,M,Champions,CUST_00188,62.81851199569645,4.583333333333333,41.67272727272727,5,5,5,15,0.95,0.05,19068.14,Very High,13797.692520709352,19608.335027218156,16695.234,15673.62315268823,5270.447479290648
22,23,895.1565392179413,52,50,3,9,0.6510063121998753,0.1087358206218895,6,0.2897466101108706,Clothing,South,F,Growers,CUST_00620,38.91984953121484,1.8333333333333333,12.545454545454549,4,3,3,10,0.6104069129863642,0.3895930870136358,511.87,Medium,543.1833856326708,479.95493665177906,509.78757,519.9135274598951,31.313385632670816
18,9,519.615234794424,82,48,2,7,0.5504017653859004,0.2828135388941974,10,0.5694631416729432,Grocery,West,F,At-Risk,CUST_01613,57.735026088269336,1.5,6.0,3,2,2,7,0.4522092908704224,0.5477907091295775,175.35,Low,202.563295211983,147.13138306436176,197.6499,188.6294064538477,27.213295211982995
7,40,1093.2500543120775,71,53,3,9,0.4339629071831525,0.0639740659564354,1,0.2355088463765295,Sports,North,F,Growers,CUST_01176,27.33125135780194,0.5833333333333334,68.57142857142857,3,4,3,10,0.6270903757841506,0.3729096242158494,1954.21,High,1709.0352268187346,1770.5823334615757,1914.8398,1780.8971079628095,245.17477318126544
14,31,902.1564485800984,17,49,3,6,0.8479271285042652,0.0702017837322392,7,0.2656242182960696,Clothing,West,F,Growers,CUST_01183,29.101820921938653,1.1666666666666667,26.57142857142857,5,4,3,12,0.8862935401454995,0.1137064598545004,2375.88,High,2570.5438141893196,1782.1871201791246,2437.69,2351.24962256083,194.6638141893195
10,6,80.13396945686051,263,60,1,4,0.1413110741124335,0.4478641135851841,11,0.6090696004008747,Pharmacy,West,M,Hibernating,CUST_02385,13.35566157614342,0.8333333333333334,7.199999999999999,1,2,1,4,0.2781989550909631,0.7218010449090368,50.84,Low,41.87854440513828,43.38948167782561,45.55058,43.25410476818369,8.961455594861725
8,5,35.882709701802106,202,43,1,5,0.2330544987636313,0.3900553870861474,18,0.9889616450287038,Pharmacy,South,F,Hibernating,CUST_02716,7.176541940360421,0.6666666666666666,7.5,2,1,1,4,0.2759621746636483,0.7240378253363517,26.06,Low,27.338091509876982,45.23751421493799,22.780409,28.651728383438172,1.2780915098769832
24,25,1718.3207627135955,74,37,2,9,0.630700595412788,0.0729760674855526,1,0.3028222134865099,Sports,West,M,Growers,CUST_00615,68.73283050854383,2.0,12.5,3,3,4,10,0.6928066899702569,0.3071933100297431,898.41,High,877.5231679867484,943.0682582992998,934.7784,907.2998323806733,20.886832013251592
39,6,322.5041129810031,137,35,2,5,0.5557110835334398,0.1438565495476655,5,0.5766813671501383,Pharmacy,West,F,At-Risk,CUST_01514,53.75068549683385,3.25,1.8461538461538465,2,2,2,6,0.3400462341181226,0.6599537658818774,44.53,Low,58.43158084266695,54.14415413821179,47.099747,53.94793799703483,13.901580842666952
15,19,1324.2746797074014,24,44,3,6,0.6202608719920732,0.0618155549944454,4,0.2323907734120842,Sports,East,F,Growers,CUST_01467,69.69866735302112,1.25,15.2,4,3,4,11,0.6948906110141444,0.3051093889858556,1344.31,High,1364.3960270160485,1358.9434205881082,1275.4978,1336.024927732707,20.086027016048547
26,103,9208.651405226614,17,35,3,9,0.7191152105409002,0.0570755083871554,1,0.0249277499414623,Home,West,F,Champions,CUST_00402,89.40438257501567,2.1666666666666665,47.53846153846154,5,5,5,15,0.95,0.05,32882.96,Very High,26242.56014072932,27214.114512319928,30276.7,27592.725076956056,6640.399859270678
8,15,2500.0,35,53,2,9,0.864402009998895,0.128295776596728,3,0.1175491528519284,Tech,South,M,Growers,CUST_00995,166.66666666666666,0.6666666666666666,22.5,4,3,4,11,0.6509895368963927,0.3490104631036073,4153.4,Very High,3481.2843351060183,3172.2419949803957,4140.4575,3599.6321742933133,672.1156648939814
31,30,1326.6872721183304,81,31,2,9,0.511374385136852,0.0858299413519582,1,0.2607946542174739,Sports,North,F,Growers,CUST_00935,44.22290907061101,2.583333333333333,11.61290322580645,3,4,4,11,0.7243294990623301,0.2756705009376698,695.22,Medium,807.1969615693366,813.7254719308395,693.00323,772.3379787003954,111.9769615693366
31,77,10006.003122924663,2,44,4,9,0.3685742440763715,0.0100021503191767,0,0.1196707022011608,Electronics,East,M,Champions,CUST_00372,129.94809250551512,2.583333333333333,29.806451612903224,5,5,5,15,0.95,0.05,31240.63,Very High,24238.516626273602,21072.83949701638,30279.184,25196.54914469924,7002.113373726399
47,16,636.5713825594943,162,34,2,7,0.3961841264036948,0.1588487152168549,13,0.3374062729877493,Clothing,South,M,At-Risk,CUST_01923,39.78571140996839,3.9166666666666665,4.085106382978724,2,3,3,8,0.5187154533094928,0.4812845466905072,145.95,Low,135.9922681741381,131.41334218436705,132.43282,133.9936004935935,9.957731825861885
10,5,65.59330183250934,214,44,2,3,0.1632597842278088,0.2931610326058583,6,0.657679495939722,Pharmacy,South,M,Hibernating,CUST_02307,13.118660366501867,0.8333333333333334,6.0,1,1,1,3,0.1946000374237173,0.8053999625762827,25.81,Low,30.82583757999291,29.415525153610837,28.198048,29.733722382108915,5.015837579992912
28,172,6328.2181328698725,6,46,3,8,0.6665000536113116,0.0378455408650368,3,0.1267296128115762,Electronics,East,F,Champions,CUST_00594,36.79196588877833,2.333333333333333,73.71428571428571,5,5,5,15,0.8974734387216847,0.1025265612783152,6516.01,Very High,7506.647908245156,27521.561698308262,7196.5054,9611.677644692407,990.6379082451558
27,10,303.4124042960716,144,20,2,6,0.2631383751477599,0.2140187139176649,4,0.4128396647486601,Grocery,West,M,At-Risk,CUST_01911,30.34124042960716,2.25,4.444444444444445,2,2,2,6,0.4653049356382871,0.5346950643617129,114.22,Low,88.4270189255522,88.64052345367502,84.82874,87.37411963605543,25.792981074447795
31,35,2500.0,33,36,3,9,0.8212390191007825,0.1116724112700073,4,0.2178091718229119,Sports,North,F,Growers,CUST_00727,71.42857142857143,2.583333333333333,13.548387096774192,4,4,4,12,0.9035229157677036,0.0964770842322964,2871.06,Very High,2965.9065586630613,1980.8842945917525,2882.855,2712.6861291385694,94.84655866306139
18,28,1406.097757328291,58,47,2,8,0.7790367507103997,0.0505663000525796,5,0.2976480321626031,Clothing,South,F,Growers,CUST_00827,50.217777047438965,1.5,18.666666666666668,4,4,4,12,0.7911622909032594,0.2088377090967406,1334.81,High,1480.5545156308292,1813.4149308954277,1570.9103,1569.4877207928132,145.74451563082926
32,19,659.4072931325959,178,32,1,5,0.3402040640387041,0.1397179232987218,5,0.3273449999491639,Grocery,East,M,At-Risk,CUST_01675,34.70564700697873,2.6666666666666665,7.125,2,3,3,8,0.4551023974066698,0.5448976025933302,152.13,Low,168.0065376726018,170.14035670358385,162.3494,166.70944192394396,15.876537672601813
24,49,2500.0,54,52,2,8,0.6367174516168468,0.1276281664018292,2,0.201983842763574,Clothing,West,F,Growers,CUST_00688,51.02040816326531,2.0,24.5,4,4,4,12,0.8753006360587845,0.1246993639412155,2737.58,Very High,3077.262678141243,2572.177001949097,3156.3052,2991.5523608079993,339.6826781412433
31,14,378.7454307890608,131,27,2,7,0.5109439313747568,0.295410371890847,5,0.4676272399372281,Grocery,East,F,At-Risk,CUST_02216,27.053245056361483,2.583333333333333,5.419354838709677,2,3,2,7,0.5945191451433736,0.4054808548566264,119.51,Low,108.30838334563009,119.419157714691,122.15264,114.50452395449089,11.201616654369914
58,75,7601.633827081304,13,51,3,8,0.5419946840898735,0.0609859598037752,1,0.1059906193491326,Luxury,North,M,Champions,CUST_00137,101.3551176944174,4.833333333333333,15.517241379310343,5,5,5,15,0.95,0.05,9549.81,Very High,11748.825774650804,6209.34502699117,11631.886,10311.052072206136,2199.015774650805
16,7,200.0,213,62,2,1,0.211969394399688,0.3538234228880225,16,0.8862925150422047,Pharmacy,West,M,Hibernating,CUST_02765,28.571428571428573,1.3333333333333333,5.25,1,2,2,5,0.2890659692389742,0.7109340307610257,71.31,Low,71.06016820242036,62.796750630977165,71.86073,69.559493744028,0.24983179757964535
25,57,1956.779596820932,71,32,3,7,0.6978403179115577,0.1190206665020802,4,0.1566923883376916,Clothing,North,F,Growers,CUST_00629,34.32946661089354,2.083333333333333,27.36,3,5,4,12,0.7960044451164251,0.2039955548835749,1680.59,High,1641.8784706389768,1746.2815650860769,1711.9707,1683.2258005638669,38.71152936102317
53,84,9259.446147743416,2,54,4,8,0.7262737106229853,0.052063840396136,2,0.0270986311966954,Luxury,South,M,Champions,CUST_00335,110.2315017588502,4.416666666666667,19.0188679245283,5,5,5,15,0.9162725555377348,0.0837274444622652,8323.6,Very High,9068.957816687953,8516.609369290436,8617.674,8819.605010212123,745.3578166879524
59,150,7426.234545506152,13,63,4,8,0.4569377483612352,0.0223827865576788,4,0.0768922866154799,Luxury,South,M,Champions,CUST_00391,49.50823030337435,4.916666666666667,30.508474576271183,5,5,5,15,0.95,0.05,9966.12,Very High,10726.507659287316,7837.729542300999,9891.286,9832.03622572615,760.3876592873148
22,5,118.85113462958648,211,20,2,5,0.3551348528040375,0.2449823966827503,15,0.4989440463080201,Pharmacy,South,F,Hibernating,CUST_02310,23.77022692591729,1.8333333333333333,2.7272727272727275,1,1,1,3,0.2857470943774622,0.7142529056225377,33.02,Low,33.367746229589095,27.367567901060575,32.98255,31.96224184617399,0.3477462295890916
6,44,800.0,65,47,3,6,0.6483386367888637,0.0822032205975487,6,0.1479248177904086,Sports,East,F,Growers,CUST_01110,18.181818181818183,0.5,88.0,3,4,3,10,0.691565566961472,0.308434433038528,2123.51,High,1655.4881711108671,2765.39003639853,1998.2192,1940.9365861663327,468.0218288891331
16,13,535.7961208048421,98,31,1,4,0.3522952239521554,0.234635573832126,5,0.4211832324782545,Grocery,North,F,At-Risk,CUST_01738,41.21508621575708,1.3333333333333333,9.75,3,2,3,8,0.4479982736063897,0.5520017263936103,324.05,Medium,305.06888775099316,256.1437113519221,297.8266,292.474652507661,18.981112249006856
18,4,93.9634221679669,184,47,1,4,0.3235639147496119,0.3275198990453183,14,0.502532221454075,Grocery,North,M,Hibernating,CUST_02699,23.490855541991724,1.5,2.6666666666666665,2,1,1,4,0.324834280965224,0.675165719034776,31.43,Low,30.901129123058052,39.97976618950815,29.82018,32.194604769712655,0.5288708769419479
15,57,800.0,24,49,3,6,0.7444259311503325,0.067580988341059,3,0.2299356216093168,Sports,South,F,Growers,CUST_00711,14.035087719298245,1.25,45.6,4,5,3,12,0.8666400600752944,0.1333599399247056,2208.53,High,2353.839379082087,2077.415125581104,2165.102,2238.911202382902,145.3093790820867
24,49,800.0,47,37,2,8,0.6692483253725299,0.0882501730685734,7,0.1830433648828392,Tech,North,M,Growers,CUST_01040,16.3265306122449,2.0,24.5,4,4,3,11,0.7966773938166037,0.2033226061833962,785.33,Medium,782.177199700866,906.979664289729,727.2597,788.2801240477819,3.1528002991340145
23,3,30.70979983729225,333,56,1,1,0.2118140098026965,0.245220645044235,19,0.5030862453571359,Grocery,West,F,Hibernating,CUST_02715,10.236599945764084,1.9166666666666667,1.5652173913043477,1,1,1,3,0.136557560972636,0.863442439027364,5.4,Low,10.221879170098127,20.363982933243296,5.674579,9.921855145350996,4.821879170098127
22,8,800.0,70,26,2,5,0.3459856400014319,0.1208829096946955,12,0.4461091768141228,Grocery,North,F,At-Risk,CUST_01851,100.0,1.8333333333333333,4.363636363636364,3,2,3,8,0.4481687919406634,0.5518312080593366,229.06,Medium,258.95063362334423,270.4112911478259,241.96411,255.94117746459062,29.89063362334423
18,2,164.1662137025111,360,48,1,1,0.3123047800620092,0.3984027835993977,16,0.5057888645121492,Pharmacy,South,M,Hibernating,CUST_02596,82.08310685125555,1.5,1.3333333333333333,1,1,2,4,0.2368829627431796,0.7631170372568203,46.03,Low,60.60352501822863,76.98192998203872,59.110367,63.10419129660934,14.57352501822863
28,19,471.63285040971925,183,69,2,4,0.2281323130737758,0.1026147239210894,5,0.53123684831729,Grocery,East,F,At-Risk,CUST_01562,24.82278160051154,2.333333333333333,8.142857142857142,2,3,2,7,0.5057933389700544,0.4942066610299456,177.78,Low,157.46161706553124,120.88398057940609,163.8723,151.15832691280104,20.318382934468758
22,4,29.80286372402065,291,49,1,4,0.4877177449461419,0.3893429867868306,7,0.7367511775065771,Grocery,South,F,Hibernating,CUST_02758,7.450715931005162,1.8333333333333333,2.181818181818182,1,1,1,3,0.1611971306578591,0.8388028693421408,6.29,Low,10.0914076793252,21.028984733662185,6.550176,10.336509852269606,3.8014076793252007
20,6,800.0,145,33,2,5,0.2374391224506617,0.1445893409867042,11,0.4110075162191362,Clothing,South,M,At-Risk,CUST_01595,133.33333333333334,1.6666666666666667,3.6,2,2,3,7,0.4059767565152452,0.5940232434847548,212.93,Medium,234.4655653826104,268.27307071935223,240.32695,242.65990750869966,21.5355653826104
4,6,91.35344377186384,266,55,1,1,0.4127935414306838,0.3442980918262857,13,0.5117501106755297,Pharmacy,West,F,Hibernating,CUST_02751,15.22557396197731,0.3333333333333333,18.0,1,2,1,4,0.269642664563637,0.7303573354363629,126.9,Low,115.04134680457364,60.303455501737155,127.7088,104.36245718917341,11.85865319542637
35,45,1149.7066271779722,15,44,2,6,0.8520842747738634,0.0595648599556006,2,0.2633579810435905,Sports,South,M,Growers,CUST_01113,25.549036159510493,2.9166666666666665,15.428571428571429,5,4,3,12,0.8608119915314916,0.1391880084685084,736.45,Medium,1193.517746902356,916.5557707290524,774.19885,994.2833809081297,457.067746902356
54,52,12369.283043450578,18,43,4,9,0.3772461020024629,0.075431094084181,0,0.1216025355506387,Luxury,South,F,Champions,CUST_00466,237.87082775866492,4.5,11.555555555555555,5,4,5,14,0.95,0.05,16424.94,Very High,14903.404224141237,17681.156533972797,17740.416,16249.281251227228,1521.5357758587616
43,15,283.65511987332144,191,36,1,5,0.5054340850545969,0.2148855194514552,13,0.3356971464715335,Grocery,West,M,At-Risk,CUST_01561,18.910341324888098,3.583333333333333,4.186046511627906,2,3,2,7,0.5391438776594386,0.4608561223405614,55.05,Low,61.20197322453114,81.37214638199531,56.90913,63.3994700797023,6.15197322453114
30,38,944.4990610672594,40,38,3,6,0.5806913057827713,0.1045239174727618,2,0.1231440167630247,Clothing,North,M,Growers,CUST_01224,24.855238449138405,2.5,15.2,4,4,3,11,0.7989363575184453,0.2010636424815547,672.58,Medium,703.153840817847,688.6302034905341,673.8041,691.3255412473104,30.573840817846985
21,19,384.8904968506082,173,51,2,5,0.3671688822515684,0.2078818922559973,14,0.32665078437772,Clothing,West,F,At-Risk,CUST_01954,20.25739457108464,1.75,10.857142857142858,2,3,2,7,0.5072168668624851,0.4927831331375149,182.15,Low,155.90992088822975,139.54575736928956,166.27312,155.46478987529053,26.240079111770257
22,7,200.0,270,35,1,4,0.1833060754138819,0.3803512785820475,12,0.8756421965615414,Pharmacy,North,M,Hibernating,CUST_02967,28.571428571428573,1.8333333333333333,3.8181818181818175,1,2,2,5,0.2995800991332828,0.7004199008667171,60.49,Low,60.84975228662492,60.6835107963748,56.356018,59.43333196276353,0.35975228662491787
5,1,132.29872288018603,193,71,1,3,0.2753215521608363,0.4349633466137154,12,0.9324567726988552,Pharmacy,South,F,Hibernating,CUST_02349,132.29872288018603,0.4166666666666667,2.4,2,1,1,4,0.3243504629586769,0.6756495370413231,137.81,Low,113.20002195110021,99.74854411604227,138.48557,117.2604771609346,24.60997804889979
33,19,722.3597355382445,168,22,2,6,0.242441942286163,0.1027124191208941,11,0.4215045864071116,Clothing,East,M,At-Risk,CUST_01509,38.018933449381294,2.75,6.909090909090909,2,3,3,8,0.4600249170772152,0.5399750829227847,161.03,Low,175.83810401156447,167.94454894066035,163.16461,170.36441209545993,14.808104011564467
19,19,800.0,57,44,2,8,0.4966913297494125,0.053998612879784,4,0.2567134053133833,Clothing,East,F,Growers,CUST_01105,42.10526315789474,1.5833333333333333,12.0,4,3,3,10,0.7431252366684321,0.2568747633315679,696.37,Medium,682.2832684506649,682.3630342216281,653.9804,673.6821211933159,14.086731549335127
31,7,482.0880556093491,95,26,1,6,0.3917855778337311,0.1809985541832452,5,0.5832169348022087,Clothing,West,F,At-Risk,CUST_01989,68.86972222990701,2.583333333333333,2.7096774193548385,3,2,2,7,0.5176782918945406,0.4823217081054594,130.2,Low,129.24983116982145,130.26988762585313,142.82426,133.39133750472493,0.9501688301785407
83,86,4706.100396960879,18,43,3,8,0.335517444522001,0.0200297021091848,2,0.113428835116017,Electronics,West,M,Champions,CUST_00339,54.72209763907999,6.916666666666667,12.433734939759036,5,5,5,15,0.95,0.05,4574.24,Very High,6065.635147236197,2126.7176615559006,4648.781,4541.4117289060805,1491.3951472361969
43,158,15000.0,2,41,4,8,0.7980788367493894,0.0409474924275804,0,0.0054691576238427,Electronics,South,F,Champions,CUST_00216,94.9367088607595,3.583333333333333,44.093023255813954,5,5,5,15,0.95,0.05,22629.52,Very High,24938.93883830912,36813.704820780906,23621.453,26523.642617800047,2309.4188383091205
13,16,656.9520839165341,79,37,1,5,0.5515820445168094,0.2152775700409397,12,0.5974550662238878,Pharmacy,East,F,At-Risk,CUST_01616,41.05950524478338,1.0833333333333333,14.76923076923077,3,3,3,9,0.6420565470883404,0.3579434529116596,498.81,Medium,514.419687264004,497.08995254231115,547.3916,520.5180480124483,15.60968726400398
42,10,800.0,169,64,2,5,0.5082188179071443,0.2804258384586523,13,0.6143082878919432,Grocery,South,M,At-Risk,CUST_01917,80.0,3.5,2.857142857142857,2,2,3,7,0.3924756841924947,0.6075243158075052,123.96,Low,134.37773744913503,123.49704901291,125.16688,129.34340343148787,10.417737449135032
4,2,200.0,201,31,2,2,0.4341623515532249,0.4402047069279243,9,0.8528253871861395,Pharmacy,West,F,Hibernating,CUST_02515,100.0,0.3333333333333333,6.0,2,1,2,5,0.2650553452085081,0.734944654791492,179.66,Low,185.01276345412128,135.65626020622048,193.96007,176.3703428673619,5.352763454121288
23,3,47.75548182867217,347,22,1,6,0.3605433620204822,0.4305943506949951,6,0.7051646796023525,Pharmacy,East,F,Hibernating,CUST_02805,15.918493942890722,1.9166666666666667,1.5652173913043477,1,1,1,3,0.1807715116512838,0.8192284883487162,11.72,Low,12.441647563910635,24.706723622318936,11.475188,13.964070814126066,0.7216475639106346
32,12,475.69710581382526,183,52,2,6,0.4428347124810202,0.2483354919296665,12,0.5705051571336988,Clothing,South,F,At-Risk,CUST_01593,39.64142548448544,2.6666666666666665,4.5,2,2,2,6,0.438460232444458,0.561539767555542,90.5,Low,104.08304088741819,84.89451443189849,101.42632,99.15736580646792,13.583040887418193
37,15,488.68886568024783,63,62,2,7,0.5007013431565197,0.2444367838718521,10,0.3670134203890698,Pharmacy,West,F,At-Risk,CUST_02241,32.57925771201652,3.083333333333333,4.864864864864865,3,3,2,8,0.5194723399376979,0.4805276600623021,127.97,Low,106.02089814734131,104.2934836672574,103.24339,104.83497267523536,21.949101852658686
28,4,428.47485168162007,106,53,2,7,0.4310782350760619,0.1384125230164425,4,0.5234787855921059,Grocery,North,M,At-Risk,CUST_01685,107.11871292040502,2.333333333333333,1.7142857142857142,3,1,2,6,0.3822295547209764,0.6177704452790236,113.82,Low,111.56583228856982,115.30230196345344,110.96901,112.12284475499534,2.2541677114301706
13,5,200.0,187,44,1,4,0.1706116416210676,0.2374229234411259,11,0.8864450223575133,Grocery,North,F,Hibernating,CUST_02523,40.0,1.0833333333333333,4.615384615384616,2,1,2,5,0.3535291334837881,0.6464708665162118,92.12,Low,102.0577414219955,91.78974939206915,98.09239,98.73611399519766,9.937741421995497
19,20,1228.7489635017298,83,54,3,6,0.5661395351959984,0.1192781506428343,6,0.1481885804717599,Sports,South,F,Growers,CUST_00817,61.43744817508649,1.5833333333333333,12.63157894736842,3,3,4,10,0.5915891613948371,0.4084108386051629,772.75,Medium,756.6789267942295,765.7157714118707,747.17163,755.606196808087,16.071073205770517
25,42,800.0,66,54,2,8,0.6234578939284716,0.1166984861469545,1,0.3290677093358828,Tech,West,F,Growers,CUST_01068,19.047619047619047,2.083333333333333,20.16,3,4,3,10,0.713640836613892,0.286359163386108,524.69,Medium,517.5204707166134,544.1822593097788,505.31427,519.0168208657178,7.169529283386623
12,5,800.0,115,46,1,4,0.3069712290436828,0.2362257902648606,12,0.6688870409257808,Grocery,South,M,At-Risk,CUST_02004,160.0,1.0,5.0,2,1,3,6,0.3543384482268597,0.6456615517731403,414.02,Medium,294.0851366807339,289.9398439457743,410.54327,324.1314707396893,119.93486331926607
24,89,5784.206428085546,28,49,3,10,0.7708459933290153,0.0645661690996844,4,0.0196931958007236,Luxury,West,F,Champions,CUST_00275,64.99108346163534,2.0,44.5,4,5,5,14,0.9446164826698584,0.0553835173301414,17156.4,Very High,11853.015525851359,12755.653000276081,14050.852,12658.022177932091,5303.384474148643
27,18,429.3724717083554,139,34,2,5,0.4811053043225962,0.1599926901762982,9,0.5799294933375312,Grocery,North,F,At-Risk,CUST_02245,23.854026206019743,2.25,8.0,2,3,2,7,0.4779970613480039,0.5220029386519961,150.84,Low,142.56922306952126,105.36385246027936,142.00146,134.0490932684456,8.270776930478746
7,32,800.0,38,36,3,7,0.5248401939902556,0.1323985058451712,5,0.2183825407116195,Sports,North,M,Growers,CUST_00866,25.0,0.5833333333333334,54.85714285714285,4,4,3,11,0.7934803223898083,0.2065196776101917,2406.55,High,2278.5681160229715,2244.2166407363984,2427.557,2315.233972685362,127.9818839770287
46,179,2626.993010759223,3,62,3,9,0.3917210982017172,0.0612040451792181,2,0.0185174798715532,Luxury,East,M,Champions,CUST_00102,14.675938607593425,3.8333333333333335,46.69565217391304,5,5,5,15,0.95,0.05,5610.95,Very High,7947.519382893552,8272.07840853898,5650.3535,7232.063669065516,2336.569382893552
39,5,616.3347783607929,122,69,2,6,0.4128071276447757,0.1065908350229276,6,0.5319623753129398,Grocery,North,M,At-Risk,CUST_01502,123.2669556721586,3.25,1.5384615384615383,2,1,3,6,0.3469734743641949,0.6530265256358051,71.03,Low,101.877468769082,122.31096337880982,76.93781,97.14879238556445,30.847468769082
20,11,523.3306201969242,129,40,2,7,0.3206482948341332,0.2250785040860613,10,0.4119751086521067,Grocery,South,M,At-Risk,CUST_02150,47.57551092699311,1.6666666666666667,6.6,2,2,3,7,0.3955974937342529,0.604402506265747,184.54,Low,206.06301845177535,165.2338682881149,194.28952,193.7147620937377,21.523018451775357
78,185,6923.055730929374,24,57,4,8,0.5124254214340435,0.0684463043986082,0,0.0734678801982361,Electronics,West,F,Champions,CUST_00172,37.421922869888505,6.5,28.46153846153846,4,5,5,14,0.8973227173853787,0.1026772826146212,2865.62,Very High,4136.062261951205,3619.4889074742605,2946.7295,3637.696092457903,1270.4422619512052
68,96,15000.0,8,61,4,9,0.7017688297313016,0.0544790049803336,4,0.0994966064256002,Home,East,F,Champions,CUST_00108,156.25,5.666666666666667,16.941176470588236,5,5,5,15,0.95,0.05,18457.87,Very High,16393.928864222486,14503.174866999052,18304.496,16534.901288360226,2063.9411357775134
36,19,425.6299818284016,135,33,2,7,0.3499334794308638,0.2461961050286456,11,0.4373725527158998,Grocery,East,F,At-Risk,CUST_01863,22.401577990968505,3.0,6.333333333333333,2,3,2,7,0.5683450345008646,0.4316549654991354,128.04,Low,112.66809179469007,101.78304532051209,124.81237,113.84725074525271,15.371908205309921
18,15,543.1806012970952,190,66,2,4,0.2013967034411881,0.1078523842073148,10,0.4638226565582606,Grocery,South,M,At-Risk,CUST_01522,36.21204008647302,1.5,10.0,2,3,3,8,0.5533783060328978,0.4466216939671021,368.36,Medium,305.3690131261439,302.75974134638005,342.0533,315.4003506185136,62.990986873856116
7,3,49.7797728636418,244,19,1,3,0.3127941981910183,0.3480548408965781,6,0.7300727181918336,Grocery,South,F,Hibernating,CUST_02988,16.593257621213933,0.5833333333333334,5.142857142857142,1,1,1,3,0.2346693351899509,0.7653306648100491,33.9,Low,35.09778709034716,35.903536742382414,36.053043,35.542736821763725,1.1977870903471626
16,17,525.2927232667379,97,46,1,6,0.4636902351603477,0.1445822357659328,4,0.6549930068272688,Clothing,East,F,At-Risk,CUST_02203,30.899571956866936,1.3333333333333333,12.75,3,3,3,9,0.5460665361968053,0.4539334638031946,280.73,Medium,330.1752989266492,353.8633572408743,293.05655,323.01899182162083,49.44529892664917
26,16,565.9738126348287,101,32,2,7,0.5188712233045245,0.2552555509917995,5,0.4758461002672215,Pharmacy,South,F,At-Risk,CUST_02055,35.3733632896768,2.1666666666666665,7.384615384615385,3,3,3,9,0.5862583296725872,0.4137416703274128,217.83,Medium,227.27518578370245,293.8630681812762,220.75046,237.1841270036608,9.445185783702442
14,5,484.5769729983432,111,31,2,4,0.3058069639867397,0.2229058266528114,13,0.3994783762668019,Pharmacy,East,M,At-Risk,CUST_01765,96.91539459966864,1.1666666666666667,4.285714285714286,3,1,2,6,0.3888856663155048,0.6111143336844951,205.53,Medium,200.2233282496964,157.18449452969872,223.39862,197.14267430047983,5.306671750303593
22,11,411.13469741524,60,39,1,7,0.3050872070732733,0.1043802151852735,8,0.5309114721513498,Grocery,East,F,At-Risk,CUST_02034,37.37588158320363,1.8333333333333333,6.0,4,2,2,8,0.6709242516301737,0.3290757483698263,276.22,Medium,215.1875382095732,242.41005097679457,264.12985,234.35348465552073,61.03246179042682
13,16,235.5166567122229,140,68,1,7,0.2956070586826036,0.1581485441608328,9,0.4029474919512933,Pharmacy,East,M,At-Risk,CUST_01963,14.719791044513933,1.0833333333333333,14.76923076923077,2,3,2,7,0.4880567804410181,0.5119432195589819,147.08,Low,142.9147850389684,153.48248960239357,147.58856,146.3751294079632,4.165214961031609
28,18,562.5245092580386,101,24,2,4,0.5625788527576173,0.1171545512174576,3,0.3746726179268523,Grocery,North,M,At-Risk,CUST_02251,31.25136162544659,2.333333333333333,7.7142857142857135,3,3,3,9,0.6626721411538806,0.3373278588461194,254.76,Medium,249.75329359885956,331.2164923518794,251.7327,264.8924614733648,5.006706401140434
2,5,151.98058909597268,331,46,1,6,0.4522835328797807,0.3277430928899765,4,0.8587192179144855,Grocery,East,M,Hibernating,CUST_02341,30.396117819194536,0.1666666666666666,30.0,1,1,1,3,0.1714650664734457,0.8285349335265542,422.76,Medium,358.58885862582304,71.46582286619338,424.40128,273.51712628384263,64.17114137417695
17,1,145.4263885752004,296,55,2,4,0.3810348226207939,0.3718690585050244,18,0.6583852493042948,Grocery,East,F,Hibernating,CUST_02576,145.4263885752004,1.4166666666666667,0.7058823529411764,1,1,1,3,0.175455802116962,0.8245441978830379,43.11,Low,41.240131275696854,52.636188407017386,42.75206,43.77687325832338,1.8698687243031458
30,6,800.0,111,46,1,4,0.5254495292552965,0.2983713590495417,4,0.4992894961072907,Clothing,West,M,At-Risk,CUST_01925,133.33333333333334,2.5,2.4,3,2,3,8,0.5240727052906571,0.4759272947093429,208.17,Medium,204.0497025701404,337.5561257069456,214.42842,229.06291345643615,4.1202974298595905
29,73,15000.0,22,38,4,8,0.7014054674122503,0.0502751421190369,1,0.0638258488907764,Luxury,East,M,Champions,CUST_00296,205.4794520547945,2.4166666666666665,30.20689655172414,5,5,5,15,0.95,0.05,43039.49,Very High,31853.2871612171,53838.38616423795,44038.05,38989.19494966794,11186.202838782898
29,54,2178.5528057264905,33,40,2,6,0.5699135123367245,0.0567552882977534,3,0.212370491296357,Clothing,East,M,Growers,CUST_00713,40.34357047641649,2.4166666666666665,22.344827586206897,4,4,4,12,0.7894111435366062,0.2105888564633937,1317.68,High,1436.5254715820383,1638.714057758912,1477.8264,1487.4580462382717,118.84547158203827
67,51,15000.0,2,30,4,8,0.6028189446617057,0.0528957084875557,1,0.1112440931177833,Electronics,North,F,Champions,CUST_00073,294.11764705882354,5.583333333333333,9.134328358208956,5,4,5,14,0.7718616069069402,0.2281383930930598,4188.92,Very High,4134.017707160786,14376.640479842183,4234.725,5342.853922523881,54.90229283921417
18,11,763.8073815949059,107,52,1,4,0.4844508029786277,0.1505838826627936,3,0.5971214982621194,Pharmacy,North,M,At-Risk,CUST_01953,69.437034690446,1.5,7.333333333333333,3,2,3,8,0.4217908298830556,0.5782091701169443,357.95,Medium,331.8963008745659,267.12099652759287,352.99142,323.727078860351,26.053699125434093
32,9,265.3666299038033,130,65,2,5,0.3277709434338159,0.2755847224466654,6,0.4576760347056531,Pharmacy,East,M,At-Risk,CUST_02270,29.48518110042259,2.6666666666666665,3.375,2,2,2,6,0.4148980778082228,0.5851019221917771,49.91,Low,62.565961302858724,66.70142830800421,55.025097,60.97930062440656,12.655961302858728
19,7,53.99317848496713,203,61,1,6,0.4589446495881844,0.3096948338576678,8,0.7735836116215669,Grocery,North,F,Hibernating,CUST_02562,7.713311212138161,1.5833333333333333,4.421052631578948,2,2,1,5,0.3262601986609116,0.6737398013390884,14.08,Low,21.413642421405182,42.79835573452573,14.806749,22.078127318252665,7.333642421405182
13,1,163.9851207253547,232,21,2,2,0.2693980155311473,0.2462452839929336,11,0.789620008682689,Pharmacy,East,M,Hibernating,CUST_02886,163.9851207253547,1.0833333333333333,0.9230769230769232,1,1,2,4,0.1567218586801793,0.8432781413198206,63.29,Low,76.77472736294156,92.3200314497311,76.82195,79.67609655192496,13.484727362941562
49,101,3470.455758494074,19,64,4,10,0.5506378223128647,0.0718291520998356,2,0.025374284076363,Electronics,North,M,Champions,CUST_00482,34.36094810390172,4.083333333333333,24.734693877551024,5,5,5,15,0.95,0.05,5302.15,Very High,7321.777574351671,4773.4526256113995,5534.2803,6180.082483197079,2019.6275743516717
45,18,361.07465605421504,130,30,2,7,0.5704928277403258,0.2542473333235699,10,0.6740466973996629,Grocery,East,F,At-Risk,CUST_02219,20.059703114123057,3.75,4.8,2,3,2,7,0.3775316377126769,0.622468362287323,54.4,Low,58.23821942734778,50.93392941823481,54.172318,55.48168358039457,3.8382194273477808
28,17,429.6401015670469,181,41,2,4,0.4895946999895001,0.1351922637321971,4,0.5320026301409461,Grocery,North,M,At-Risk,CUST_01531,25.27294715100276,2.333333333333333,7.285714285714286,2,3,2,7,0.4810137105337272,0.5189862894662727,130.29,Low,136.80964201107523,111.42076879972429,124.80607,127.74181030458487,6.519642011075234
47,7,395.67348268835536,110,55,2,4,0.215680599633011,0.1436118569546493,7,0.5965963703947234,Clothing,South,F,At-Risk,CUST_02116,56.52478324119362,3.9166666666666665,1.7872340425531916,3,2,2,7,0.4417595721069865,0.5582404278930135,45.92,Low,66.22832276120198,72.06778544270615,48.859024,61.494885435099604,20.30832276120198
33,19,358.7303018079989,116,40,1,5,0.3155814262112144,0.2584704125412311,4,0.6244315122362036,Pharmacy,South,F,At-Risk,CUST_01515,18.880542200420997,2.75,6.909090909090909,2,3,2,7,0.4250410141049625,0.5749589858950375,88.07,Low,84.23306028029921,75.1207374729265,86.16426,82.88922600371296,3.83693971970078
22,3,144.0044637037769,315,34,2,3,0.1293675296338512,0.4516599097293188,17,0.6415846510518687,Pharmacy,North,F,Hibernating,CUST_02961,48.00148790125897,1.8333333333333333,1.6363636363636365,1,1,1,3,0.159890778039097,0.840109221960903,27.46,Low,33.311831923584634,27.333004272296964,28.906927,30.68925473950267,5.851831923584633
25,13,2500.0,41,53,2,9,0.8662027480733091,0.1346644064332678,2,0.2366485658743111,Tech,North,M,Growers,CUST_01491,192.30769230769232,2.083333333333333,6.239999999999999,4,2,4,10,0.5465395537465284,0.4534604462534716,923.11,High,911.7431238182462,1357.053713386732,926.0238,991.8531233977762,11.36687618175381
27,31,989.0984494931752,63,54,3,8,0.7663844174999512,0.1059886156126737,3,0.1276253378069225,Clothing,East,M,Growers,CUST_01172,31.90640159655404,2.25,13.77777777777778,3,4,3,10,0.723474010899615,0.2765259891003849,504.0,Medium,540.7460067718151,496.2672143249087,515.2379,523.8930519712738,36.74600677181513
16,2,69.93650038529853,283,60,1,2,0.1903089050789867,0.2377649716868783,10,0.6969367644242482,Grocery,North,F,Hibernating,CUST_02453,34.968250192649265,1.3333333333333333,1.5,1,1,1,3,0.2598263393341442,0.7401736606658558,22.83,Low,25.99446452500522,34.17384538697247,23.807117,26.74944052648587,3.164464525005222
12,6,113.7126814527286,245,74,1,6,0.4861031324620848,0.4691293793619216,17,0.8631840464253873,Grocery,South,M,Hibernating,CUST_02430,18.952113575454767,1.0,6.0,1,2,1,4,0.2817786574194468,0.7182213425805531,71.44,Low,55.12116121589291,40.60082488822442,66.21326,54.79820170861588,16.318838784107086
16,13,800.0,94,65,2,7,0.363218106886027,0.2685443320086318,12,0.3786265506840829,Grocery,West,F,At-Risk,CUST_02074,61.53846153846154,1.3333333333333333,9.75,3,2,3,8,0.4701937110476581,0.5298062889523418,415.82,Medium,373.1967805937847,306.31369698349727,422.26782,372.29401003258664,42.6232194062153
31,14,363.3368897846995,168,22,2,5,0.3853437225590539,0.294862737401057,3,0.6793600701381697,Clothing,East,M,At-Risk,CUST_02217,25.952634984621398,2.583333333333333,5.419354838709677,2,3,2,7,0.479289749942105,0.520710250057895,108.28,Low,97.4769755493174,97.13351724426096,103.61746,99.21024030577246,10.8030244506826
38,13,656.9243158790368,131,45,2,7,0.4859162313751229,0.271497511444747,5,0.3411547230994021,Grocery,South,M,At-Risk,CUST_02272,50.532639683002834,3.1666666666666665,4.105263157894737,2,2,3,7,0.3445906446030768,0.6554093553969231,113.32,Low,118.43614560285945,99.90228336488698,112.228004,112.64079456454853,5.116145602859461
35,72,12085.151368353889,8,48,4,9,0.4641165528391697,0.0542677379525856,0,0.1482186113931953,Electronics,North,M,Champions,CUST_00406,167.84932456047065,2.9166666666666665,24.685714285714287,5,5,5,15,0.935562905219016,0.0644370947809839,24699.47,Very High,19778.145696062045,25127.428351963004,24529.645,22132.471655058303,4921.324303937956
11,22,921.8282451986609,32,27,3,7,0.8342312894737353,0.1444965208986137,5,0.1214160485117432,Tech,East,F,Growers,CUST_00758,41.9012838726664,0.9166666666666666,24.0,4,3,3,10,0.617722277355333,0.382277722644667,980.21,High,1127.20269370584,755.5601589262745,1057.8439,1020.9081442104645,146.99269370583988
46,14,267.1632926413831,76,65,2,5,0.3260083012858763,0.1456865965505957,3,0.4466882760512991,Pharmacy,East,M,At-Risk,CUST_01957,19.083092331527364,3.8333333333333335,3.652173913043478,3,3,2,8,0.5335239520840913,0.4664760479159087,54.33,Low,61.75525125233321,80.62122664801953,52.947357,62.208682344302034,7.4252512523332115
35,6,342.68530481544855,195,55,2,4,0.409870185204502,0.1664508636378768,10,0.3815849269235066,Pharmacy,North,F,At-Risk,CUST_02185,57.114217469241424,2.9166666666666665,2.0571428571428574,2,2,2,6,0.4815995503556315,0.5184004496443685,93.66,Low,81.21434466473288,91.55366773095723,89.991844,85.78671742320137,12.44565533526712
19,19,335.9769967010304,147,46,2,5,0.4252447017613411,0.2615955698228279,12,0.4940411935756261,Grocery,West,M,At-Risk,CUST_01952,17.68299982637002,1.5833333333333333,12.0,2,3,2,7,0.4654789482318271,0.5345210517681729,142.24,Low,136.55371530235564,127.59127196322845,145.50375,137.30347482608576,5.686284697644368
71,183,8124.320937664223,16,49,4,9,0.5425473299897701,0.0715531150974931,2,0.0787574010368076,Home,East,F,Champions,CUST_00098,44.39519638067881,5.916666666666667,30.92957746478873,5,5,5,15,0.8529185764118119,0.1470814235881881,4603.46,Very High,4545.904323324444,5799.229237029112,3462.6123,4398.524292156376,57.55567667555624
21,24,959.2037712056588,77,26,3,9,0.8224570425091267,0.0839076848386886,2,0.2055879681751836,Clothing,South,M,Growers,CUST_01334,39.96682380023578,1.75,13.714285714285714,3,3,3,9,0.5706471530759496,0.4293528469240504,516.06,Medium,511.2831039824159,380.4217887511574,487.22452,475.0165196038776,4.776896017584022
9,3,50.68434180636874,291,64,2,3,0.4365792102332241,0.3981408387106351,11,0.4976862327879171,Pharmacy,South,M,Hibernating,CUST_02390,16.894780602122914,0.75,4.0,1,1,1,3,0.1204792731619589,0.8795207268380411,22.67,Low,26.3749735540803,28.037791480026815,23.044434,25.64243715248079,3.704973554080297
30,12,1292.21341488461,58,33,3,8,0.8685441990532481,0.0946477907683081,1,0.3123794165481695,Clothing,South,M,Growers,CUST_00744,107.68445124038418,2.5,4.8,4,2,4,10,0.6029742469998581,0.3970257530001418,443.75,Medium,523.7799128228127,770.8898386172796,438.89536,536.6560063382914,80.02991282281266
20,36,1259.7597223993623,42,52,3,6,0.7421143554440128,0.1200613818407538,5,0.1237330023914045,Tech,South,F,Growers,CUST_00807,34.99332562220452,1.6666666666666667,21.6,4,4,4,12,0.7975823172381498,0.2024176827618502,1387.16,High,1356.8346255683803,1704.0678732547692,1287.8802,1398.0574237361689,30.32537443161982
23,2,52.09412277241166,181,52,2,6,0.4654560347160222,0.3977396611523619,12,0.4594333785381824,Pharmacy,South,M,Hibernating,CUST_02770,26.04706138620583,1.9166666666666667,1.0434782608695652,2,1,1,4,0.3027942818846027,0.6972057181153972,13.74,Low,19.681199064025893,33.36150908457156,13.740217,19.680140132243373,5.941199064025893
27,6,311.2563174398334,151,36,2,4,0.4592193493912274,0.2360472392566222,5,0.6544480045852656,Grocery,West,F,At-Risk,CUST_01897,51.8760529066389,2.25,2.6666666666666665,2,2,2,6,0.3979636960627408,0.6020363039372592,89.15,Low,86.8767662847423,82.56427417448839,87.235054,86.10307917367604,2.273233715257703
12,4,45.219863302753225,295,23,1,6,0.3202454830978435,0.4722854314635463,19,0.8295628149304266,Grocery,West,F,Hibernating,CUST_02500,11.304965825688306,1.0,4.0,1,1,1,3,0.1813644847690125,0.8186355152309874,21.79,Low,20.088255761994883,28.842238607282898,20.05155,21.592893370159917,1.7017442380051158
17,15,241.78230274165327,118,57,1,7,0.2596744136253859,0.2252112676858648,6,0.3873823709741303,Pharmacy,South,M,At-Risk,CUST_01536,16.118820182776883,1.4166666666666667,10.588235294117649,2,3,2,7,0.4272051939230006,0.5727948060769994,85.05,Low,103.72520307886496,110.46996954968195,91.500015,101.16443153583174,18.675203078864968
28,5,748.2823310969225,90,61,2,5,0.2388455470054635,0.2915832173680786,9,0.3751590079777607,Pharmacy,West,F,At-Risk,CUST_02051,149.6564662193845,2.333333333333333,2.142857142857143,3,1,3,7,0.3962672964014288,0.6037327035985711,225.3,Medium,194.78140520350993,251.58216872476177,216.82475,211.7151612900664,30.518594796490078
12,15,660.1555986001015,127,54,2,6,0.2452353155723312,0.2328157475684146,6,0.6922162594722774,Grocery,North,F,At-Risk,CUST_02011,44.01037324000677,1.0,15.0,2,3,3,8,0.5509462294567847,0.4490537705432152,477.59,Medium,429.7659135416669,360.77734890420294,502.69528,434.97276460209787,47.824086458333056
35,97,15000.0,23,31,4,8,0.3701622590967575,0.058163188995189,0,0.1078867800863747,Luxury,East,F,Champions,CUST_00149,154.63917525773195,2.9166666666666665,33.25714285714286,5,5,5,15,0.95,0.05,32921.74,Very High,28895.968242920775,41174.66318816921,33543.926,32436.12390422328,4025.771757079223
13,3,115.28110852910396,284,36,1,6,0.1965443419388285,0.2715949070698561,8,0.7623673780777903,Grocery,South,F,Hibernating,CUST_02555,38.427036176367984,1.0833333333333333,2.7692307692307696,1,1,1,3,0.1881004336346997,0.8118995663653004,41.93,Low,45.04066486819534,32.90363913181912,43.897884,41.98212073208622,3.110664868195343
26,17,432.07872643438367,92,60,1,7,0.4511459079775475,0.2480788060015742,7,0.6204011590542371,Grocery,South,F,At-Risk,CUST_02054,25.416395672610804,2.1666666666666665,7.846153846153847,3,3,2,8,0.5935195027358157,0.4064804972641843,193.85,Low,174.33618619827524,166.80205110106414,193.43932,178.27943748517754,19.51381380172475
21,13,303.5273927030684,117,49,2,5,0.4667689033863493,0.1871215955100345,7,0.5564265415227152,Grocery,South,F,At-Risk,CUST_01903,23.348260977159104,1.75,7.428571428571429,2,2,2,6,0.4250213589544447,0.5749786410455553,101.43,Low,109.29902152702432,89.84910304551732,107.66727,104.62813212203028,7.869021527024316
14,34,1069.976606291294,71,44,3,7,0.6589535803201431,0.1188110399250651,1,0.3067875488759692,Clothing,West,F,Growers,CUST_01316,31.46990018503806,1.1666666666666667,29.142857142857142,3,4,3,10,0.7746620779736052,0.2253379220263948,1289.54,High,1271.1514216585424,1013.0549985934211,1407.7401,1252.519216747871,18.38857834145756
10,16,1457.8923927354256,75,36,3,6,0.47127812856747,0.1361944091580991,7,0.1453717812146746,Sports,East,M,Growers,CUST_00693,91.1182745459641,0.8333333333333334,19.2,3,3,4,10,0.5756851694747727,0.4243148305252273,1354.15,High,1529.702436760379,1189.2781603879641,1396.2615,1415.3102101309591,175.5524367603789
6,57,1424.631759223098,64,28,3,7,0.4494365144381514,0.1473280151633408,2,0.1820258689604554,Sports,North,F,Growers,CUST_00819,24.993539635492947,0.5,114.0,3,5,4,12,0.8346325658475169,0.1653674341524831,4607.2,Very High,3829.657231129752,12965.001990959456,4719.847,5203.797771741801,777.542768870248
17,7,267.8921525371511,154,63,2,7,0.3410579686228392,0.29919481170293,5,0.5269631741214079,Grocery,South,F,At-Risk,CUST_01729,38.2703075053073,1.4166666666666667,4.941176470588235,2,2,2,6,0.3588590367237806,0.6411409632762194,90.98,Low,90.80595484195374,91.6150871203418,92.16951,91.37488771301255,0.17404515804626897
6,51,1814.0480611533224,88,46,3,7,0.6629248181319067,0.1081987520950358,2,0.3467259166088139,Clothing,South,F,Growers,CUST_01387,35.569569826535734,0.5,102.0,3,4,4,11,0.7164924495132751,0.2835075504867249,3719.04,Very High,2959.784524181854,8091.121437009078,3725.18,3877.779617683899,759.2554758181459
43,16,200.0,125,65,2,7,0.2176034061547004,0.2220306167798277,14,0.4398402015224066,Grocery,East,M,At-Risk,CUST_02282,12.5,3.583333333333333,4.465116279069767,2,3,2,7,0.5485302088309185,0.4514697911690815,41.56,Low,49.648829304298545,72.07203538582858,42.334106,51.00964583530115,8.088829304298542
7,1,38.042786131170296,323,42,1,1,0.1895056081630793,0.2180067803373825,6,0.6052440740528809,Grocery,North,F,Hibernating,CUST_02734,38.042786131170296,0.5833333333333334,1.7142857142857142,1,1,1,3,0.1354569696726101,0.8645430303273898,29.17,Low,31.850220256028386,34.35148712715701,28.671062,31.333343805157476,2.6802202560283845
16,10,283.7861777014418,175,34,2,6,0.2319770840733436,0.290264356582368,12,0.30927496063462,Pharmacy,South,F,At-Risk,CUST_01600,28.378617770144174,1.3333333333333333,7.5,2,2,2,6,0.3737427638990891,0.6262572361009109,129.26,Low,118.18561921580623,99.59099563534194,125.11503,116.18009271747145,11.074380784193764
13,4,127.42019198367552,231,40,2,3,0.4398770613241042,0.2178608196602451,8,0.9758623086760728,Grocery,West,F,Hibernating,CUST_02611,31.85504799591888,1.0833333333333333,3.692307692307693,1,1,1,3,0.2477391548347501,0.7522608451652499,66.08,Low,53.69856620786259,33.98304882394988,63.576714,51.57536536178003,12.381433792137408
7,3,82.54335233583211,331,40,1,5,0.419135693911483,0.2179048995378738,18,0.5006523735193218,Pharmacy,West,M,Hibernating,CUST_02458,27.514450778610705,0.5833333333333334,5.142857142857142,1,1,1,3,0.2308080615257397,0.7691919384742603,75.19,Low,61.497085835361,43.25974659032993,68.96682,59.339172485460004,13.692914164639
6,56,875.4349692565921,31,29,3,9,0.7422375509392389,0.0600286472478905,4,0.2720711675920019,Clothing,West,M,Growers,CUST_00702,15.632767308153433,0.5,112.0,4,4,3,11,0.8517973070157427,0.1482026929842572,3819.71,Very High,3017.77397905855,7857.873319147445,3819.0881,3921.919253815993,801.9360209414499
28,5,800.0,187,51,2,5,0.5156097767816947,0.2719525989178686,8,0.3744520264433538,Grocery,North,F,At-Risk,CUST_01879,160.0,2.333333333333333,2.142857142857143,2,1,3,6,0.3424219823227033,0.6575780176772967,183.01,Low,169.4960479139089,217.50318268535955,183.68872,182.5189188034934,13.51395208609108
1,7,132.80414300145222,344,33,2,1,0.4108638785039317,0.2822687513075678,8,0.4139273844702786,Grocery,West,F,Hibernating,CUST_02657,18.972020428778887,0.0833333333333333,84.0,1,2,1,4,0.2829448236041647,0.7170551763958353,774.08,Medium,442.37675315688045,273.92280129217517,750.75305,471.1187156027237,331.7032468431196
31,19,1321.72974151548,15,32,3,9,0.4365293230163907,0.065367430621362,7,0.2020666934816064,Clothing,North,M,Growers,CUST_00922,69.56472323765685,2.583333333333333,7.354838709677419,5,3,4,12,0.9099595074197346,0.0900404925802653,1440.34,High,1944.8561675162712,1698.2479529130542,1582.5403,1779.3094322203658,504.51616751627125
20,15,1236.6718573872126,27,54,3,7,0.7653360061199379,0.1329490673004909,1,0.2648992067647037,Sports,North,M,Growers,CUST_01425,82.44479049248085,1.6666666666666667,9.0,4,3,4,11,0.7068454995376697,0.2931545004623302,738.04,Medium,923.1047598127392,1187.109668452463,1004.2337,995.579659790127,185.06475981273923
38,17,200.0,114,25,1,4,0.4903748855999156,0.2458415178459626,6,0.3956455037439265,Pharmacy,East,M,At-Risk,CUST_01709,11.764705882352942,3.1666666666666665,5.368421052631579,2,3,2,7,0.34721455254279,0.65278544745721,33.02,Low,53.64299463457638,51.13974621883728,44.832474,50.35148785912967,20.62299463457638
23,47,1036.2914589651334,62,42,3,6,0.5262212315139838,0.1056419131112149,7,0.1402909219740402,Sports,North,M,Growers,CUST_00906,22.048754446066667,1.9166666666666667,24.52173913043478,4,4,3,11,0.785882681381135,0.2141173186188649,861.17,High,861.5703747939758,976.7796340838598,793.27496,861.8528243010151,0.40037479397585685
83,165,15000.0,22,49,4,8,0.3468882631285082,0.0114653882478713,0,0.0765690197019662,Home,East,F,Champions,CUST_00455,90.9090909090909,6.916666666666667,23.855421686746983,5,5,5,15,0.95,0.05,16393.34,Very High,14278.332894976826,11010.738416019416,16190.8545,14076.129844366615,2115.0071050231745
38,9,482.1927626725399,175,46,2,4,0.3053611955225539,0.1063254901369299,13,0.3586393654251424,Grocery,West,F,At-Risk,CUST_02186,53.57697363028221,3.1666666666666665,2.8421052631578947,2,2,2,6,0.4397624583683639,0.5602375416316361,101.98,Low,95.90118488178057,76.28480410985091,99.3157,92.5823744445308,6.078815118219438
16,3,129.80524051390134,202,47,1,6,0.1993014126084999,0.3696217275323207,14,0.5282910468159443,Pharmacy,North,F,Hibernating,CUST_02305,43.26841350463378,1.3333333333333333,2.25,2,1,1,4,0.2774407342400934,0.7225592657599065,36.16,Low,42.70471477060369,43.061135961866036,47.425697,44.14379460905088,6.54471477060369
37,15,505.22656326116834,158,49,2,4,0.5649960538328191,0.2090401470307127,4,0.3984219368123721,Clothing,South,F,At-Risk,CUST_01772,33.68177088407789,3.083333333333333,4.864864864864865,2,3,2,7,0.5549484997909568,0.4450515002090431,139.29,Low,107.53980487095623,104.57844678367306,110.51903,107.82139217169477,31.75019512904376
26,119,8378.890192638328,6,51,4,10,0.4011270902622674,0.0521714609376611,4,0.0288035053704516,Electronics,West,F,Champions,CUST_00168,70.41084195494393,2.1666666666666665,54.92307692307693,5,5,5,15,0.95,0.05,27805.22,Very High,23525.889955406667,27203.84170927581,28536.766,25663.77810385977,4279.330044593335
8,47,1910.3768177445943,64,36,3,8,0.8821688841055029,0.0712624749363507,2,0.3240038807404055,Tech,South,F,Growers,CUST_00731,40.64631527116158,0.6666666666666666,70.5,3,4,4,11,0.649995476926497,0.350004523073503,3146.4,Very High,3037.530870676815,3647.3119625071367,3077.4448,3163.0964717752445,108.869129323185
30,14,800.0,61,54,2,5,0.3408299091782588,0.2379891821227114,12,0.6370561248859471,Grocery,West,M,At-Risk,CUST_02189,57.142857142857146,2.5,5.6,4,3,3,10,0.6929813332194287,0.3070186667805713,428.11,Medium,317.89100116476885,449.6427213675774,352.67627,351.5083328583691,110.21899883523116
10,14,800.0,67,37,2,6,0.8077915701176441,0.0578049528399892,7,0.2063388185821709,Tech,South,F,Growers,CUST_01311,57.142857142857146,0.8333333333333334,16.8,3,3,3,9,0.56122332778623,0.43877667221377,749.53,Medium,756.8991124653596,505.94600530706884,759.9722,699.1783826009465,7.369112465359649
25,41,5566.0193748313,19,48,4,10,0.7293821396747361,0.040186370885409,0,0.0725790328296467,Electronics,West,M,Champions,CUST_00027,135.7565701178366,2.083333333333333,19.68,5,4,5,14,0.9092379323426836,0.0907620676573165,12419.17,Very High,9360.54405211351,10384.898641139063,11320.311,10117.861100553384,3058.6259478864904
15,10,691.795309703707,112,62,2,4,0.2652879863800286,0.162426244698111,11,0.6022645007671774,Clothing,North,M,At-Risk,CUST_02060,69.17953097037069,1.25,8.0,2,2,3,7,0.3609254566382439,0.6390745433617561,265.24,Medium,285.7619651613115,193.01284567992087,276.53394,261.6163227516202,20.52196516131147
29,13,800.0,105,36,2,7,0.297955411790792,0.214689997245304,9,0.6968788612513733,Clothing,South,M,At-Risk,CUST_01653,61.53846153846154,2.4166666666666665,5.379310344827586,3,2,3,8,0.5037217615254531,0.4962782384745469,202.58,Medium,226.16276472602615,234.1205767933715,238.96202,231.52491593287186,23.58276472602614
35,11,577.4978868451017,144,52,2,4,0.4919702431429258,0.146533834005453,6,0.5681223525163008,Grocery,East,M,At-Risk,CUST_01623,52.49980789500924,2.9166666666666665,3.771428571428572,2,2,3,7,0.3863847124504794,0.6136152875495205,120.44,Low,120.50892548677464,117.68227523785784,114.2644,118.03915117320915,0.0689254867746456
63,143,11431.206248927398,25,40,4,9,0.5169219614276221,0.0409283593361368,3,0.0102055971137504,Luxury,North,M,Champions,CUST_00588,79.93850523725453,5.25,27.23809523809524,4,5,5,14,0.8923888372660088,0.1076111627339911,6700.7,Very High,6940.4051067097835,7798.518155481153,6631.8027,7007.845076694427,239.70510670978365
45,18,254.57729502980987,199,29,2,6,0.5903929710385232,0.2407738257879232,7,0.436756046824815,Clothing,South,M,At-Risk,CUST_02017,14.14318305721166,3.75,4.8,2,3,2,7,0.6025470189899049,0.3974529810100951,62.17,Low,62.454202205930784,92.19272765177085,63.333908,67.80794661661459,0.28420220593078227
20,55,1307.031883353736,37,52,2,8,0.7497794797258166,0.1133303326398671,5,0.1458660634922121,Sports,North,M,Growers,CUST_00998,23.76421606097702,1.6666666666666667,33.0,4,4,4,12,0.7819757386646398,0.2180242613353602,1697.59,High,1383.227100073644,2032.9142875492557,1268.5328,1455.6775468567446,314.362899926356
27,17,1347.7707634843746,34,30,2,6,0.736580366390132,0.0890170715271723,7,0.1706247092118351,Tech,East,M,Growers,CUST_01177,79.28063314613968,2.25,7.555555555555555,4,3,4,11,0.6032783456191404,0.3967216543808596,560.6,Medium,636.2795417882782,781.5953131842145,576.3417,643.6178445771162,75.67954178827813
36,14,320.94788257295187,126,63,1,4,0.4121172613858694,0.1416007620850602,13,0.3886656753091973,Grocery,East,M,At-Risk,CUST_01701,22.92484875521085,3.0,4.666666666666667,2,3,2,7,0.5507913072367174,0.4492086927632825,86.05,Low,75.08157622620416,89.81039220877014,79.52437,79.17612931951476,10.968423773795834
14,35,1428.7537523384017,35,45,3,9,0.845902443042551,0.0911160965846349,7,0.1023014168476607,Sports,East,F,Growers,CUST_01041,40.82153578109718,1.1666666666666667,30.0,4,4,4,12,0.8503977950901005,0.1496022049098995,2514.87,Very High,2576.3347302298375,2635.4694132141035,2531.6472,2574.5049866472764,61.46473022983764
67,72,8583.349350935776,14,48,4,9,0.6469747952550784,0.0529779214427662,1,0.1112349162700244,Electronics,East,F,Champions,CUST_00034,119.21318542966355,5.583333333333333,12.8955223880597,5,5,5,15,0.9010529913101588,0.0989470086898413,4213.91,Very High,6040.519110586152,5251.101760630677,5465.526,5700.027929724488,1826.6091105861524
33,18,563.762346564967,164,50,2,4,0.5400415311291615,0.2934090107808726,11,0.353155395681947,Pharmacy,South,F,At-Risk,CUST_01810,31.320130364720384,2.75,6.545454545454546,2,3,3,8,0.4649550189395966,0.5350449810604034,132.65,Low,148.53635814640123,158.74641489673294,134.31136,146.0482698452832,15.886358146401221
7,3,28.988078869135137,222,39,2,1,0.4826106998309064,0.2390683839075609,15,0.43975740435666,Grocery,South,F,Hibernating,CUST_02627,9.66269295637838,0.5833333333333334,5.142857142857142,1,1,1,3,0.2217905278423261,0.7782094721576738,26.23,Low,27.56197953921249,31.840563424253553,18.48417,25.186705938905472,1.3319795392124902
15,51,1177.0478375130017,72,32,2,8,0.8461692351104042,0.069660079681489,6,0.1122104058301859,Clothing,East,F,Growers,CUST_01380,23.079369363000037,1.25,40.8,3,4,3,10,0.7262101630608533,0.2737898369391467,1146.83,High,1237.0375065043272,1121.7878049941257,1125.3915,1179.139388148947,90.20750650432728
39,68,12566.028712310426,8,35,4,9,0.3806814005276918,0.0353791857591366,3,0.0491757298275051,Home,East,F,Champions,CUST_00042,184.79453988691805,3.25,20.923076923076923,5,5,5,15,0.95,0.05,28745.22,Very High,25960.920605561045,24986.699852924263,29397.338,26742.026921613884,2784.2993944389564
42,13,474.7651437888997,157,44,2,6,0.4963823660249481,0.2824496940012881,3,0.6084226283625862,Clothing,South,M,At-Risk,CUST_01792,36.52039567606921,3.5,3.7142857142857135,2,2,2,6,0.4008912689466642,0.5991087310533357,98.15,Low,87.59539220076407,59.20306652486382,89.237686,81.46045265047098,10.554607799235939
34,9,257.4116880271656,183,60,2,5,0.3461383720713307,0.1013017293769219,10,0.3733011542911013,Grocery,North,F,At-Risk,CUST_02190,28.601298669685068,2.833333333333333,3.176470588235294,2,2,2,6,0.3530706063458408,0.6469293936541591,60.65,Low,59.598514083122595,59.56119342539955,60.231583,59.780256675201855,1.0514859168774038
5,7,64.0985015544857,229,53,1,3,0.1488318710460382,0.3960485209143629,9,0.6554111434710603,Grocery,South,F,Hibernating,CUST_02607,9.156928793497956,0.4166666666666667,16.8,1,2,1,4,0.1800075643272156,0.8199924356727843,70.02,Low,69.75554299871602,42.96331883294053,70.30044,63.480144953813735,0.2644570012839722
26,5,495.3400404228533,86,57,2,4,0.5425040675066433,0.2244856304139315,12,0.5405867046766742,Grocery,East,M,At-Risk,CUST_01973,99.06800808457066,2.1666666666666665,2.307692307692308,3,1,2,6,0.5024753659091769,0.4975246340908231,164.99,Low,156.19599383532812,146.57604299725077,165.27019,156.85860627669675,8.794006164671885
26,14,800.0,135,39,2,6,0.5182541168693868,0.2829474119817048,10,0.3111743217829533,Pharmacy,South,M,At-Risk,CUST_02290,57.142857142857146,2.1666666666666665,6.461538461538462,2,3,3,8,0.4515666361146643,0.5484333638853357,187.63,Low,219.44999916188587,199.52579822217749,203.07715,210.36225290546562,31.819999161885875
13,6,270.2272369529551,108,21,2,4,0.228562509402316,0.2152686025963197,14,0.4388698025345156,Clothing,South,M,At-Risk,CUST_01926,45.037872825492514,1.0833333333333333,5.538461538461539,3,2,2,7,0.5088252845032242,0.4911747154967758,161.71,Low,140.77885441820914,171.90250502652776,159.47969,152.10593566516323,20.931145581790872
11,29,1056.881355867446,52,48,2,8,0.5491902567807345,0.1131644489411496,4,0.238235187047313,Sports,West,F,Growers,CUST_00610,36.444184685084345,0.9166666666666666,31.63636363636364,4,4,3,11,0.7920576002170332,0.2079423997829668,1860.59,High,1780.5527718194264,1463.8101457349956,1909.4703,1748.4346450386543,80.03722818057349
32,53,2467.657474137594,28,29,3,9,0.6915501423153998,0.1441875050147252,1,0.2363935866863613,Tech,West,M,Growers,CUST_01133,46.55957498372819,2.6666666666666665,19.875,4,4,4,12,0.8448598776136773,0.1551401223863227,1837.11,High,2026.0428133440007,1767.6472336891454,1871.4226,1925.1092258009312,188.9328133440008
44,199,8254.884705780647,26,51,4,9,0.5196053006248587,0.0135244668878547,0,0.0461518634216922,Luxury,North,F,Champions,CUST_00029,41.48183269236506,3.6666666666666665,54.27272727272727,4,5,5,14,0.905744860674108,0.094255139325892,8677.37,Very High,8384.190720326238,15166.044191451672,8820.116,9584.036940017511,293.1792796737627
76,157,7108.82271547628,9,52,3,9,0.4102521317178235,0.0529546532092568,3,0.0418041473892788,Home,East,M,Champions,CUST_00442,45.279125576282034,6.333333333333333,24.789473684210527,5,5,5,15,0.95,0.05,10466.37,Very High,8366.876038498185,4709.178588988968,9427.391,7730.190999380997,2099.4939615018156
6,3,164.10079322706636,195,24,1,4,0.1167818285162515,0.4276159406814935,9,0.8773386768350736,Grocery,West,M,Hibernating,CUST_02356,54.70026440902212,0.5,6.0,2,1,2,5,0.1682840875995535,0.8317159124004465,173.42,Low,151.89576990451704,79.18404541938168,162.25316,136.0483542923599,21.52423009548295
8,7,85.38313843160952,213,69,1,1,0.3293180749880594,0.2676740741736878,14,0.745282400593852,Grocery,West,M,Hibernating,CUST_02799,12.197591204515646,0.6666666666666666,10.5,1,2,1,4,0.2583330463728873,0.7416669536271127,62.69,Low,56.750311262500894,41.769003665465135,58.435703,53.855131117633555,5.939688737499104
49,103,9798.681614310832,15,64,4,9,0.3557964999786237,0.0434191332636247,2,0.1158228041423757,Home,North,F,Champions,CUST_00494,95.13283120690129,4.083333333333333,25.22448979591837,5,5,5,15,0.95,0.05,18881.06,Very High,16975.77736149429,11873.914068352611,18882.479,16317.428678137903,1905.2826385057124
24,30,915.643046379364,19,37,3,9,0.4598834659554425,0.0645065394640423,4,0.1384078800983166,Clothing,South,M,Growers,CUST_01259,30.52143487931213,2.0,15.0,5,4,3,12,0.9327334112535964,0.0672665887464035,2135.5,High,2467.022022544608,1306.47021847515,2107.0942,2072.1366524440855,331.5220225446078
25,38,800.0,89,42,3,8,0.4884008332320322,0.0791439083302127,3,0.1438637425492352,Tech,West,M,Growers,CUST_01302,21.05263157894737,2.083333333333333,18.24,3,4,3,10,0.6524173588191393,0.3475826411808607,481.64,Medium,471.3039214779793,475.6521152865314,456.6062,467.70402337458853,10.33607852202067
9,1,127.51597106651592,290,33,1,4,0.1600088999417677,0.2776146806565016,18,0.8681237548437728,Pharmacy,North,M,Hibernating,CUST_02366,127.51597106651592,0.75,1.3333333333333333,1,1,1,3,0.1210985708639439,0.8789014291360561,53.56,Low,58.605904451426966,49.45061124782698,67.953926,59.22622342222694,5.0459044514269635
33,18,1472.3856777143722,82,49,3,8,0.4424849187161246,0.1408610737799605,7,0.1370847951799282,Tech,West,M,Growers,CUST_01383,81.79920431746513,2.75,6.545454545454546,3,3,4,10,0.6063289653361466,0.3936710346638534,545.87,Medium,564.8393529506328,592.9409909285191,496.24014,548.6233021212005,18.96935295063281
6,28,2500.0,62,45,2,8,0.6252204977129666,0.0818172691498426,5,0.3128222098243787,Tech,North,M,Growers,CUST_01305,89.28571428571429,0.5,56.0,4,4,4,12,0.6546612975602093,0.3453387024397907,5458.55,Very High,4122.67302340465,4806.336482756515,5281.3,4579.047814605431,1335.8769765953502
32,141,4054.54575261424,2,34,4,8,0.456388994605177,0.0720260276169461,2,0.129760664906309,Home,East,M,Champions,CUST_00237,28.755643635561984,2.6666666666666665,52.875,5,5,5,15,0.942566287383112,0.0574337126168881,8272.46,Very High,9955.068331961264,13181.356042519637,7897.809,9823.514763922632,1682.6083319612644
70,157,6743.045440556631,12,61,4,10,0.7840381907253667,0.019252576042771,1,0.1475011152621339,Home,East,M,Champions,CUST_00552,42.94933401628427,5.833333333333333,26.914285714285715,5,5,5,15,0.95,0.05,7842.17,Very High,7857.0548122201335,5410.889649159851,7766.7217,7267.008965561169,14.884812220133426
45,136,3566.6234007272983,27,60,4,9,0.6057318056128305,0.0156430783618721,4,0.0558065351718311,Luxury,East,F,Champions,CUST_00521,26.22517206417131,3.75,36.266666666666666,4,5,5,14,0.95,0.05,5616.09,Very High,6993.99801488927,5560.015246468393,5793.9795,6313.518959462724,1377.90801488927
10,2,59.50386173766075,196,59,2,4,0.1613748116836241,0.2882089611663928,3,0.4860221870171927,Grocery,North,F,Hibernating,CUST_02447,29.75193086883037,0.8333333333333334,2.4,2,1,1,4,0.3243624679382572,0.6756375320617427,31.4,Low,33.71846921646719,51.02503452158291,32.371647,36.19941083448019,2.318469216467193
35,20,1194.4430748741006,74,32,3,8,0.8511730282137933,0.1226818640952236,2,0.2935428750057323,Tech,South,M,Growers,CUST_01233,59.72215374370503,2.9166666666666665,6.857142857142858,3,3,3,9,0.6153668157240628,0.3846331842759372,293.53,Medium,353.59076034732504,305.5283402791611,283.54565,321.4062400958242,60.06076034732507
24,27,1173.717256434917,56,26,3,7,0.6586433838839634,0.0901348004238518,7,0.2482385682318508,Sports,East,M,Growers,CUST_01139,43.47100949758953,2.0,13.5,4,3,3,10,0.60249146077378,0.39750853922622,579.77,Medium,562.3511960460089,492.62528668194346,498.83652,528.3190399168883,17.418803953991073
34,39,1129.001888745972,21,29,3,8,0.6550096898640159,0.059506512325706,4,0.1504498953355475,Sports,North,M,Growers,CUST_00721,28.948766378101848,2.833333333333333,13.76470588235294,5,4,3,12,0.8629666381675442,0.1370333618324558,1219.44,High,1261.5149479301622,921.413719686767,1094.8047,1135.3795746022315,42.074947930162125
6,41,1276.9092864308766,79,41,3,9,0.7910171349424595,0.1071588915296719,5,0.1716368496384542,Tech,South,F,Growers,CUST_00736,31.14412893733845,0.5,82.0,3,4,4,11,0.6852415701017112,0.3147584298982888,2053.3,High,2419.4247299366066,4573.497551589456,2093.991,2631.504480092259,366.1247299366064
23,3,133.76059848988763,294,63,1,4,0.3177812861787137,0.3545290797808876,17,0.5467637188854394,Grocery,West,M,Hibernating,CUST_02654,44.58686616329587,1.9166666666666667,1.5652173913043477,1,1,1,3,0.1640293125249405,0.8359706874750594,38.5,Low,34.62343828394819,25.298419511239494,37.536087,33.32528323686791,3.8765617160518104
22,16,800.0,151,65,2,5,0.2034085585286315,0.2476408607214577,13,0.3461827168471516,Grocery,South,F,At-Risk,CUST_01751,50.0,1.8333333333333333,8.727272727272728,2,3,3,8,0.4824878332546067,0.5175121667453932,294.59,Medium,281.87120481280937,240.0078206591401,311.16852,281.1742287354474,12.718795187190608
48,153,9825.290326719594,6,46,4,8,0.608150242962862,0.0753624596101029,1,0.0667278649241311,Luxury,South,M,Champions,CUST_00059,64.21758383476859,4.0,38.25,5,5,5,15,0.95,0.05,17958.32,Very High,15613.628631894302,15531.04507917587,17744.85,16207.41681791121,2344.6913681056976
15,47,1268.9179798082962,54,31,3,9,0.689828981838158,0.0572917011927005,1,0.3126132294459476,Clothing,West,M,Growers,CUST_00632,26.998254889538217,1.25,37.6,4,4,4,12,0.7729088469364339,0.2270911530635661,1254.5,High,1701.192015811714,2479.729594910709,1480.9882,1759.652234562467,446.6920158117141
19,41,2491.220244122853,27,48,3,7,0.7336093052967294,0.0545704824638587,5,0.107883657032806,Sports,South,M,Growers,CUST_01182,60.76146936885007,1.5833333333333333,25.894736842105264,4,4,4,12,0.7829530409721618,0.2170469590278382,3093.13,Very High,2294.5420609907683,2342.282881161298,3002.9482,2497.7069681466364,798.5879390092318
13,10,339.3717485216841,186,50,2,5,0.3248555166653086,0.2678472296227525,10,0.6956353359424424,Clothing,East,F,At-Risk,CUST_02204,33.93717485216841,1.0833333333333333,9.230769230769232,2,2,2,6,0.4369765643341876,0.5630234356658124,200.68,Medium,171.7925193003162,133.72955834132287,204.91847,172.28608027120976,28.887480699683806
62,107,6689.793165698645,23,34,3,9,0.4719788432788427,0.0135805143934278,4,0.1287484408318287,Electronics,North,F,Champions,CUST_00593,62.52143145512752,5.166666666666667,20.70967741935484,5,5,5,15,0.92902621406986,0.0709737859301401,7574.61,Very High,8140.71584796755,5055.161566864542,7540.7554,7232.757670123832,566.1058479675503
19,56,1174.4993889659002,43,47,3,9,0.7686576369065485,0.1499009461668867,2,0.322107926286024,Tech,South,M,Growers,CUST_01304,20.973203374391076,1.5833333333333333,35.36842105263158,4,4,3,11,0.7579897710580578,0.2420102289419422,1288.39,High,1031.059295481852,1248.4958233258517,941.6246,1042.5203827244625,257.3307045181482
22,14,1216.1379620387736,80,39,3,7,0.7957875481964956,0.1169470003918599,1,0.321733099079293,Clothing,South,F,Growers,CUST_01388,86.86699728848383,1.8333333333333333,7.636363636363637,3,3,4,10,0.5631138706121578,0.4368861293878422,649.23,Medium,671.477854283344,694.407432517605,639.5899,666.2074787936472,22.24785428334394
14,6,62.79541880113754,263,41,2,2,0.4874632542800847,0.3281815719510058,17,0.7851604838594326,Grocery,East,M,Hibernating,CUST_02616,10.465903133522923,1.1666666666666667,5.142857142857142,1,2,1,4,0.3027796073275873,0.6972203926724126,24.52,Low,28.536031793281044,39.28646751098047,30.133396,30.928306154172965,4.016031793281044
12,7,166.84262798026052,305,62,1,2,0.2662338802978423,0.4806032925973004,12,0.8603026063099113,Pharmacy,East,F,Hibernating,CUST_02631,23.834661140037216,1.0,7.0,1,2,2,5,0.2827518966253167,0.7172481033746834,78.91,Low,99.86402191141208,79.52303201709708,106.43147,97.26336997135047,20.954021911412084
22,9,281.3842044013293,126,52,2,6,0.3131164821071858,0.1435008133480892,11,0.3033167232606582,Pharmacy,North,M,At-Risk,CUST_01846,31.264911600147705,1.8333333333333333,4.909090909090909,2,2,2,6,0.3843329545326433,0.6156670454673567,79.6,Low,84.32380866849192,79.44315380454874,78.47565,81.54735294353752,4.723808668491927
24,34,954.5973547556036,50,32,2,7,0.5686964156243832,0.1426599880771568,6,0.1864931219517565,Clothing,East,F,Growers,CUST_00940,28.07639278692952,2.0,17.0,4,4,3,11,0.7667573006448754,0.2332426993551246,819.14,High,800.6555232382493,759.8081157589751,789.7495,789.0610385541804,18.48447676175067
8,2,46.263549854524406,321,24,1,3,0.2127804021098803,0.2969876302441991,5,0.4985418439721772,Grocery,South,F,Hibernating,CUST_02789,23.131774927262203,0.6666666666666666,3.0,1,1,1,3,0.1464584869892622,0.8535415130107378,29.91,Low,31.71035653782802,32.599462409524634,24.902912,29.66293392136849,1.8003565378280193
33,29,1806.863418378432,18,25,3,9,0.627204875640732,0.1086589400554489,2,0.3423930129591395,Clothing,West,F,Growers,CUST_01250,62.30563511649766,2.75,10.545454545454543,5,4,4,13,0.9304571462105288,0.0695428537894711,3882.01,Very High,4442.165529245832,2091.2127547684795,3905.5637,3676.1042975055743,560.1555292458315
10,55,899.2450605216216,65,49,3,9,0.5683369171268462,0.094232440336621,4,0.1697650692949841,Tech,North,F,Growers,CUST_00905,16.34991019130221,0.8333333333333334,66.0,3,4,3,10,0.6831097940518872,0.3168902059481128,1408.34,High,1438.7171996401134,1728.5016079773704,1377.0366,1473.0119905276213,30.37719964011353
19,2,114.461216150358,197,55,1,2,0.1698555458949845,0.3980174517751604,6,0.7960961552468562,Pharmacy,North,M,Hibernating,CUST_02544,57.230608075179,1.5833333333333333,1.2631578947368425,2,1,1,4,0.3309509490073686,0.6690490509926313,29.19,Low,35.277904540229464,48.27984811393156,31.321953,36.256688790368266,6.087904540229463
18,40,2500.0,20,49,3,7,0.731531524564596,0.0930705331698405,1,0.1391269747701141,Tech,South,M,Growers,CUST_01280,62.5,1.5,26.666666666666668,5,4,4,13,0.8444186334759427,0.1555813665240573,4591.49,Very High,3508.4019919738657,3596.405353955125,4643.6353,3835.188651773229,1083.088008026134
13,1,85.25582480646484,310,47,1,6,0.2830396523215476,0.2057306253490551,10,0.6839342416636949,Pharmacy,East,M,Hibernating,CUST_02403,85.25582480646484,1.0833333333333333,0.9230769230769232,1,1,1,3,0.1667378921125178,0.8332621078874821,38.12,Low,35.96825400821817,40.97269189133965,38.462456,37.66901372090246,2.15174599178183
6,1,116.78799876036516,212,21,1,5,0.4277654018159982,0.2416616683747801,10,0.94705906376402,Pharmacy,West,F,Hibernating,CUST_02960,116.78799876036516,0.5,2.0,1,1,1,3,0.1889408486076617,0.8110591513923383,95.37,Low,96.26183462541921,52.15332829597118,97.07897,85.40723612203413,0.8918346254192073
30,18,281.94335008957387,75,30,1,6,0.2139739235672637,0.2337635187920331,5,0.4324061396524101,Clothing,North,F,At-Risk,CUST_02127,15.66351944942077,2.5,7.2,3,3,2,8,0.5936066481591894,0.4063933518408106,102.36,Low,110.87169108500464,138.18505179924813,101.95516,112.99165971307227,8.511691085004642
2,7,61.97065902092611,251,27,2,1,0.3400824705623874,0.3922508879884243,16,0.8410952787516404,Grocery,North,M,Hibernating,CUST_02388,8.85295128870373,0.1666666666666666,42.0,1,2,1,4,0.3377184362966104,0.6622815637033895,192.89,Low,184.453228545823,108.55377774498312,195.49918,168.84427497140953,8.436771454176977
45,6,800.0,86,67,1,7,0.4841145354855593,0.1817216279839408,14,0.3480279643552117,Pharmacy,North,M,At-Risk,CUST_02043,133.33333333333334,3.75,1.6,3,2,3,8,0.478474535520382,0.5215254644796179,157.03,Low,141.95463560310947,204.3945555509481,141.08266,152.41903556090753,15.075364396890535
32,45,1426.7107588002789,57,29,3,6,0.7197123200882856,0.1035380955382061,1,0.1467946522471225,Clothing,East,F,Growers,CUST_01143,31.704683528895085,2.6666666666666665,16.875,4,4,4,12,0.8373371121405438,0.1626628878594561,1088.81,High,1335.0271151959996,1400.6483221669394,1107.8961,1274.5653356914804,246.21711519599967
14,6,161.87785342672962,185,51,1,6,0.4557659159685471,0.4556084419481822,2,0.988856848288058,Grocery,North,M,Hibernating,CUST_02382,26.97964223778827,1.1666666666666667,5.142857142857142,2,2,2,6,0.4187472004279847,0.5812527995720153,89.77,Low,90.7398702184873,109.07251514636947,88.39936,93.40939009451131,0.9698702184873014
33,40,1442.3546926727963,84,30,3,7,0.7830608756725652,0.0757005643474277,6,0.2609855763339775,Sports,West,M,Growers,CUST_00707,36.05886731681992,2.75,14.545454545454543,3,4,4,11,0.6946573694958526,0.3053426305041474,607.3,Medium,728.9918639751708,772.0757436912246,642.4854,709.992594668908,121.6918639751708
9,1,129.4250067772647,217,23,2,6,0.2510324509741415,0.4417995363670121,4,0.523182173607286,Pharmacy,North,F,Hibernating,CUST_02642,129.4250067772647,0.75,1.3333333333333333,1,1,1,3,0.152435060175174,0.847564939824826,66.79,Low,57.95825850951751,49.455462825264576,66.04652,58.39731667278937,8.831741490482493
31,44,1188.8526931642095,18,40,3,9,0.8432933005301717,0.0796269835954469,1,0.1683459795284446,Clothing,West,M,Growers,CUST_01023,27.019379390095672,2.583333333333333,17.032258064516128,5,4,3,12,0.937843763273166,0.062156236726834,2666.35,Very High,2418.6604081595356,1255.1906806479385,2196.246,2060.8258452730256,247.68959184046435
14,57,2124.259141105529,81,47,2,7,0.6789503894052547,0.0668603661382542,2,0.2280711857625532,Sports,East,M,Growers,CUST_00746,37.26770422992156,1.1666666666666667,48.85714285714285,3,5,4,12,0.7536831266343175,0.2463168733656825,3882.8,Very High,2853.6485825435398,3143.658391651434,3474.0767,3086.3106930470735,1029.1514174564604
41,10,441.7497457852921,129,50,1,4,0.4120655375605715,0.2725206570003886,7,0.3254352169863146,Grocery,West,M,At-Risk,CUST_01547,44.17497457852921,3.4166666666666665,2.926829268292683,2,2,2,6,0.398935980992136,0.601064019007864,67.93,Low,83.83541351183062,57.56673163384163,82.96559,77.53246316171092,15.905413511830616
18,6,92.13394225189514,275,60,1,1,0.4234211184909685,0.2220744461416324,18,0.4361543745230402,Pharmacy,East,M,Hibernating,CUST_02358,15.355657041982523,1.5,4.0,1,2,1,4,0.297302977853196,0.7026970221468041,29.47,Low,27.901353931607492,36.33677854705375,28.589489,29.63569426590831,1.568646068392507
31,10,800.0,199,36,1,7,0.2558450641411866,0.264622578170453,12,0.6976662529174136,Grocery,East,F,At-Risk,CUST_02047,80.0,2.583333333333333,3.870967741935484,2,2,3,7,0.3896452428691359,0.6103547571308641,160.65,Low,167.62908232107532,166.34524531493548,168.31415,167.57645489929016,6.97908232107531
46,79,6840.57187096031,13,49,4,9,0.4172128000057573,0.0735612981795163,4,0.085679877594437,Luxury,South,M,Champions,CUST_00514,86.58951735392797,3.8333333333333335,20.608695652173918,5,5,5,15,0.95,0.05,11479.52,Very High,12325.748201765866,7738.311729657766,11455.15,10985.931145743174,846.2282017658654
27,101,10885.257655409883,12,53,4,10,0.5539025319793895,0.0528281714072255,3,0.0535473644202995,Electronics,North,F,Champions,CUST_00082,107.77482827138498,2.25,44.888888888888886,5,5,5,15,0.95,0.05,38273.41,Very High,31180.043584099054,32193.597796087375,35907.062,32737.559837125318,7093.3664159009495
19,4,25.72188169565321,349,59,1,4,0.2421126010367059,0.4231474311155396,4,0.698784753018787,Pharmacy,East,M,Hibernating,CUST_02662,6.4304704239133015,1.5833333333333333,2.5263157894736845,1,1,1,3,0.119153178131496,0.8808468218685039,7.19,Low,9.829901487591442,22.71841045529678,7.328025,10.708249923910008,2.639901487591442
13,16,2101.4808412180496,61,39,3,6,0.6590011681982922,0.0600401143375601,2,0.1100611926548126,Tech,West,F,Growers,CUST_01309,131.3425525761281,1.0833333333333333,14.76923076923077,4,3,4,11,0.7701902366420176,0.2298097633579824,2951.76,Very High,2500.3084860759072,2680.0600283117433,2969.2454,2669.4391113098673,451.451513924093
13,4,129.58339656160393,278,49,1,6,0.3346533836493536,0.2948321165383494,2,0.4190248455349373,Pharmacy,West,F,Hibernating,CUST_02496,32.39584914040098,1.0833333333333333,3.692307692307693,1,1,1,3,0.1754138267871375,0.8245861732128624,59.22,Low,51.66707764234947,31.75487546866613,57.96735,48.54596460000689,7.55292235765053
25,24,1130.3908941628872,70,38,3,8,0.57642205918675,0.0868021469439225,1,0.3462524369573615,Sports,West,F,Growers,CUST_00915,47.0996205901203,2.083333333333333,11.52,3,3,3,9,0.5935943952441265,0.4064056047558735,526.34,Medium,491.0772501723203,368.062799803651,490.06177,463.2774015804459,35.26274982767973
28,54,1684.187086247639,64,38,3,7,0.7338369755041434,0.0900393854383652,1,0.1357911769443948,Sports,South,M,Growers,CUST_01405,31.188649745326646,2.333333333333333,23.142857142857142,3,4,4,11,0.6932886308033029,0.306711369196697,803.85,High,874.4312959698246,1031.8619340882856,769.24817,869.7805591223572,70.58129596982462
44,9,511.6241115115369,61,51,2,6,0.4522861684797721,0.1719618954537267,4,0.3067110857062179,Grocery,West,F,At-Risk,CUST_01648,56.84712350128188,3.6666666666666665,2.4545454545454546,4,2,2,8,0.6547802168614374,0.3452197831385626,112.39,Low,146.83653939898556,154.64241018953948,135.08823,144.70104174186346,34.446539398985564
5,1,37.70265786746994,324,37,2,1,0.1092744047172106,0.4641093228573718,19,0.9747117566540964,Grocery,South,F,Hibernating,CUST_02761,37.70265786746994,0.4166666666666667,2.4,1,1,1,3,0.296659711075882,0.703340288924118,51.0,Low,54.43737431500864,51.611725842001476,45.866558,51.16470804630973,3.4373743150086398
20,16,1117.3111066739186,30,53,2,9,0.4649852183094063,0.0786903548912102,1,0.1194675160765915,Clothing,North,M,Growers,CUST_01109,69.83194416711991,1.6666666666666667,9.6,4,3,3,10,0.7079923709794342,0.2920076290205657,824.24,High,730.3039020764796,677.0404663835135,814.88873,743.3708358428261,93.93609792352038
56,100,5482.522288356056,4,63,4,10,0.6102368925259853,0.0756970848431191,1,0.0791381959908248,Home,East,F,Champions,CUST_00151,54.82522288356056,4.666666666666667,21.428571428571427,5,5,5,15,0.95,0.05,8251.24,Very High,8679.900289075606,5035.383186222647,8433.927,7717.457818543576,428.66028907560576
16,5,67.26386981646924,248,45,1,2,0.448703411919735,0.2741592867619694,17,0.6670315114438743,Grocery,North,F,Hibernating,CUST_02727,13.452773963293849,1.3333333333333333,3.75,1,1,1,3,0.1438271496420294,0.8561728503579706,19.23,Low,20.401632140490086,22.581122931538022,18.603456,20.25377900602472,1.171632140490086
19,45,1345.574896377942,43,45,3,8,0.4633608354763385,0.1201953533970325,2,0.296332922784696,Sports,South,F,Growers,CUST_00775,29.901664363954264,1.5833333333333333,28.42105263157895,4,4,4,12,0.7278205775293618,0.2721794224706382,1221.96,High,1298.2404527977287,1723.5943684493218,1125.8815,1316.4849581307599,76.28045279772869
80,51,2965.137919008657,20,43,4,10,0.3311970342991386,0.0503816840917846,2,0.1464926455972513,Electronics,East,F,Champions,CUST_00330,58.13995919624817,6.666666666666667,7.649999999999999,5,4,5,14,0.811301253517795,0.1886987464822049,869.24,High,2084.0545403606793,1072.9452931185642,910.64825,1423.634288193003,1214.8145403606793
44,183,6619.839100543141,29,50,4,8,0.4784429875855551,0.050380016679289,3,0.0703561121277231,Electronics,West,F,Champions,CUST_00007,36.17398415597345,3.6666666666666665,49.909090909090914,4,5,5,14,0.8602077520238266,0.1397922479761734,4362.48,Very High,4880.249951489013,9964.73497952032,4137.808,5357.33722206587,517.7699514890137
11,44,1586.2046754521932,33,32,3,7,0.4554781305171684,0.0932083712852067,4,0.2165475575388834,Tech,South,M,Growers,CUST_00944,36.05010626027712,0.9166666666666666,48.0,4,4,4,12,0.6954572601343443,0.3045427398656557,1654.77,High,2095.4740381121806,2834.0248642121855,1864.3505,2149.2266968298536,440.70403811218057
15,31,1596.8421411651586,79,28,2,7,0.7165343049325535,0.1364713962875302,7,0.10341445910652,Tech,South,M,Growers,CUST_00823,51.51103681177931,1.25,24.8,3,4,4,11,0.7539414976870056,0.2460585023129944,2132.8,High,1569.3124930116444,1662.5303239414834,1710.905,1629.2084138434307,563.4875069883558
15,49,1160.789729523542,24,25,3,8,0.4636596311276457,0.0822668137509719,3,0.1224963890874051,Sports,North,M,Growers,CUST_00735,23.68958631680698,1.25,39.2,4,4,3,11,0.8211548121996712,0.1788451878003287,1989.94,High,1663.721632595927,1609.3864450691303,1644.444,1646.941557632674,326.218367404073
32,28,1886.6924360911507,17,46,3,8,0.4476262274521626,0.0688758477934104,3,0.2140600110133338,Sports,West,M,Growers,CUST_00910,67.3818727175411,2.6666666666666665,10.5,5,4,4,13,0.887417974265761,0.112582025734239,2285.44,High,3028.4185783224393,1994.4997904322895,2377.6394,2590.722847287913,742.9785783224393
26,104,4876.8761588047855,25,57,3,9,0.5984553452733281,0.050918017928162,3,0.0242171529049381,Home,West,M,Champions,CUST_00469,46.89303998850755,2.1666666666666665,48.0,4,5,5,14,0.95,0.05,10577.29,Very High,11162.470867244854,11584.442771586486,11896.763,11462.620092448173,585.1808672448533
36,42,9165.703097930944,15,54,4,10,0.4359730197092243,0.0375026576225225,2,0.0656575237400312,Luxury,West,M,Champions,CUST_00182,218.2310261412129,3.0,14.0,5,4,5,14,0.8464421961298363,0.1535578038701637,6924.24,Very High,6264.181868775734,13942.015946094236,6754.5396,7519.3188955153455,660.0581312242657
60,100,7142.875421265938,15,44,4,10,0.5369606100580513,0.0170171894606013,0,0.1383905635640936,Electronics,East,M,Champions,CUST_00165,71.42875421265938,5.0,20.0,5,5,5,15,0.95,0.05,9644.69,Very High,10327.841934133761,5829.766372864128,10067.316,9141.355039051523,683.1519341337607
20,12,438.4686885188221,170,31,2,6,0.4735438900035332,0.2774121123454415,13,0.3178652135429727,Grocery,East,M,At-Risk,CUST_01524,36.53905737656851,1.6666666666666667,7.199999999999999,2,2,2,6,0.3033103359849127,0.6966896640150873,120.46,Low,140.43640734887433,81.9793474650473,127.88071,122.63202432152201,19.976407348874332
76,103,3664.0439913713753,27,47,4,9,0.3760242837122459,0.0489525246144175,2,0.0123858237052915,Luxury,West,M,Champions,CUST_00452,35.57324263467355,6.333333333333333,16.263157894736842,4,5,5,14,0.9387176847510106,0.0612823152489894,3699.94,Very High,4973.215352422448,1799.7049288516637,3577.1492,3676.4633947688726,1273.2753524224477
52,103,10452.370486413774,17,57,4,8,0.4187392783761287,0.055413577031157,2,0.1485427755877411,Home,West,F,Champions,CUST_00491,101.47932511081336,4.333333333333333,23.76923076923077,5,5,5,15,0.95,0.05,18795.75,Very High,15388.350847487469,11924.405980327363,16522.434,14938.462143064355,3407.399152512531
25,13,800.0,178,65,2,5,0.4723984147431812,0.2752035339301552,11,0.4743193499417316,Pharmacy,West,F,At-Risk,CUST_02005,61.53846153846154,2.083333333333333,6.239999999999999,2,2,3,7,0.4007847806637912,0.5992152193362088,239.48,Medium,217.28756164499794,180.32911379291414,225.0481,211.5535120609099,22.192438355002054
17,44,1716.0989943511786,65,31,3,9,0.62375448284317,0.1431782993276253,5,0.3001559141032038,Clothing,West,F,Growers,CUST_01144,39.00224987161769,1.4166666666666667,31.058823529411764,3,4,4,11,0.7501288200287338,0.2498711799712661,1982.62,High,1615.2987768884695,1729.694579540322,1814.0929,1695.5812030701852,367.32122311153034
14,34,1491.7214757743193,58,40,2,6,0.7430365777113598,0.1125356401633641,6,0.3488873161848922,Clothing,South,M,Growers,CUST_01312,43.87416105218586,1.1666666666666667,29.142857142857142,4,4,4,12,0.8685425377749711,0.1314574622250288,2920.3,Very High,2895.8793696195717,2834.1152718394346,3097.8635,2942.3379101455644,24.42063038042852
29,9,413.7151773892976,127,66,1,4,0.2474722461029534,0.2286929088252967,6,0.4339182163894635,Grocery,East,M,At-Risk,CUST_02243,45.96835304325529,2.4166666666666665,3.724137931034483,2,2,2,6,0.3985426824254715,0.6014573175745285,93.07,Low,101.92181246524551,76.00449888341706,100.91803,95.83497394696812,8.851812465245516
29,49,2500.0,69,33,2,6,0.7494430425585339,0.0778482456042789,3,0.1048247830567462,Clothing,North,M,Growers,CUST_01112,51.02040816326531,2.4166666666666665,20.27586206896552,3,4,4,11,0.7192118718135678,0.2807881281864322,1304.02,High,1264.440130887651,1194.688221795748,1321.8003,1266.922465102775,39.57986911234889
6,6,165.26198344303788,235,39,1,6,0.486124906485386,0.3238798695448069,11,0.998645836866266,Grocery,North,F,Hibernating,CUST_02855,27.54366390717298,0.5,12.0,1,2,2,5,0.2548074876978169,0.745192512302183,141.41,Low,156.06363141297842,84.67753917102705,148.74268,136.15603010452244,14.653631412978427
45,16,569.0941148549256,80,23,2,6,0.5606600707518874,0.1673580231682721,12,0.315468017607524,Grocery,West,M,At-Risk,CUST_01978,35.56838217843285,3.75,4.266666666666667,3,3,3,9,0.6841686671503766,0.3158313328496234,187.56,Low,173.46849299216336,218.28529775958296,172.49428,181.32489200492353,14.09150700783664
17,34,2500.0,83,28,2,9,0.4626906143382402,0.0680627176161577,2,0.1089074488475348,Tech,South,F,Growers,CUST_01442,73.52941176470588,1.4166666666666667,24.0,3,4,4,11,0.6916924719850317,0.3083075280149683,1852.41,High,1694.8985853336287,1721.2501902290605,1882.9901,1754.6698823696634,157.51141466637137
44,17,712.6224785871624,187,32,2,7,0.4138825437118834,0.276231733390869,8,0.6484730381680012,Clothing,North,F,At-Risk,CUST_01890,41.91896932865661,3.6666666666666665,4.636363636363637,2,3,3,8,0.504014247593406,0.495985752406594,166.64,Low,145.95768652567358,147.38930612688793,156.83214,149.43030397049563,20.682313474326406
7,42,1270.7234621370771,24,36,2,7,0.6320351427156183,0.0824257587016363,2,0.1596822029777862,Tech,North,M,Growers,CUST_01007,30.255320527073263,0.5833333333333334,72.0,4,4,4,12,0.7796573463868387,0.2203426536131613,3009.15,Very High,3460.5954829862335,5362.63859340458,3235.463,3701.9791482222677,451.4454829862334
18,8,800.0,93,55,1,6,0.5144172838935859,0.1249684999617589,8,0.6109367156177418,Pharmacy,East,F,At-Risk,CUST_01628,100.0,1.5,5.333333333333333,3,2,3,8,0.5599624499206878,0.4400375500793122,584.07,Medium,385.00565572109724,401.5067111085006,538.5774,429.39541844149915,199.0643442789028
13,13,800.0,63,37,2,6,0.50126938869985,0.1136498611370495,11,0.6736777767634214,Pharmacy,North,M,At-Risk,CUST_01633,61.53846153846154,1.0833333333333333,12.0,3,2,3,8,0.5099796961541595,0.4900203038458405,715.12,Medium,497.4327309494036,352.5607055660814,665.82697,506.808622832337,217.6872690505964
14,35,1361.192156265297,59,38,3,7,0.4840452926764876,0.0775174026902583,2,0.163585021894401,Tech,North,F,Growers,CUST_01075,38.89120446472277,1.1666666666666667,30.0,4,4,4,12,0.8380467288706812,0.1619532711293188,2485.87,High,2437.887186577303,2640.478608771845,2324.9736,2442.1307606210103,47.982813422696836
81,77,6647.640073438784,26,48,4,8,0.5149788098899108,0.050012535463806,0,0.061671650471998,Electronics,North,M,Champions,CUST_00579,86.33298796673746,6.75,11.407407407407408,4,5,5,14,0.9176979069989442,0.0823020930010558,4973.79,Very High,5696.926506982772,2216.791143346052,4634.997,4433.9177792138025,723.1365069827716
11,2,200.0,247,62,2,6,0.4202848236873939,0.4160560802957512,4,0.852322271954031,Grocery,South,M,Hibernating,CUST_02728,100.0,0.9166666666666666,2.181818181818182,1,1,2,4,0.1889795308391997,0.8110204691608003,88.67,Low,89.26898110238845,77.37404101693959,86.76839,86.0172124931713,0.5989811023884499
5,5,118.01872061858444,344,39,2,4,0.4971682202135749,0.3529040400584994,10,0.8826648710028554,Pharmacy,East,M,Hibernating,CUST_02346,23.60374412371689,0.4166666666666667,12.0,1,1,1,3,0.2464734280649796,0.7535265719350204,153.16,Low,132.66305493854654,54.96589476342212,146.97052,114.78251707129944,20.49694506145346
33,12,374.922773099885,118,20,2,5,0.3248754947089202,0.2843166268121052,3,0.6270545343334015,Grocery,South,F,At-Risk,CUST_02264,31.243564424990414,2.75,4.363636363636363,2,2,2,6,0.4172658097287691,0.5827341902712309,79.75,Low,76.46259922335018,67.85609016117479,81.21075,76.02170030532729,3.287400776649818
19,3,78.60672699767217,335,45,1,6,0.4333499097017549,0.4395475311659163,13,0.6823582701616049,Grocery,East,M,Hibernating,CUST_02303,26.20224233255739,1.5833333333333333,1.8947368421052635,1,1,1,3,0.1519510469576383,0.8480489530423616,16.9,Low,20.201131560581402,26.195080976201982,17.444963,20.371792633624384,3.3011315605814033
34,40,6597.773452846825,11,38,4,10,0.5325047587632138,0.0135291741521546,3,0.0964166120219891,Electronics,East,F,Champions,CUST_00328,164.94433632117062,2.833333333333333,14.117647058823527,5,4,5,14,0.850539430809531,0.149460569190469,3209.95,Very High,4961.964253858135,8528.786645878221,3504.2725,4981.815483791816,1752.014253858135
29,17,495.07509030118047,134,55,1,7,0.2337888786249087,0.2793181241250954,12,0.382575553790859,Grocery,East,F,At-Risk,CUST_01791,29.12206413536356,2.4166666666666665,7.03448275862069,2,3,2,7,0.5074413364515817,0.4925586635484182,139.82,Low,143.56680608363004,107.629526409339,145.50256,136.08106367892614,3.746806083630048
29,107,8054.215065761044,9,59,4,8,0.4091037672760861,0.0728554705410615,1,0.1438307809785615,Luxury,West,F,Champions,CUST_00443,75.27303799776676,2.4166666666666665,44.27586206896552,5,5,5,15,0.95,0.05,24326.73,Very High,22401.812747478118,20117.028355568935,22426.059,21932.102834145047,1924.917252521882
13,9,629.0316678124268,78,37,2,6,0.3473432989127648,0.2020718162389294,3,0.6086608801675633,Clothing,South,F,At-Risk,CUST_01859,69.8924075347141,1.0833333333333333,8.307692307692308,3,2,3,8,0.5819710274253201,0.4180289725746798,593.52,Medium,427.969296077603,410.4792497042929,567.64996,461.95229010503783,165.55070392239696
35,16,514.448632141968,104,26,2,5,0.2556064211057107,0.2211222614973287,5,0.6099439614603435,Clothing,South,M,At-Risk,CUST_02171,32.153039508873,2.9166666666666665,5.485714285714286,3,3,2,8,0.5111393271209599,0.4888606728790401,126.98,Low,120.90306947672507,116.85303480339671,123.399925,120.82082963996697,6.076930523274939
17,1,99.02704518083078,298,50,1,4,0.4144101088197875,0.24235414962097,5,0.9469352086042578,Grocery,West,F,Hibernating,CUST_02833,99.02704518083078,1.4166666666666667,0.7058823529411764,1,1,1,3,0.201282992454936,0.7987170075450639,35.6,Low,34.759957463128195,43.21208663911671,35.564,36.559762325238495,0.8400425368718061
33,27,886.2101427797095,16,35,3,6,0.6153805791808675,0.1455028262265926,2,0.2420520851968726,Sports,South,F,Growers,CUST_00833,32.82259788072998,2.75,9.818181818181818,5,3,3,11,0.8244823831087499,0.1755176168912501,600.32,Medium,724.095614132882,694.8175076635642,591.70056,675.9355519711554,123.77561413288197
4,7,50.53576189241279,339,37,1,1,0.2307198019197895,0.2822637615112032,13,0.802589339431141,Pharmacy,North,M,Hibernating,CUST_02375,7.21939455605897,0.3333333333333333,21.0,1,2,1,4,0.3147834567497381,0.6852165432502619,73.62,Low,82.95476010357802,76.10823435824139,75.633446,79.30976224608708,9.33476010357802
35,6,329.83143502555004,184,68,2,7,0.3547959147345555,0.1426740314310589,8,0.3818025253596493,Pharmacy,North,M,At-Risk,CUST_02104,54.97190583759167,2.9166666666666665,2.0571428571428574,2,2,2,6,0.4504663552516855,0.5495336447483146,84.36,Low,75.79591329517663,83.08994756231306,81.404945,78.87371607336017,8.564086704823367
21,31,1054.8576648396474,48,51,3,6,0.5462370166117787,0.0866708647892244,7,0.1679236540423148,Clothing,North,M,Growers,CUST_01415,34.02766660773056,1.75,17.714285714285715,4,4,3,11,0.8327766988245752,0.1672233011754248,871.7,High,1020.154186210987,983.1991508211278,912.5551,979.3535509483881,148.4541862109869
11,57,1446.2657803172206,48,41,3,8,0.8547586582225264,0.05207413428062,5,0.2419565228498959,Sports,North,F,Growers,CUST_01202,25.3730838652144,0.9166666666666666,62.18181818181819,4,5,4,13,0.8507249908209831,0.1492750091790169,3706.5,Very High,3761.9786422796965,5738.968349324718,3791.9814,4103.327765571356,55.47864227969649
13,3,121.53266973265202,323,55,1,4,0.3031379412896634,0.3048674337533085,17,0.5312625835566024,Grocery,North,M,Hibernating,CUST_02315,40.51088991088401,1.0833333333333333,2.7692307692307696,1,1,1,3,0.1492604155654634,0.8507395844345366,43.47,Low,44.68767725237049,32.075203466173186,52.88256,44.00227939754407,1.2176772523704926
24,49,1799.728179431651,27,41,3,7,0.5498647423604625,0.1311683899662447,5,0.2105259365519447,Clothing,West,F,Growers,CUST_01500,36.72914651901328,2.0,24.5,4,4,4,12,0.8156227428075863,0.1843772571924137,2094.95,High,1685.2336592038596,1863.351838381973,1956.6866,1798.2330882394874,409.71634079614023
6,4,90.66395017978913,348,46,1,4,0.1217079094866215,0.4614211374278488,2,0.4215687287176107,Pharmacy,West,F,Hibernating,CUST_02878,22.66598754494728,0.5,8.0,1,1,1,3,0.2495252712211262,0.7504747287788738,78.12,Low,89.82374842285479,50.69614555058615,79.35295,77.21533604743789,11.703748422854787
27,58,4392.848075481511,29,64,4,9,0.5371275104884767,0.0389220762045403,0,0.03060965828199,Home,West,F,Champions,CUST_00087,75.73875992209501,2.25,25.77777777777778,4,5,5,14,0.9071708776476348,0.0928291223523651,7954.26,Very High,7624.404281324338,6571.463953970751,7883.6675,7475.737889585192,329.8557186756625
17,47,1478.8751678801657,19,49,3,7,0.655069270955201,0.1113241205799338,3,0.1457219127241381,Sports,East,F,Growers,CUST_01404,31.46542910383331,1.4166666666666667,33.17647058823529,5,4,4,13,0.8211033465215861,0.1788966534784138,2345.1,High,2220.4635333204133,3080.884580977906,2270.2498,2386.604215737318,124.63646667958665
7,3,38.22732577091689,195,49,2,2,0.3411744270302151,0.4529932682783723,3,0.7062701408057463,Pharmacy,South,M,Hibernating,CUST_02927,12.742441923638964,0.5833333333333334,5.142857142857142,2,1,1,4,0.2476414292341863,0.7523585707658136,24.37,Low,31.48486860594913,43.5909980014452,25.939829,31.719634890206002,7.11486860594913
30,55,1183.1022692978336,58,52,2,7,0.4564347088234111,0.1311987969045918,3,0.1493220771792671,Sports,South,M,Growers,CUST_01482,21.510950350869702,2.5,22.0,4,4,3,11,0.8345757927932665,0.1654242072067334,980.56,High,971.1875388266957,925.7794115059617,920.3715,946.5469954515333,9.37246117330426
26,59,1825.34895188407,78,28,3,7,0.624306626414836,0.1454364615551504,7,0.1528801294360568,Tech,West,F,Growers,CUST_00778,30.93811782854356,2.1666666666666665,27.230769230769237,3,5,4,12,0.7825677454541434,0.2174322545458565,1271.1,High,1403.4650670584222,1626.1983827293259,1351.9794,1429.312616123761,132.36506705842226
15,12,2070.5580169430773,74,37,3,9,0.78126755602701,0.1466097064087909,6,0.3069675948765434,Sports,East,M,Growers,CUST_00800,172.54650141192312,1.25,9.6,3,2,4,9,0.5058978651601644,0.4941021348398355,1352.3,High,900.5266191945097,1150.4013149958892,906.9321,947.7475276330701,451.7733808054902
26,9,480.0887122621191,87,27,2,6,0.5948035001235836,0.1645012377975639,3,0.382284703766829,Grocery,North,M,At-Risk,CUST_01667,53.34319025134656,2.1666666666666665,4.153846153846154,3,2,2,7,0.5532709019575879,0.4467290980424121,192.1,Low,171.07219451380402,149.012087849043,190.97583,172.00338151165798,21.027805486195973
32,154,7099.230692164925,12,32,4,9,0.4955164345636993,0.0421386816300676,4,0.1378812046580587,Electronics,West,M,Champions,CUST_00055,46.09890059847354,2.6666666666666665,57.75,5,5,5,15,0.9398895476190022,0.0601104523809977,14968.17,Very High,14918.607869996718,22054.501451581942,15490.318,16314.810329567912,49.56213000328171
15,7,70.4972879658841,305,63,1,1,0.2090372223934382,0.2879241633774313,4,0.9464564114481788,Pharmacy,North,F,Hibernating,CUST_02363,10.071041137983444,1.25,5.6,1,2,1,4,0.2792878672049023,0.7207121327950977,23.41,Low,26.38531279321323,40.15031848543968,25.013659,28.254585214484486,2.975312793213231
21,19,2500.0,68,44,3,6,0.450945323001698,0.0972914044534138,3,0.234858588871984,Clothing,East,M,Growers,CUST_01288,131.57894736842104,1.75,10.857142857142858,3,3,4,10,0.5738563593313027,0.4261436406686972,1371.02,High,1168.9253148554449,1108.9636237859056,1335.3167,1203.796387288131,202.09468514455511
42,17,398.6123369496671,154,38,2,6,0.4507899513609226,0.2458504538806472,12,0.4971131738078481,Pharmacy,West,F,At-Risk,CUST_01668,23.447784526451,3.5,4.857142857142857,2,3,2,7,0.5177701268263933,0.4822298731736066,81.83,Low,84.05312084078841,79.36222454711357,84.680756,83.27922206911356,2.223120840788411
2,7,69.87398874811365,184,27,1,1,0.4313946325558523,0.4561481623498268,14,0.8188276253795995,Grocery,West,M,Hibernating,CUST_02587,9.981998392587665,0.1666666666666666,42.0,2,2,1,5,0.4386444089135996,0.5613555910864003,205.05,Medium,162.03172060371298,157.91694162475426,211.23662,174.55622875149268,43.01827939628703
14,13,303.25420064473286,79,66,1,6,0.4833555872437475,0.2854158810087272,7,0.6423503119677041,Clothing,South,F,At-Risk,CUST_02155,23.32724620344099,1.1666666666666667,11.142857142857142,3,2,2,7,0.4259866271550609,0.574013372844939,125.94,Low,149.21820731436276,135.27968019400421,135.93045,142.2839498182083,23.27820731436276
29,12,800.0,101,34,2,5,0.4175619869969534,0.2286292285440832,10,0.4662508954150373,Grocery,East,F,At-Risk,CUST_01702,66.66666666666667,2.4166666666666665,4.965517241379311,3,2,3,8,0.4997231820416865,0.5002768179583135,247.31,Medium,220.59302585008328,234.52565756110175,241.56462,229.48036718019034,26.716974149916723
26,17,1373.6925671292192,18,41,2,8,0.7928088770093219,0.0758751645201819,3,0.1867917099185731,Clothing,North,F,Growers,CUST_01246,80.80544512524818,2.1666666666666665,7.846153846153847,5,3,4,12,0.8434664552023107,0.1565335447976893,1170.7,High,1368.294039916397,1759.4911630546762,1251.4308,1400.8491155591323,197.59403991639692
48,172,13778.433674790524,12,50,3,8,0.5708804821337816,0.0399920532694156,2,0.1096875884021062,Home,North,F,Champions,CUST_00114,80.10717252785189,4.0,43.0,5,5,5,15,0.9072606774269584,0.0927393225730417,17182.61,Very High,13059.239899806536,25723.498116178784,16307.768,15986.160021695387,4123.370100193464
5,7,179.53511151516773,230,60,2,6,0.2591418703116949,0.4482094613613829,15,0.9417477012123509,Pharmacy,South,F,Hibernating,CUST_02807,25.647873073595388,0.4166666666666667,16.8,1,2,2,5,0.2967803779280196,0.7032196220719804,186.33,Low,185.0878948116601,102.79193502172727,184.79443,164.5013845679679,1.242105188339906
10,43,809.736110254591,61,52,3,9,0.4438669636313495,0.0580092160880245,3,0.146236334302933,Clothing,West,M,Growers,CUST_00988,18.83107233150212,0.8333333333333334,51.6,4,4,3,11,0.7392107779608387,0.2607892220391613,1304.01,High,1539.549871828405,1844.1753777796773,1353.9589,1535.821153634238,235.539871828405
30,74,6708.924032416601,14,44,4,10,0.3627431483995753,0.0614055973544553,0,0.0864733354709798,Electronics,North,F,Champions,CUST_00502,90.66113557319731,2.5,29.6,5,5,5,15,0.95,0.05,19238.72,Very High,17936.798615657022,12962.065034405246,18770.133,17039.146353630276,1301.9213843429789
7,7,84.5767346511804,338,46,1,2,0.3353151535341985,0.4549888634875531,13,0.4340053992018835,Grocery,North,M,Hibernating,CUST_02892,12.082390664454342,0.5833333333333334,12.0,1,2,1,4,0.1747482705259238,0.8252517294740761,55.12,Low,59.69913580937438,45.29023823038839,55.174446,55.17599903291159,4.579135809374385
14,14,1703.762483585465,62,49,3,7,0.5407871429277651,0.1454649795988735,4,0.2068537800469273,Tech,West,F,Growers,CUST_01010,121.69732025610465,1.1666666666666667,12.0,4,3,4,11,0.7696367059377514,0.2303632940622486,1585.64,High,1628.55811495142,2252.635400390564,1736.535,1771.5225449547906,42.918114951419966
6,37,800.0,42,38,3,6,0.4462114584525351,0.1337289859058484,2,0.1788201282759806,Clothing,South,M,Growers,CUST_01199,21.62162162162162,0.5,74.0,4,4,3,11,0.7822085436298244,0.2177914563701756,2645.96,Very High,2258.418030868152,3233.1706610833776,2558.7524,2519.0565505676254,387.54196913184796
20,49,800.0,24,25,3,8,0.5026699396695282,0.1338846015837537,6,0.1285286892966946,Tech,East,M,Growers,CUST_01395,16.3265306122449,1.6666666666666667,29.4,4,4,3,11,0.7596404067982043,0.2403595932017956,624.28,Medium,790.9761208003063,968.4682641449291,634.84973,771.0921560358462,166.6961208003063
76,143,10504.92334402878,11,50,3,8,0.3582915372778483,0.0229121335741918,1,0.0400191824150746,Electronics,South,F,Champions,CUST_00590,73.46100240579567,6.333333333333333,22.57894736842105,5,5,5,15,0.95,0.05,11815.45,Very High,11987.385533317278,6827.430973278802,12257.581,10782.91838882952,171.93553331727708
10,38,1148.056158823185,80,31,3,6,0.5781265214494007,0.138790183832832,2,0.2399602738959979,Tech,South,F,Growers,CUST_00769,30.212004179557493,0.8333333333333334,45.6,3,4,3,10,0.6478844883656375,0.3521155116343625,1344.49,High,1437.0228405008022,1162.1082864016405,1406.239,1368.359124637322,92.5328405008022
47,177,5476.277746145322,29,53,4,9,0.7381597165711558,0.0172285506212533,2,0.0914719142322175,Luxury,West,M,Champions,CUST_00018,30.93942229460634,3.9166666666666665,45.19148936170213,4,5,5,14,0.8431377735559353,0.1568622264440646,3245.42,Very High,3803.807097487058,7078.075676813154,3270.5854,4116.078737579813,558.3870974870579
35,52,2041.828329100238,83,32,2,8,0.5078874982213447,0.1284285771740468,3,0.1283051624833623,Tech,West,F,Growers,CUST_01043,39.26592940577381,2.9166666666666665,17.82857142857143,3,4,4,11,0.7755164584906863,0.2244835415093137,1379.63,High,1169.5073077067993,1059.3925996348164,1232.6406,1164.8348609513096,210.12269229320077
35,24,1285.950604769786,49,48,2,7,0.7184788090103997,0.1383386487049022,4,0.3091300486118947,Tech,South,F,Growers,CUST_01448,53.58127519874108,2.9166666666666665,8.22857142857143,4,3,4,11,0.7904331514163399,0.2095668485836601,678.43,Medium,800.5154564083628,921.9234481332411,689.6317,787.4299167825071,122.0854564083628
23,6,160.02088378706583,206,34,1,3,0.2096171567706385,0.2139705458821254,16,0.4122949174871164,Grocery,North,M,Hibernating,CUST_02464,26.670147297844306,1.9166666666666667,3.130434782608696,1,2,2,5,0.2703968163858758,0.7296031836141241,37.33,Low,52.16952659090702,48.01244227833537,38.037544,46.68013228714186,14.83952659090702
78,120,12458.422659561957,29,52,4,10,0.6525695727852816,0.0171989814510233,2,0.0924932967247912,Luxury,East,M,Champions,CUST_00286,103.82018882968296,6.5,18.46153846153846,4,5,5,14,0.95,0.05,10450.35,Very High,11727.84461400233,6313.079383405618,10692.307,10078.136290039467,1277.4946140023294
8,4,73.64010348881246,262,46,1,5,0.2252867772626763,0.2715877846137816,12,0.9905687981558132,Grocery,North,M,Hibernating,CUST_02639,18.410025872203114,0.6666666666666666,6.0,1,1,1,3,0.2178020221994043,0.7821979778005956,48.0,Low,47.752195512723596,35.48998232566258,48.58252,45.24134105789113,0.24780448727640447
28,118,2816.5277289565324,17,30,4,9,0.7635618909322246,0.016022250992306,0,0.1339956740682184,Electronics,South,M,Champions,CUST_00429,23.868879058953663,2.333333333333333,50.57142857142857,5,5,5,15,0.9293084354144824,0.0706915645855175,6355.33,Very High,8131.240928791255,10998.5376224025,6356.2725,8022.453089970086,1775.9109287912552
21,20,2500.0,81,46,2,6,0.4781868062666535,0.0991916419752376,6,0.3372204062248659,Clothing,North,F,Growers,CUST_01329,125.0,1.75,11.428571428571429,3,3,4,10,0.5535934053075108,0.4464065946924892,1041.7,High,997.5717126747072,1044.3973316835607,1199.0802,1063.9005519491184,44.12828732529283
38,4,800.0,141,69,2,7,0.3678452085602435,0.1056434281475594,3,0.4000536417348169,Pharmacy,South,M,At-Risk,CUST_01949,200.0,3.1666666666666665,1.2631578947368425,2,1,3,6,0.3775549899598467,0.6224450100401533,151.21,Low,141.31290454046683,217.75219440046675,150.53943,157.0412133666752,9.897095459533176
14,49,1070.906193540697,25,38,2,9,0.8523280312044148,0.0688925066839124,7,0.2709326733776347,Clothing,South,F,Growers,CUST_00670,21.85522843960605,1.1666666666666667,42.0,4,4,3,11,0.7286602483587912,0.2713397516412088,1152.91,High,1348.7060137460448,1364.7257421605855,1155.7869,1290.7197256905329,195.79601374604476
81,179,9499.32591557106,7,59,4,8,0.6368227087374538,0.0420550296103819,2,0.1448748479577498,Luxury,West,F,Champions,CUST_00032,53.06885986352548,6.75,26.51851851851852,5,5,5,15,0.95,0.05,8103.11,Very High,9933.798812620784,6145.570809945366,9444.823,8888.514876603514,1830.6888126207841
13,52,1314.8947857198905,64,40,2,6,0.6945581719138312,0.1281116846209014,2,0.2422425084403102,Clothing,East,F,Growers,CUST_01342,25.28643818692097,1.0833333333333333,48.0,3,4,4,11,0.671431891204411,0.3285681087955889,1354.86,High,1547.9594615484518,1987.3557741717414,1316.5533,1550.1340338188302,193.09946154845193
29,25,1067.465652647132,64,28,3,6,0.8003917066869464,0.0633396588940809,6,0.2932011232154351,Tech,South,F,Growers,CUST_00723,42.69862610588528,2.4166666666666665,10.344827586206897,3,3,3,9,0.6790407453146616,0.3209592546853383,467.03,Medium,436.7790216242977,381.68940799935916,443.7629,427.1888648042702,30.25097837570229
12,57,1206.9811700536911,89,46,3,8,0.5831642623493792,0.1359172361569933,5,0.2707093165072247,Tech,West,M,Growers,CUST_00952,21.175108246555983,1.0,57.0,3,5,4,12,0.7847218102678581,0.2152781897321418,1998.78,High,2203.51951234679,3499.948419169095,2026.5732,2357.2351349393166,204.7395123467902
22,4,706.1329069848938,162,50,2,7,0.4257513843555052,0.1052312289064826,14,0.6692128683186689,Pharmacy,East,M,At-Risk,CUST_01915,176.53322674622345,1.8333333333333333,2.181818181818182,2,1,3,6,0.3399951795750575,0.6600048204249425,187.6,Low,188.81777390009313,252.71017784382903,185.37491,199.05631910994094,1.2177739000931354
25,13,453.8569205352874,91,33,2,6,0.5841656748505544,0.2170330373006695,5,0.57185698562853,Clothing,North,M,At-Risk,CUST_02294,34.912070810406725,2.083333333333333,6.239999999999999,3,2,2,7,0.5697516570060345,0.4302483429939655,160.63,Low,175.2947862029875,150.04800794041324,195.83453,175.67419849657023,14.6647862029875
67,44,10447.095310893812,21,38,4,9,0.7504804478452339,0.0444774766500002,3,0.017881566426086,Luxury,East,M,Champions,CUST_00215,237.4339843384957,5.583333333333333,7.880597014925374,5,4,5,14,0.95,0.05,13410.79,Very High,11659.772408576522,10189.792973944857,14060.061,12005.342977586393,1751.0175914234787
6,51,1335.5519152531651,35,40,3,7,0.8277555876932539,0.0874080747288203,6,0.1089974572171669,Sports,West,M,Growers,CUST_00990,26.187292455944416,0.5,102.0,4,4,4,12,0.7707817234603516,0.2292182765396484,3939.92,Very High,3634.567185321477,9733.754739232158,3890.7007,4517.485813286363,305.3528146785229
27,20,1301.6012767702086,56,39,2,9,0.7660491849113459,0.1346066420075422,1,0.1726027305355616,Sports,South,F,Growers,CUST_01165,65.08006383851043,2.25,8.88888888888889,4,3,4,11,0.6571305950050437,0.3428694049949563,764.82,Medium,743.3856955502616,884.2875218607744,701.7443,756.4519982309392,21.43430444973842
2,1,164.6022623873473,227,30,1,2,0.3706303628334657,0.2862197819958374,18,0.408265471571456,Pharmacy,North,M,Hibernating,CUST_02793,164.6022623873473,0.1666666666666666,6.0,1,1,2,4,0.1959393995124432,0.8040606004875568,484.62,Medium,256.5511900101699,138.36546700395638,453.7922,269.1511125482042,228.06880998983013
36,18,416.8420322664554,191,26,1,6,0.5927596217911991,0.1102951368134273,9,0.5841129137962271,Pharmacy,West,M,At-Risk,CUST_02006,23.157890681469745,3.0,6.0,2,3,2,7,0.434976018948301,0.5650239810516989,93.4,Low,92.07545263262904,81.6224870014938,93.03579,90.16438382287842,1.3245473673709682
24,109,6765.752528751606,28,43,3,9,0.7866913095824106,0.0775711906541279,4,0.1474420319332051,Electronics,East,M,Champions,CUST_00327,62.071124116987214,2.0,54.5,4,5,5,14,0.911963208780528,0.088036791219472,13095.68,Very High,11136.288069651493,16494.646423642225,13172.329,12668.873366254684,1959.3919303485072
65,44,9078.61431204485,11,63,4,9,0.7521798874969285,0.040980414215297,1,0.1109371765832614,Electronics,West,F,Champions,CUST_00561,206.3321434555648,5.416666666666667,8.123076923076923,5,4,5,14,0.8589601673861242,0.1410398326138757,3069.23,Very High,4080.1830329812246,6381.030641843846,3208.0508,4151.386692184339,1010.9530329812246
14,47,800.0,36,54,3,9,0.4532558185159007,0.0783467721911006,4,0.1055333188895295,Tech,West,F,Growers,CUST_01384,17.02127659574468,1.1666666666666667,40.285714285714285,4,4,3,11,0.8541354886771458,0.1458645113228541,1457.64,High,1670.4241479504055,1704.7898664857746,1456.0015,1609.5211763185466,212.78414795040544
36,8,308.7874346338403,78,29,1,7,0.2080994473693979,0.1743162875703402,12,0.3480856836110182,Pharmacy,South,F,At-Risk,CUST_01725,38.59842932923004,3.0,2.6666666666666665,3,2,2,7,0.4714943791890931,0.5285056208109069,61.86,Low,72.56778905212059,83.99745913167256,68.51972,73.44876293398477,10.707789052120589
31,24,2261.762221009325,52,45,2,6,0.4348928920002324,0.1435800976054621,1,0.2463785106202698,Sports,South,M,Growers,CUST_01087,94.24009254205522,2.583333333333333,9.29032258064516,4,3,4,11,0.612887051525999,0.387112948474001,759.6,Medium,783.6219302814069,955.1860959822569,769.95514,810.9840222661011,24.021930281406867
18,7,146.40090479470638,199,28,1,5,0.2165792333727812,0.4793885682153453,5,0.947910737594868,Grocery,North,F,Hibernating,CUST_02684,20.91441497067234,1.5,4.666666666666667,2,2,1,5,0.4700457388084648,0.5299542611915351,64.14,Low,58.538514484382624,66.3110734242975,62.677906,61.26054901402324,5.601485515617377
71,133,15000.0,9,33,3,8,0.5345536055237894,0.0467829215149125,0,0.0666860251604142,Electronics,North,M,Champions,CUST_00342,112.78195488721803,5.916666666666667,22.47887323943662,5,5,5,15,0.95,0.05,19581.76,Very High,15772.782324179445,13574.768444900272,18576.69,16076.492667615194,3808.9776758205535
37,8,800.0,199,41,2,6,0.2972646751181763,0.1362489543096876,7,0.3396736587496731,Pharmacy,West,M,At-Risk,CUST_01654,100.0,3.083333333333333,2.5945945945945943,2,2,3,7,0.4014567445210036,0.5985432554789963,158.07,Low,147.36452913742403,165.8392979075289,157.91022,154.0494664438438,10.705470862575964
31,165,4701.037414341866,20,51,3,10,0.5590040332023124,0.0561654187155929,1,0.1429680171591206,Home,North,M,Champions,CUST_00148,28.49113584449616,2.583333333333333,63.87096774193548,5,5,5,15,0.95,0.05,15157.47,Very High,13449.877405712772,19998.142978108583,14804.565,14985.669938227767,1707.5925942872273
16,3,28.8511448503091,252,24,1,6,0.1018622326267129,0.4813139850958924,10,0.5245668193410657,Grocery,West,M,Hibernating,CUST_02340,9.617048283436366,1.3333333333333333,2.25,1,1,1,3,0.2435788251149078,0.7564211748850922,9.55,Low,11.807781800548492,27.503618231700933,9.251334,13.058891961013812,2.257781800548491
6,3,113.26500202923336,312,35,1,4,0.4593692971457057,0.284219281139852,8,0.6835246324234707,Pharmacy,East,M,Hibernating,CUST_02413,37.75500067641112,0.5,6.0,1,1,1,3,0.1619073227994787,0.8380926772005213,98.32,Low,100.63260606093156,40.2339184527956,101.338394,84.03134828257967,2.3126060609315715
25,45,1473.7971361266502,67,34,2,7,0.5322360787684984,0.0578849030570625,4,0.1844634714238259,Tech,South,M,Growers,CUST_01108,32.751047469481115,2.083333333333333,21.6,3,4,4,11,0.6775109196986919,0.3224890803013081,808.41,High,828.8261098538474,979.8675185747745,787.9007,844.1278335804028,20.416109853847388
22,39,2500.0,60,28,2,6,0.6008151041663843,0.1454460427538633,7,0.2772809602038072,Clothing,East,F,Growers,CUST_00849,64.1025641025641,1.8333333333333333,21.272727272727277,4,4,4,12,0.7443522374970332,0.2556477625029668,1937.01,High,1787.487493466954,1951.6579840725672,1943.2681,1865.3586270272235,149.522506533046
7,34,1006.7698092278272,26,26,2,8,0.8315271965579746,0.1340008498923998,4,0.2289340470935112,Clothing,West,F,Growers,CUST_00967,29.61087674199492,0.5833333333333334,58.285714285714285,4,4,3,11,0.7267773972437592,0.2732226027562408,2679.62,Very High,2205.3206010043205,2119.77456723964,2415.7634,2248.5906326448335,474.29939899567944
18,24,1009.5046008840272,22,40,3,7,0.842559660453823,0.1125556439722488,3,0.3077711018391488,Clothing,South,M,Growers,CUST_01073,42.06269170350113,1.5,16.0,5,3,3,11,0.8289296267457695,0.1710703732542304,1553.36,High,1286.4627076116772,1157.2874803122927,1488.3735,1315.8359991332493,266.89729238832274
5,2,81.50494417654627,202,49,2,6,0.1955866134354386,0.2917868426059287,9,0.5197135845407375,Pharmacy,South,M,Hibernating,CUST_02465,40.75247208827314,0.4166666666666667,4.8,2,1,1,4,0.3196092155020841,0.6803907844979159,82.56,Low,78.286669476036,62.95581658868827,98.85535,80.39308910111963,4.273330523964006
44,9,352.2269007302958,96,58,2,4,0.4657573659236066,0.1631642512567118,4,0.3036127227762601,Grocery,South,F,At-Risk,CUST_01906,39.1363223033662,3.6666666666666665,2.4545454545454546,3,2,2,7,0.5380414605761258,0.4619585394238742,71.54,Low,72.53349594834145,86.88854029901312,70.212975,74.4739032241651,0.9934959483414474
60,131,15000.0,22,39,4,9,0.6749888992260353,0.0482520979209687,4,0.045416269240795,Luxury,East,F,Champions,CUST_00156,114.50381679389314,5.0,26.2,5,5,5,15,0.95,0.05,20956.03,Very High,19012.073725975573,18905.737952113584,20691.344,19479.155398391275,1943.9562740244255
13,58,1307.366739922479,42,28,3,8,0.7075632912751559,0.1139144738123145,5,0.2229033362100826,Sports,East,M,Growers,CUST_00666,22.540805860732394,1.0833333333333333,53.53846153846154,4,5,4,13,0.9387237397462836,0.0612762602537163,9518.56,Very High,6994.656704393222,5509.100381787893,8917.12,7172.451098723481,2523.9032956067776
26,26,870.1346437054608,34,45,2,9,0.8463003948637703,0.1103847365181271,4,0.3348060340428016,Sports,East,F,Growers,CUST_00662,33.46671706559464,2.1666666666666665,12.0,4,3,3,10,0.7431729738152628,0.2568270261847372,520.88,Medium,571.8721300790817,555.8173939991563,531.6738,556.3267200622397,50.992130079081676
18,34,800.0,41,33,3,6,0.7009256613089021,0.0772573135913681,4,0.1376831018241175,Clothing,South,F,Growers,CUST_01003,23.529411764705884,1.5,22.666666666666668,4,4,3,11,0.6961019370913932,0.3038980629086067,530.07,Medium,662.6688248027151,784.4347460946442,559.41315,651.4545465392785,132.59882480271506
17,7,65.75499441845692,189,70,1,1,0.2183961981103175,0.4795862145060546,13,0.9612736933635856,Grocery,North,M,Hibernating,CUST_02342,9.393570631208132,1.4166666666666667,4.941176470588235,2,2,1,5,0.3846507379037503,0.6153492620962497,28.19,Low,31.221865802102194,50.25740151175627,27.535442,33.09118341745247,3.0318658021021925
21,6,15.726719155883735,326,34,1,1,0.346565128037266,0.3479634318715967,18,0.8868671260554949,Pharmacy,North,M,Hibernating,CUST_02517,2.621119859313956,1.75,3.4285714285714284,1,2,1,4,0.3482288247334993,0.6517711752665006,5.2,Low,10.278989613677423,37.89912460813209,6.0233283,11.533892807926282,5.078989613677423
38,198,10404.04724033452,16,37,3,9,0.6480780725689625,0.0748524658569329,1,0.1207761596040565,Luxury,North,F,Champions,CUST_00177,52.54569313300263,3.1666666666666665,62.526315789473685,5,5,5,15,0.9415895631897392,0.0584104368102608,19470.26,Very High,17379.202600550176,35119.55784299869,18323.973,20325.038202293657,2091.0573994498227
8,4,122.17628970174704,347,50,1,5,0.1713512156574574,0.2856524499249174,19,0.7972361262502116,Grocery,East,F,Hibernating,CUST_02655,30.544072425436763,0.6666666666666666,6.0,1,1,1,3,0.2045835691418882,0.7954164308581118,78.02,Low,79.95056477976773,42.45959586731023,78.870674,70.19398542720523,1.9305647797677352
47,11,238.619940468152,110,43,2,5,0.5541556560535428,0.2522615997511964,14,0.4184572657605682,Clothing,West,M,At-Risk,CUST_01880,21.692721860741088,3.9166666666666665,2.8085106382978724,3,2,2,7,0.5259732220306753,0.4740267779693247,51.86,Low,54.88438658329665,72.27982127112911,49.91981,56.373084940761935,3.0243865832966534
30,16,800.0,149,39,2,6,0.3623408421340083,0.1646502952001182,13,0.4642894279849712,Clothing,East,M,At-Risk,CUST_01525,50.0,2.5,6.4,2,3,3,8,0.5221426746919243,0.4778573253080757,206.21,Medium,211.21255511168562,210.18494826860973,214.75615,212.06254838070456,5.002555111685609
4,7,103.47950188809412,357,19,2,2,0.4939207391534981,0.2294378160040482,4,0.6360630179405277,Pharmacy,West,F,Hibernating,CUST_02818,14.782785984013447,0.3333333333333333,21.0,1,2,1,4,0.318439815397915,0.681560184602085,151.47,Low,145.1235717624244,85.2535544506621,152.0113,132.33145629537788,6.346428237575594
19,48,2208.669307259392,74,36,2,7,0.8029764841887415,0.1007365472064829,4,0.2762972447293386,Clothing,East,F,Growers,CUST_01204,46.013943901237326,1.5833333333333333,30.31578947368421,3,4,4,11,0.7299456359522787,0.2700543640477213,1671.71,High,1623.7815480514305,1738.7845225343963,1789.1626,1694.7598559052333,47.928451948569545
53,63,12121.394111464466,28,48,4,8,0.6384703914984187,0.0281769587265289,3,0.1366239397029472,Luxury,South,M,Champions,CUST_00025,192.4030811343566,4.416666666666667,14.264150943396226,4,5,5,14,0.909037194746411,0.090962805253589,12442.94,Very High,9993.480463596432,11761.412036442742,11735.496,10834.300744306725,2449.4595364035686
22,7,95.30027671892422,239,64,2,1,0.2072818742090002,0.435761499219977,11,0.7280532680381128,Pharmacy,East,M,Hibernating,CUST_02811,13.614325245560604,1.8333333333333333,3.8181818181818175,1,2,1,4,0.2268535896304493,0.7731464103695507,24.56,Low,24.59523877720929,26.78871530477404,25.087183,25.16865783007467,0.03523877720929036
13,5,68.87912429728928,315,60,2,4,0.1342786652628237,0.2797481705821343,17,0.979274285906888,Grocery,South,M,Hibernating,CUST_02810,13.775824859457856,1.0833333333333333,4.615384615384616,1,1,1,3,0.2253477767701746,0.7746522232298253,24.49,Low,26.689397541705226,33.53558897927873,26.014585,27.726957857676634,2.1993975417052276
39,19,200.0,66,59,2,6,0.4505464615405962,0.1894650082223273,13,0.3568617674621268,Pharmacy,West,M,At-Risk,CUST_02078,10.526315789473683,3.25,5.846153846153846,3,3,2,8,0.6142373280276872,0.3857626719723128,48.31,Low,69.03995053124373,109.68137120870531,49.25043,68.47519757724372,20.72995053124373
21,4,335.31379691948746,120,24,1,7,0.5263356684710774,0.1322092357763179,8,0.6778321579832467,Pharmacy,North,M,At-Risk,CUST_02300,83.82844922987186,1.75,2.2857142857142856,2,1,2,5,0.2275125774572273,0.7724874225427727,114.98,Low,87.28828013405149,64.77848867736829,103.39919,86.53414073357641,27.691719865948514
27,31,1497.4344063674955,59,25,3,8,0.644852697098999,0.1237087690504352,6,0.1436026358041037,Clothing,East,M,Growers,CUST_00876,48.30433568927405,2.25,13.77777777777778,4,4,4,12,0.8689867605543286,0.1310132394456714,2091.62,High,1973.5877944252009,1650.8557709305237,1675.5507,1813.0854374272274,118.03220557479904
19,7,45.754090166779086,268,70,2,6,0.3790991998723406,0.3919231638450038,18,0.5571157717093229,Grocery,North,F,Hibernating,CUST_02900,6.536298595254155,1.5833333333333333,4.421052631578948,1,2,1,4,0.326691884987402,0.673308115012598,17.04,Low,15.279137863281864,36.367639064408415,15.703556,18.371244461486235,1.760862136718135
22,29,800.0,85,29,3,6,0.5677638456749492,0.1470064537020164,2,0.2290127055854481,Clothing,North,F,Growers,CUST_00939,27.58620689655172,1.8333333333333333,15.818181818181818,3,4,3,10,0.630982583951127,0.3690174160488729,414.64,Medium,460.19561901526635,460.7829877923843,417.76947,447.14926785288606,45.55561901526636
17,7,82.09977887435875,296,33,2,5,0.1468348669419379,0.2044726366649055,9,0.6950305864901221,Pharmacy,North,M,Hibernating,CUST_02698,11.728539839194108,1.4166666666666667,4.941176470588235,1,2,1,4,0.2591387418013924,0.7408612581986076,34.33,Low,27.204707133714674,36.10205582996714,28.797598,29.289688660114813,7.125292866285324
22,10,800.0,158,57,1,6,0.3839129767369997,0.1312027632047075,4,0.6147861967869825,Clothing,South,F,At-Risk,CUST_01553,80.0,1.8333333333333333,5.454545454545455,2,2,3,7,0.371797397912691,0.6282026020873089,206.03,Medium,225.4854537574086,189.47900429527073,228.87294,218.75359272031352,19.455453757408605
25,120,11475.008099951798,10,45,4,10,0.7865383989561492,0.05757432276766,2,0.0711462997302645,Luxury,West,F,Champions,CUST_00347,95.62506749959832,2.083333333333333,57.6,5,5,5,15,0.95,0.05,43166.19,Very High,29529.892399069373,44968.13982842227,34853.87,33758.83398620743,13636.29760093063
16,6,200.0,210,62,1,2,0.1128447162946261,0.4104178298858217,8,0.8273766325398935,Pharmacy,South,M,Hibernating,CUST_02508,33.333333333333336,1.3333333333333333,4.5,1,2,2,5,0.3146525094409221,0.685347490559078,71.68,Low,72.59727978768721,67.58473379597636,71.52901,71.24868259414366,0.9172797876872067
1,5,57.229171018566944,357,33,2,2,0.3951513411223954,0.2146764643924998,16,0.7961056586637792,Grocery,West,M,Hibernating,CUST_02972,11.445834203713389,0.0833333333333333,60.0,1,1,1,3,0.1511824124470869,0.8488175875529131,272.8,Medium,192.84800453025937,111.8249023371961,249.44125,186.85530319185986,79.95199546974064
37,4,533.329319628019,69,47,2,7,0.2048388349965604,0.1266841106430883,14,0.5918056793743489,Grocery,East,F,At-Risk,CUST_02038,133.33232990700475,3.083333333333333,1.2972972972972971,3,1,3,7,0.4564068373560968,0.5435931626439032,124.18,Low,129.86236551699994,197.93251328001207,121.89576,138.63992841869256,5.682365516999937
28,16,487.61621019303215,159,29,2,5,0.2348027069242524,0.1702149811323133,11,0.3675015231067092,Clothing,East,F,At-Risk,CUST_01927,30.47601313706451,2.333333333333333,6.857142857142857,2,3,2,7,0.5522901725683995,0.4477098274316005,159.89,Low,158.70158202333874,127.71029770294052,160.63373,152.51008453029195,1.188417976661242
25,107,15000.0,12,41,3,9,0.6625030381495594,0.0372108443513582,0,0.0305991905414081,Luxury,East,F,Champions,CUST_00386,140.18691588785046,2.083333333333333,51.36,5,5,5,15,0.95,0.05,47218.52,Very High,34574.31770171966,66983.84685454467,46440.15,43116.08293166373,12644.20229828034
30,7,371.4850322487558,62,66,2,6,0.3724340871436072,0.2335321046254712,4,0.5016697481751599,Grocery,North,F,At-Risk,CUST_01830,53.069290321250826,2.5,2.8,4,2,2,8,0.6022120887696926,0.3977879112303074,121.38,Low,122.7864796999986,179.7794179048112,122.042175,132.285419686398,1.4064796999985987
24,7,256.7678327315701,96,30,2,7,0.5928759613662228,0.1604145801578339,13,0.6186944155564891,Pharmacy,North,M,At-Risk,CUST_02162,36.68111896165287,2.0,3.5,3,2,2,7,0.5468723757575769,0.4531276242424231,73.61,Low,90.62029090766853,133.2051613699943,76.52886,93.0564761324093,17.010290907668534
13,1,45.2272756131823,337,34,1,1,0.1131346722520493,0.4606198389973951,10,0.6473238501486656,Grocery,North,M,Hibernating,CUST_02509,45.2272756131823,1.0833333333333333,0.9230769230769232,1,1,1,3,0.1862026138597995,0.8137973861402005,20.13,Low,21.644928762838834,35.39316993146305,19.491829,23.1637137260686,1.514928762838835
27,15,321.00712478280434,66,63,2,4,0.5241650452563947,0.2149552491344541,7,0.333002033894753,Pharmacy,West,M,At-Risk,CUST_02197,21.40047498552029,2.25,6.666666666666667,3,3,2,8,0.5637755569308395,0.4362244430691605,98.43,Low,122.75430010150758,138.22736671331975,103.13047,119.30909074177919,24.324300101507575
38,117,5629.907807765866,2,40,4,10,0.3194690083438328,0.0678245279183799,3,0.1136664840562736,Electronics,South,M,Champions,CUST_00244,48.11887015184501,3.1666666666666665,36.94736842105263,5,5,5,15,0.95,0.05,16446.05,Very High,12490.915523472351,10239.054962189153,15300.6,12757.39622484111,3955.134476527648
45,11,465.4397210367975,81,56,2,5,0.205335217933805,0.1880904630642524,3,0.3596369683081253,Pharmacy,North,F,At-Risk,CUST_02087,42.31270191243613,3.75,2.933333333333333,3,2,2,7,0.5158771378509505,0.4841228621490495,85.94,Low,93.36477375654029,82.59614215252535,89.68716,90.01353424213406,7.42477375654029
41,14,346.6557844691722,166,46,2,7,0.4733892559094982,0.2166993069928716,10,0.3848789022065611,Grocery,South,M,At-Risk,CUST_01827,24.761127462083728,3.4166666666666665,4.097560975609756,2,3,2,7,0.4657971179709304,0.5342028820290696,80.9,Low,66.6661715757152,72.29861812775425,69.63349,68.64792451158505,14.233828424284809
21,51,915.0111390322444,88,29,3,6,0.6451752205278305,0.1229915629512577,1,0.2005376190487321,Tech,South,F,Growers,CUST_00937,17.941394882985183,1.75,29.142857142857142,3,4,3,10,0.679112881647921,0.3208871183520789,434.77,Medium,580.2298187973907,704.5833166943937,466.34735,564.9467672658043,145.45981879739077
37,10,236.7634626846525,168,23,2,4,0.3237708124797163,0.1218225288371155,14,0.4262552508802615,Pharmacy,East,F,At-Risk,CUST_01690,23.67634626846525,3.083333333333333,3.243243243243243,2,2,2,6,0.3631786008117366,0.6368213991882634,47.1,Low,50.522975961315716,53.75510590708842,46.06133,49.75568383476775,3.4229759613157142
5,3,38.01082829742248,316,43,2,4,0.2531086622176116,0.3164456864266918,13,0.6386451141387363,Grocery,East,F,Hibernating,CUST_02581,12.670276099140828,0.4166666666666667,7.199999999999999,1,1,1,3,0.3011087429414302,0.6988912570585697,52.99,Low,49.95492062649924,49.929592556018925,52.625126,50.73656810518154,3.035079373500764
42,135,9504.6166090427,13,49,3,10,0.7404865028198286,0.0434969858943665,3,0.054510589799914,Home,West,F,Champions,CUST_00313,70.40456747439038,3.5,38.57142857142857,5,5,5,15,0.95,0.05,23114.48,Very High,19827.991177434553,16777.608748530103,21451.625,19634.665792041757,3286.4888225654468
31,22,1516.5824817083496,43,44,2,6,0.6931193360149472,0.0671731162901869,7,0.1079037528178105,Clothing,North,F,Growers,CUST_01460,68.93556735037953,2.583333333333333,8.516129032258064,4,3,4,11,0.7078885655626834,0.2921114344373166,559.32,Medium,753.2817776442256,914.2566328275234,586.22003,726.3034949200849,193.96177764422555
5,5,105.29033906406713,207,25,1,6,0.3371837821989151,0.352123939721814,8,0.6626909779633717,Pharmacy,East,F,Hibernating,CUST_02926,21.058067812813423,0.4166666666666667,12.0,1,1,1,3,0.236060952393097,0.763939047606903,104.19,Low,117.69329386754713,41.85529648647671,110.87033,94.11050167048714,13.503293867547129
21,9,417.81254802170446,191,64,2,4,0.3316968134098522,0.1952386927113111,8,0.5556621382601159,Grocery,West,M,At-Risk,CUST_02108,46.42361644685605,1.75,5.142857142857143,2,2,2,6,0.3392319508696497,0.6607680491303503,137.89,Low,128.5781502972176,90.94059789608036,137.31992,122.37660361183094,9.311849702782382
17,54,2500.0,74,28,3,7,0.8221827456065482,0.084645130734306,2,0.2250370207910998,Clothing,South,F,Growers,CUST_01333,46.2962962962963,1.4166666666666667,38.11764705882353,3,4,4,11,0.7548273633143111,0.2451726366856889,2575.96,Very High,2064.315527019639,2359.866159023601,2486.6604,2242.080682254723,511.6444729803611
14,54,2058.2954665613047,84,46,2,6,0.664176061275618,0.0823427355322215,5,0.3304613748869462,Clothing,East,F,Growers,CUST_00969,38.11658271409824,1.1666666666666667,46.285714285714285,3,4,4,11,0.6696076934606073,0.3303923065393926,1953.03,High,2083.350257372596,2228.5413582259,2071.069,2107.869700993622,130.32025737259596
23,40,928.4401406665452,37,47,2,9,0.7619921326240757,0.0660853498149285,4,0.1218581743734106,Sports,East,M,Growers,CUST_01455,23.211003516663627,1.9166666666666667,20.869565217391305,4,4,3,11,0.8915008143057574,0.1084991856942425,1480.4,High,1725.38104675424,1078.7507859990394,1594.1757,1533.8843420948685,244.98104675423997
25,48,1397.666325339079,44,30,2,9,0.7471134080208522,0.1018551756068977,7,0.1130462479915907,Clothing,South,M,Growers,CUST_00661,29.118048444564156,2.083333333333333,23.04,4,4,4,12,0.7843670634992704,0.2156329365007295,1374.12,High,1219.1797521916524,1555.2939867423886,1247.4187,1288.847515390577,154.94024780834752
15,13,659.3274264633715,95,42,2,6,0.2353194360430685,0.2799385240555212,5,0.3052720150997805,Pharmacy,North,M,At-Risk,CUST_01935,50.71749434333627,1.25,10.4,3,2,3,8,0.5518820007381593,0.4481179992618407,609.25,Medium,427.8506371573689,358.9302024227623,551.3286,445.74116363244667,181.3993628426311
20,56,2321.106229892566,60,33,2,9,0.5688280844004698,0.0585842277620582,1,0.3205531029543284,Sports,West,F,Growers,CUST_00936,41.44832553379582,1.6666666666666667,33.6,4,4,4,12,0.6751600941440457,0.3248399058559543,1524.12,High,1733.9969942385953,2051.4406907447096,1587.0228,1746.272196485706,209.87699423859544
72,57,13270.193663596749,23,41,4,8,0.7019024452417375,0.0182753035603762,3,0.0873105196686335,Electronics,South,M,Champions,CUST_00371,232.8104151508201,6.0,9.5,5,5,5,15,0.9412433461957016,0.0587566538042985,14101.81,Very High,12088.472420922726,13328.40781542907,12393.981,12419.516261296349,2013.3375790772734
51,194,11693.317649999644,27,30,3,10,0.6317617969567262,0.0659848355112048,4,0.0326381909897466,Electronics,North,F,Champions,CUST_00567,60.27483324742085,4.25,45.64705882352941,4,5,5,14,0.8853196420501187,0.1146803579498813,8468.21,Very High,7415.336424093931,15513.628024217356,7512.5923,8628.731762569356,1052.8735759060683
23,16,800.0,147,41,1,6,0.350150065936154,0.1510003516053839,8,0.3195331734518914,Pharmacy,South,M,At-Risk,CUST_01974,50.0,1.9166666666666667,8.347826086956522,2,3,3,8,0.3984608500937554,0.6015391499062446,294.44,Medium,260.70604630855695,192.28765982824993,279.40427,250.4682335864393,33.73395369144305
35,6,291.13467122392234,197,60,2,7,0.2917346287620291,0.1557600525315279,13,0.698950541038172,Grocery,North,M,At-Risk,CUST_01855,48.522445203987054,2.9166666666666665,2.0571428571428574,2,2,2,6,0.4300442224420702,0.5699557775579298,69.41,Low,69.66649758743552,76.83114748382589,69.80362,71.08652930859847,0.2564975874355184
35,59,1701.4579689825791,31,32,3,7,0.5914326077417695,0.1299290005904214,7,0.3333754691756087,Clothing,South,M,Growers,CUST_01025,28.83827066072168,2.9166666666666665,20.22857142857143,4,5,4,13,0.9156479062718124,0.0843520937281875,2062.71,High,2893.9193556507958,1836.3522537569872,2159.9346,2420.3037185114063,831.2093556507957
25,54,988.876974783096,62,34,2,9,0.7526781681777104,0.1150307157307256,4,0.1139595552191186,Clothing,West,F,Growers,CUST_00825,18.312536570057333,2.083333333333333,25.92,4,4,3,11,0.7504586175070062,0.2495413824929938,607.29,Medium,724.8060829217345,889.8639466758076,664.1911,735.6420738576545,117.51608292173455
11,32,1455.8109061911384,25,36,2,7,0.7516526534316891,0.1205408873973483,4,0.1432813597912889,Clothing,South,F,Growers,CUST_00983,45.49409081847308,0.9166666666666666,34.909090909090914,4,4,4,12,0.7992020685067751,0.2007979314932249,2379.32,High,2507.6381677071186,2742.59907834962,2516.8054,2555.7594518365577,128.3181677071184
3,6,50.14382110810094,201,40,1,2,0.2895148956803846,0.3613974261599963,10,0.7751009393979451,Grocery,East,F,Hibernating,CUST_02673,8.357303518016822,0.25,24.0,2,2,1,5,0.4403238614961562,0.5596761385038438,187.91,Low,117.64214278323884,112.97814624847854,184.19536,133.51566244535115,70.26785721676116
21,5,44.34743943852322,315,51,1,3,0.2459682057599937,0.4993233263020551,9,0.8679475471264715,Grocery,East,M,Hibernating,CUST_02957,8.869487887704643,1.75,2.857142857142857,1,1,1,3,0.0948475241565013,0.9051524758434988,10.78,Low,11.86207231018609,19.611016799450777,10.804801,12.775043586156142,1.0820723101860903
41,14,320.883370355365,80,55,2,6,0.4587518173276804,0.281529253197666,8,0.4878008929097336,Grocery,South,F,At-Risk,CUST_01646,22.92024073966893,3.4166666666666665,4.097560975609756,3,3,2,8,0.5363255491882671,0.4636744508117328,64.83,Low,71.3479990300513,93.70092493649706,64.206856,73.00688173888895,6.5179990300513
16,1,200.0,280,29,1,3,0.1536933322379769,0.4116911883104719,7,0.5894916277907833,Pharmacy,East,F,Hibernating,CUST_02583,200.0,1.3333333333333333,0.75,1,1,2,4,0.1832455850388328,0.8167544149611672,58.08,Low,62.81737331525729,123.17348107209067,66.789955,73.23776215947684,4.737373315257294
22,8,672.2372770054674,193,68,2,7,0.419394578438366,0.2158281001426878,12,0.6974802093552819,Clothing,South,F,At-Risk,CUST_02246,84.02965962568342,1.8333333333333333,4.363636363636364,2,2,3,7,0.4011861813316238,0.5988138186683762,241.83,Medium,212.72268406112127,209.5732803459787,230.88905,217.36853230639437,29.10731593887874
44,13,481.4090612353421,68,24,1,7,0.4034016510453436,0.1739747077227355,4,0.6160631882277792,Pharmacy,West,F,At-Risk,CUST_02119,37.03146624887246,3.6666666666666665,3.5454545454545454,3,2,2,7,0.4970694289199228,0.5029305710800771,104.65,Low,99.13613809942379,77.6038625381246,100.08618,94.67352151781225,5.513861900576217
14,54,1576.9196050291887,31,25,3,7,0.7174180779896087,0.1188487791311559,3,0.1692254224352344,Sports,East,M,Growers,CUST_00814,29.202214907947937,1.1666666666666667,46.285714285714285,4,4,4,12,0.8444647392717856,0.1555352607282144,3428.42,Very High,2932.746986688335,3587.1287794201908,3251.6023,3149.316740906422,495.6730133116653
22,7,402.271448186921,186,39,2,4,0.4701600885678228,0.112283488328764,8,0.6858991259769707,Clothing,North,M,At-Risk,CUST_01793,57.46734974098872,1.8333333333333333,3.8181818181818175,2,2,2,6,0.4238605622827698,0.5761394377172302,125.05,Low,117.78529641461584,109.80567011372672,131.53491,120.05781589819038,7.264703585384154
9,30,800.0,62,33,3,9,0.6615915337591081,0.0618839134393959,7,0.3405188445093057,Clothing,East,F,Growers,CUST_01431,26.666666666666668,0.75,40.0,4,4,3,11,0.834831742028553,0.1651682579714469,2366.43,High,2106.7063457278628,1856.0349782459803,2465.3518,2153.198021318339,259.7236542721371
20,21,877.7027294792609,38,41,2,9,0.841566531163729,0.0705724827529666,1,0.2392226595682735,Clothing,West,F,Growers,CUST_00779,41.795368070441,1.6666666666666667,12.6,4,3,3,10,0.6305062133597817,0.3694937866402182,507.21,Medium,559.64829460483,518.2844339164575,499.57474,532.6629105958451,52.43829460482999
25,8,679.6526746514978,106,56,2,7,0.4110821168611889,0.1868402055954878,6,0.3332129398050272,Clothing,South,F,At-Risk,CUST_01750,84.95658433143723,2.083333333333333,3.84,3,2,3,8,0.507241192739969,0.4927588072600309,201.36,Medium,213.94513283121915,280.68649969059385,215.17766,226.27952118680452,12.585132831219141
6,27,2277.562707047951,49,43,3,8,0.493944975136257,0.1391867983751081,6,0.137916740089405,Clothing,East,F,Growers,CUST_01321,84.35417433510929,0.5,54.0,4,3,4,11,0.6846428745381028,0.3153571254618972,4399.57,Very High,3777.202937779019,4225.894075817837,4472.314,4063.767805396314,622.3670622209806
12,5,86.87675143647904,258,65,1,1,0.1635516056781616,0.3228962517656951,4,0.5920598600990646,Grocery,West,F,Hibernating,CUST_02400,17.37535028729581,1.0,5.0,1,1,1,3,0.2731035940834384,0.7268964059165617,44.5,Low,38.30468830955555,36.554941172014395,40.66385,38.63541598401002,6.1953116904444485
9,3,48.8862504129576,348,49,1,4,0.41953783491887,0.3716631780814023,12,0.8929018863411755,Grocery,East,M,Hibernating,CUST_02872,16.2954168043192,0.75,4.0,1,1,1,3,0.208719781868895,0.7912802181311049,29.69,Low,27.808539603681584,37.30684222155795,28.848885,29.824378330138067,1.8814603963184169
16,55,1654.8992858450747,86,39,3,6,0.5983964407328266,0.1003732745308234,6,0.1193718225339373,Sports,South,F,Growers,CUST_01053,30.089077924455903,1.3333333333333333,41.25,3,4,4,11,0.6665473032641985,0.3334526967358014,1415.51,High,1345.2095267017794,1804.6014131816494,1235.649,1390.7290872615763,70.3004732982206
1,3,75.22899686054832,331,68,1,2,0.2330113439018283,0.2006521351344762,9,0.814407917309498,Pharmacy,South,F,Hibernating,CUST_02322,25.07633228684944,0.0833333333333333,36.0,1,1,1,3,0.242625063797752,0.7573749362022479,469.74,Medium,302.71729831334085,90.616095227828,460.41983,269.93058147186497,167.02270168665916
25,40,1045.370732212415,28,49,3,9,0.4112461648177702,0.089622014448178,6,0.2883470287299589,Tech,North,F,Growers,CUST_01014,26.13426830531038,2.083333333333333,19.2,4,4,3,11,0.8281648897932324,0.1718351102067675,1279.8,High,1088.9655938373708,879.2682209375961,1140.1259,1057.8380008884687,190.8344061626292
21,5,561.3745904892226,177,46,2,7,0.3036432026941205,0.1360044613728169,7,0.6505513720270686,Clothing,East,M,At-Risk,CUST_01929,112.2749180978445,1.75,2.857142857142857,2,1,3,6,0.258919916367976,0.7410800836320239,134.86,Low,168.1272222357596,155.51594485767666,144.03131,158.02192699001998,33.26722223575959
26,30,2500.0,75,39,2,8,0.8032813160652017,0.1418111338760561,6,0.2144066581473602,Clothing,South,M,Growers,CUST_01402,83.33333333333333,2.1666666666666665,13.846153846153848,3,4,4,11,0.6825755148615412,0.3174244851384588,1398.4,High,1226.1481753920057,1170.7294516247628,1327.5679,1244.171523118326,172.25182460799442
47,5,786.8705925427032,149,52,2,4,0.504779479576059,0.2192840989247934,11,0.3858857478079249,Grocery,North,M,At-Risk,CUST_01823,157.37411850854065,3.9166666666666665,1.2765957446808511,2,1,3,6,0.2834276770195819,0.7165723229804181,109.8,Low,111.1046502650396,113.51678760198398,107.06857,110.35135380188983,1.304650265039598
22,6,200.0,63,58,2,5,0.3410576124546917,0.243864510760944,9,0.5951329442023692,Clothing,South,M,At-Risk,CUST_02248,33.333333333333336,1.8333333333333333,3.272727272727273,3,2,2,7,0.5613730546139769,0.4386269453860231,83.07,Low,100.18956784123574,132.5936779822188,83.70044,100.41233671364226,17.11956784123575
2,1,85.79541196009232,306,43,2,6,0.1669138957173649,0.4668843403786939,6,0.6595447131363299,Pharmacy,North,F,Hibernating,CUST_02494,85.79541196009232,0.1666666666666666,6.0,1,1,1,3,0.2101620936939221,0.7898379063060779,232.32,Medium,160.8220629404994,64.40903167121277,229.38045,149.09981235986746,71.4979370595006
5,2,200.0,192,60,2,2,0.2491131039767439,0.2149261374240929,10,0.8999769829122439,Grocery,West,M,Hibernating,CUST_02592,100.0,0.4166666666666667,4.8,2,1,2,5,0.3363391239280086,0.6636608760719914,242.49,Medium,154.10899440403142,149.30390250229826,242.30484,175.42404610085308,88.38100559596859
47,68,14027.231649704763,12,41,4,10,0.4862666368797754,0.0459866809785881,1,0.0710153489062532,Electronics,East,M,Champions,CUST_00127,206.28281837801123,3.9166666666666665,17.361702127659576,5,5,5,15,0.95,0.05,34396.62,Very High,22842.173802343692,25568.593874260132,31415.162,25707.042429760426,11554.44619765631
28,18,800.0,188,32,2,4,0.4471168168836399,0.268448808416775,6,0.6536440852822628,Clothing,West,M,At-Risk,CUST_02092,44.44444444444444,2.333333333333333,7.7142857142857135,2,3,3,8,0.516740014556972,0.4832599854430279,252.25,Medium,241.0302487115888,234.24352848346095,250.00291,242.29993790686854,11.219751288411203
35,11,575.6306672470599,113,51,2,5,0.4346862735687198,0.2318877122232207,6,0.6512231811167335,Grocery,South,M,At-Risk,CUST_02135,52.33006065882363,2.9166666666666665,3.771428571428572,2,2,3,7,0.4651680451464829,0.5348319548535171,138.2,Low,133.58647458746503,133.41183223974355,137.41928,134.68980503339412,4.613525412534955
35,38,1882.0976850392328,54,46,3,9,0.6513918553859859,0.0620399966681287,1,0.1603857031789944,Tech,South,F,Growers,CUST_00888,49.52888644840086,2.9166666666666665,13.028571428571428,4,4,4,12,0.7819461617374677,0.2180538382625323,995.55,High,1236.1514343254532,1206.0246939935082,1009.63245,1157.5976882316913,240.60143432545328
10,7,75.99405823568402,349,63,1,2,0.1362698602451796,0.2001033103953623,4,0.7669809724054428,Pharmacy,South,M,Hibernating,CUST_02457,10.856294033669146,0.8333333333333334,8.4,1,2,1,4,0.3057577401918888,0.6942422598081113,42.78,Low,40.381901255239924,54.536656066698214,44.369164,44.117955482975255,2.398098744760077
28,28,1683.7155150712451,64,38,2,9,0.6219063704900405,0.1328606133648783,4,0.2723347055500207,Sports,East,M,Growers,CUST_01348,60.13269696683018,2.333333333333333,12.0,3,4,4,11,0.6318346871881196,0.3681653128118803,564.29,Medium,694.6851010292838,770.4864973443958,588.5906,674.8296206322821,130.39510102928386
16,55,2156.822331289199,31,45,3,9,0.6250142560093437,0.0735753180004783,6,0.3294082977304275,Tech,South,M,Growers,CUST_01008,39.21495147798544,1.3333333333333333,41.25,4,4,4,12,0.7617220955044987,0.2382779044955013,2802.27,Very High,2295.4893410731115,2885.1752845156316,2654.9438,2510.0910607279206,506.78065892688846
32,95,6863.163825601094,9,49,4,9,0.3648394891121176,0.0111370410246617,4,0.0997108807366269,Home,East,M,Champions,CUST_00356,72.24382974316941,2.6666666666666665,35.625,5,5,5,15,0.95,0.05,20216.82,Very High,18679.147082078398,13494.48124227559,19433.84,17712.40998371521,1537.6729179216018
22,29,1747.4808277979769,29,39,3,9,0.6864968220567964,0.1415500876245415,7,0.1697093958944021,Clothing,South,F,Growers,CUST_01004,60.25795957924058,1.8333333333333333,15.818181818181818,4,4,4,12,0.746958034552414,0.2530419654475859,1260.18,High,1351.0515992659768,1498.8907776777914,1430.5607,1403.2728764632386,90.87159926597678
20,37,1794.8272936945846,74,40,2,6,0.7434780346138954,0.0736636740633526,6,0.234584872587504,Tech,North,F,Growers,CUST_01484,48.50884577552931,1.6666666666666667,22.2,3,4,4,11,0.7660986838760923,0.2339013161239077,1407.85,High,1446.7623694835897,1480.911248496417,1658.5795,1514.3484070025252,38.91236948358983
12,34,1311.269914520184,42,32,3,8,0.7225685619678603,0.147543828985357,5,0.2207383408041663,Tech,West,M,Growers,CUST_00683,38.56676219177012,1.0,34.0,4,4,4,12,0.7580996489879244,0.2419003510120756,1949.14,High,2024.7148843533332,2378.9436847926468,2101.0786,2114.4229198971634,75.57488435333312
6,48,1392.6088434983117,33,31,3,9,0.5966153489864388,0.0551783443943067,1,0.2225278691591138,Sports,West,F,Growers,CUST_00828,29.01268423954816,0.5,96.0,4,4,4,12,0.8393399296058623,0.1606600703941376,5631.15,Very High,4430.092783051433,10305.428301642314,5351.6455,5550.976861046111,1201.0572169485667
1,4,108.59299321014431,260,39,2,4,0.2604270510224564,0.3067035692092947,13,0.715795682161389,Grocery,West,M,Hibernating,CUST_02851,27.14824830253608,0.0833333333333333,48.0,1,1,1,3,0.2093418118765738,0.7906581881234261,557.95,Medium,421.7257062685355,95.482366858346,558.2245,341.13285448952246,136.22429373146457
34,12,292.95225314196864,103,63,1,6,0.3062952312662717,0.1951663190002582,6,0.3081085490731033,Pharmacy,South,M,At-Risk,CUST_02205,24.41268776183072,2.833333333333333,4.235294117647059,3,2,2,7,0.5015425974255231,0.4984574025744769,60.07,Low,68.47695396332395,95.45174921055651,63.29122,71.4816291536379,8.40695396332395
1,7,39.94101695555465,257,18,1,6,0.4574399274728045,0.3992326671449087,13,0.4187692184630077,Pharmacy,West,M,Hibernating,CUST_02692,5.705859565079236,0.0833333333333333,84.0,1,2,1,4,0.3743081822482579,0.6256918177517421,276.98,Medium,201.80857580397088,264.50699266482513,272.1396,233.0312085325907,75.17142419602914
13,54,2500.0,35,48,3,8,0.7179372636655035,0.0724838574717974,1,0.1616149674093762,Clothing,East,F,Growers,CUST_00985,46.2962962962963,1.0833333333333333,49.84615384615385,4,4,4,12,0.6869699851536211,0.3130300148463789,2673.62,Very High,2773.4080190394284,3324.760695131512,2642.2136,2834.326277317466,99.78801903942849
25,20,1383.5927379657105,74,47,3,9,0.7951222379505737,0.1293312846399901,3,0.107605578598321,Clothing,South,M,Growers,CUST_01234,69.17963689828551,2.083333333333333,9.6,3,3,4,10,0.5901897551588448,0.4098102448411552,668.42,Medium,659.1983013853342,667.0549477212718,668.3101,663.4891726605886,9.221698614665797
5,4,56.23942719895268,189,31,2,6,0.4846945081226657,0.3658195611768617,15,0.7072079474612769,Grocery,North,M,Hibernating,CUST_02554,14.059856799738167,0.4166666666666667,9.6,2,1,1,4,0.2459809831717279,0.7540190168282721,61.25,Low,64.43633423202225,48.518711413689665,61.461304,60.03046415964502,3.186334232022247
32,16,800.0,159,31,1,5,0.5900845851896606,0.1350541204485506,3,0.6739178880242112,Grocery,East,F,At-Risk,CUST_01640,50.0,2.6666666666666665,6.0,2,3,3,8,0.4019289795433481,0.598071020456652,167.0,Low,182.4832898743774,156.3594289522806,172.44398,173.95430315440805,15.483289874377391
65,147,4887.389377918757,2,35,3,10,0.5742095814967814,0.0762729371284568,3,0.0317618793078629,Home,East,F,Champions,CUST_00141,33.24754678856298,5.416666666666667,27.138461538461534,5,5,5,15,0.9402634133121154,0.0597365866878846,4185.61,Very High,5597.256313544701,4466.928497275004,4427.0083,4986.813049801424,1411.6463135447011
34,157,7239.477451240062,21,45,4,10,0.7224356738776145,0.0376200620723246,0,0.1251246162312662,Luxury,South,M,Champions,CUST_00218,46.1113213454781,2.833333333333333,55.41176470588235,5,5,5,15,0.95,0.05,21097.39,Very High,18207.400298713914,21696.12513036097,20928.97,19661.873411948516,2889.9897012860856
6,4,79.1698976786448,266,42,1,2,0.2994965118253219,0.4027312556521855,12,0.6690281439419667,Pharmacy,North,M,Hibernating,CUST_02466,19.7924744196612,0.5,8.0,1,1,1,3,0.1637326435396777,0.8362673564603222,75.77,Low,75.65980569251992,34.682948158100025,72.88387,64.0640199069588,0.11019430748007153
43,53,10301.484202525991,10,46,4,10,0.3734609617918853,0.0166093228362336,2,0.0992014018417086,Luxury,East,M,Champions,CUST_00363,194.3676264627546,3.583333333333333,14.790697674418604,5,4,5,14,0.9448306794912574,0.0551693205087425,18317.03,Very High,16150.53997587208,15123.052728803003,18408.242,16577.73549688274,2166.4900241279192
10,3,139.65648757898796,222,52,2,4,0.382234632025806,0.2859533857699109,4,0.837882963949294,Pharmacy,North,M,Hibernating,CUST_02665,46.55216252632932,0.8333333333333334,3.6,1,1,1,3,0.1893077076029334,0.8106922923970665,59.27,Low,58.67461118041016,34.28327883811987,61.61637,53.50231735589851,0.5953888195898429
72,100,7772.004810375758,6,51,4,9,0.3736377817760454,0.0573452747510906,0,0.0449894096209599,Home,North,F,Champions,CUST_00346,77.72004810375758,6.0,16.666666666666668,5,5,5,15,0.95,0.05,7557.19,Very High,10497.709340339532,4563.704933770208,9864.36,8722.372724745692,2940.5193403395324
24,17,594.034507339385,93,50,2,7,0.5346556069627866,0.1081200203841199,14,0.5376282617406773,Clothing,South,M,At-Risk,CUST_02059,34.943206314081465,2.0,8.5,3,3,3,9,0.5839859524746953,0.4160140475253047,230.2,Medium,258.6027526881906,302.76078562116777,236.19986,259.73261260364507,28.402752688190617
47,43,9661.189562500922,7,59,4,8,0.3969315339684463,0.0673118160638835,0,0.0446965853243765,Home,West,M,Champions,CUST_00023,224.6788270349052,3.9166666666666665,10.97872340425532,5,4,5,14,0.8950752796935231,0.1049247203064769,9510.06,Very High,8606.504433508939,12472.076519058071,9461.855,9536.62018675114,903.5555664910607
29,29,1790.8816782764816,65,45,3,8,0.8618446705109352,0.0822578394503335,6,0.2704492028210966,Sports,South,M,Growers,CUST_00712,61.7545406302235,2.4166666666666665,12.0,3,4,4,11,0.6790760732528623,0.3209239267471376,844.17,High,862.3712917030231,860.4000370663289,824.73846,850.5155292771319,18.201291703023116
1,6,200.0,291,43,1,3,0.132540949089202,0.3869548884200878,2,0.6135626360131127,Pharmacy,East,F,Hibernating,CUST_02950,33.333333333333336,0.0833333333333333,72.0,1,2,2,5,0.2574373151217918,0.7425626848782082,904.2,High,442.6110865506657,340.1409677944191,896.4828,518.9910757983258,461.58891344933437
46,72,4246.430948335778,3,49,4,9,0.4538979158403728,0.0250287121224348,1,0.1325525951531984,Home,North,M,Champions,CUST_00011,58.9782076157747,3.8333333333333335,18.78260869565217,5,5,5,15,0.95,0.05,8239.06,Very High,8971.49128182658,4891.981352509189,7953.0137,7664.617719831857,732.4312818265807
15,4,67.83169390241652,275,61,1,2,0.4307050327934609,0.2971609303711435,4,0.4099215869159254,Pharmacy,North,M,Hibernating,CUST_02417,16.95792347560413,1.25,3.2,1,1,1,3,0.1687952474805527,0.8312047525194473,20.15,Low,22.520278378100482,26.581069012073737,21.086496,22.827667103765886,2.3702783781004833
43,11,800.0,154,21,2,7,0.5042171938623227,0.2500463997448593,3,0.3486477834854224,Clothing,North,F,At-Risk,CUST_01835,72.72727272727273,3.583333333333333,3.069767441860465,2,2,3,7,0.3808236691826907,0.6191763308173093,116.69,Low,130.81390396553113,113.56470396036823,121.15412,124.27465555572178,14.123903965531127
11,48,1519.549807853278,38,32,2,7,0.4439331654659714,0.0961999507364208,6,0.1795331328333727,Tech,West,F,Growers,CUST_00794,31.65728766360996,0.9166666666666666,52.36363636363637,4,4,4,12,0.8214702540045156,0.1785297459954844,3759.79,Very High,3085.8559060338234,4009.6281377760142,3337.7756,3329.2501028578813,673.9340939661765
4,3,63.8296910797097,180,55,2,5,0.3559271438394107,0.2858611221366769,7,0.9133819745169872,Grocery,East,F,Hibernating,CUST_02766,21.276563693236568,0.3333333333333333,9.0,2,1,1,4,0.3159370623078626,0.6840629376921374,109.9,Low,92.69225074768146,59.537917908702106,106.46104,88.46077329941136,17.20774925231855
59,91,6940.880298376518,16,42,4,8,0.7180588516036244,0.012934065170138,1,0.0640657568040514,Home,East,M,Champions,CUST_00095,76.27340987226943,4.916666666666667,18.508474576271187,5,5,5,15,0.95,0.05,11642.63,Very High,10736.830729497835,5650.778533389392,11449.372,9627.114048023293,905.7992705021643
31,148,5384.951578521652,2,36,4,8,0.5321192598696125,0.0327647837393347,2,0.1304474527218257,Electronics,East,F,Champions,CUST_00130,36.38480796298413,2.583333333333333,57.29032258064516,5,5,5,15,0.95,0.05,14540.94,Very High,14098.433080044739,17928.266785734675,14646.945,14962.953868957708,442.50691995526176
39,12,795.2868669547322,156,59,2,7,0.3854859383055783,0.257228596373853,5,0.5804714873417083,Clothing,East,F,At-Risk,CUST_01901,66.27390557956102,3.25,3.692307692307693,2,2,3,7,0.4268835169919202,0.5731164830080797,170.6,Low,149.60899241068347,134.08093653716372,163.43591,150.301523802902,20.991007589316524
21,2,94.47528190127218,199,68,1,2,0.2622842354633326,0.4703105750955432,8,0.4430198496538613,Pharmacy,South,M,Hibernating,CUST_02410,47.23764095063609,1.75,1.1428571428571428,2,1,1,4,0.3088987417093627,0.6911012582906373,25.04,Low,28.23501937609653,41.47171466694242,25.218422,29.489734436921825,3.195019376096532
12,5,416.9631062271933,196,36,1,4,0.2409881065302336,0.1621578758431488,9,0.6474176669966251,Clothing,East,F,At-Risk,CUST_01933,83.39262124543866,1.0,5.0,2,1,2,5,0.2784341574709253,0.7215658425290746,194.59,Low,154.7357316704268,106.47979096440845,199.41777,154.9697547279762,39.854268329573216
6,6,127.41829557030316,347,51,1,4,0.2722255619765205,0.4723767612250762,3,0.8892472693792126,Pharmacy,East,F,Hibernating,CUST_02670,21.23638259505053,0.5,12.0,1,2,1,4,0.2796634654739295,0.7203365345260704,117.91,Low,124.79078255577645,63.98243143723417,121.684975,108.40093318155428,6.880782555776449
18,6,514.9395060563171,145,40,2,7,0.2282091205595184,0.2647345189520824,13,0.614836918980131,Pharmacy,East,F,At-Risk,CUST_01866,85.82325100938618,1.5,4.0,2,2,2,6,0.3899101448499195,0.6100898551500804,197.65,Low,174.5850048575697,122.37545634909972,196.80478,168.57449765597144,23.06499514243032
15,8,644.5115424820143,72,41,2,4,0.4642224178404847,0.2874129309308112,3,0.4147417735575242,Grocery,West,M,At-Risk,CUST_01659,80.56394281025179,1.25,6.4,3,2,3,8,0.4384084029436117,0.5615915970563883,264.95,Medium,319.09673294411033,288.8138108545906,297.82117,306.38868541718415,54.14673294411034
57,143,4679.68172588221,29,39,4,9,0.7807461622870561,0.0200428619912614,2,0.0853809694694141,Luxury,East,F,Champions,CUST_00517,32.72504703414133,4.75,30.105263157894736,4,5,5,14,0.8980365775701522,0.1019634224298478,3269.55,Very High,4068.6180938024336,4029.4090656471726,3436.6646,3860.2302643136,799.0680938024334
25,15,601.3840016056604,173,39,1,4,0.2274426546159854,0.1577158081235543,5,0.5833791383265132,Clothing,North,M,At-Risk,CUST_01858,40.09226677371069,2.083333333333333,7.199999999999999,2,3,3,8,0.5446051020223499,0.4553948979776501,275.83,Medium,232.19536877387955,242.25680554129832,247.55713,238.71810392367414,43.63463122612043
35,33,1141.333678196429,83,43,3,9,0.808938318944045,0.087483056958753,4,0.1297750144023389,Tech,West,M,Growers,CUST_01278,34.585869036255424,2.9166666666666665,11.314285714285717,3,4,3,10,0.7438185594917012,0.2561814405082988,453.81,Medium,513.421772064973,446.7658752739444,458.4051,482.64718682988416,59.61177206497297
16,59,1023.3593473214662,46,30,2,8,0.7621049154066799,0.0701938161941865,4,0.1511563681397549,Clothing,North,F,Growers,CUST_00951,17.345073683414682,1.3333333333333333,44.25,4,5,3,12,0.8809574114361773,0.1190425885638226,1848.66,High,2618.2135355654937,2211.194885546795,2517.4128,2501.581509774699,769.5535355654936
7,19,1781.685987807778,22,26,2,8,0.6958290327618353,0.0772822668880202,1,0.2015031340470547,Sports,West,F,Growers,CUST_01121,93.77294672672517,0.5833333333333334,32.57142857142857,5,3,4,12,0.8532041636362768,0.1467958363637231,6038.43,Very High,4757.278817370476,4885.786155286092,6152.8755,5166.42544128358,1281.1511826295246
50,170,4305.656454038658,5,53,4,9,0.6308336298145945,0.0531974161100059,2,0.1161728404679686,Luxury,South,F,Champions,CUST_00420,25.327390906109752,4.166666666666667,40.8,5,5,5,15,0.95,0.05,10783.34,Very High,8317.22060841523,8166.041052301985,9450.014,8610.360329667963,2466.1193915847707
35,54,1883.0010824889112,61,37,3,9,0.6311276214220503,0.1116294712730784,7,0.1774201410878639,Sports,East,F,Growers,CUST_00923,34.87039041646132,2.9166666666666665,18.51428571428572,4,4,4,12,0.7841896232368587,0.2158103767631413,1122.64,High,1177.468020081623,1313.7650451500551,924.3412,1119.2608564325928,54.82802008162298
5,4,77.89913947747857,234,64,1,2,0.4014597129286322,0.2739617593630825,13,0.8283567689111835,Pharmacy,South,F,Hibernating,CUST_02729,19.474784869369643,0.4166666666666667,9.6,1,1,1,3,0.2345757353216084,0.7654242646783915,82.09,Low,78.27153711502832,40.44543299435375,83.756836,70.04056908601929,3.81846288497168
25,133,9388.516856957927,20,59,3,8,0.5552903787297799,0.041621763318701,1,0.0431266799075638,Luxury,North,M,Champions,CUST_00478,70.59035230795435,2.083333333333333,63.84,5,5,5,15,0.8868595018654604,0.1131404981345396,14084.42,Very High,12812.83998490517,33582.410901106516,14497.68,16122.642671785086,1271.5800150948307
47,16,410.80829521233153,60,36,1,5,0.5901267268619776,0.2208748273784546,8,0.3773719837632279,Clothing,West,F,At-Risk,CUST_02036,25.67551845077072,3.9166666666666665,4.085106382978724,4,3,2,9,0.6370926635909004,0.3629073364090995,104.67,Low,110.74796583862052,131.96492092178914,102.09183,111.93654571238442,6.077965838620514
42,13,511.277077171351,146,49,2,7,0.3863798505462255,0.2670025343150566,8,0.5566922830364043,Pharmacy,West,F,At-Risk,CUST_02178,39.329005936257765,3.5,3.7142857142857135,2,2,2,6,0.404556051466676,0.595443948533324,78.0,Low,85.82818396878562,59.23060226438146,79.816444,77.98483568267844,7.828183968785623
44,11,438.6827309409395,177,47,1,5,0.2005463703500341,0.2291806919321535,12,0.6953948580135364,Pharmacy,East,F,At-Risk,CUST_01693,39.88024826735813,3.6666666666666665,3.0,2,2,2,6,0.3496633468740806,0.6503366531259194,59.58,Low,74.04898526007622,50.49378590169072,61.204353,64.79147449371611,14.468985260076224
42,13,481.7393646439151,182,56,1,6,0.2691418957675144,0.1780806967394386,13,0.6371727827815942,Pharmacy,South,M,At-Risk,CUST_02213,37.05687420337809,3.5,3.7142857142857135,2,2,2,6,0.5019601022361224,0.4980398977638776,94.47,Low,93.37722751010396,75.88720714857583,96.4455,90.46037380565066,1.092772489896035
12,42,2500.0,81,39,2,6,0.5623394781689006,0.0611595393048798,2,0.2094498828186933,Clothing,South,F,Growers,CUST_01472,59.523809523809526,1.0,42.0,3,4,4,11,0.7298939843648277,0.2701060156351723,2905.76,Very High,2568.991854478246,2764.101331874251,2895.7605,2702.223274198013,336.7681455217544
27,46,2500.0,19,43,2,7,0.4942440249693193,0.053158101214642,2,0.187356278173447,Sports,East,F,Growers,CUST_01203,54.34782608695652,2.25,20.444444444444443,5,4,4,13,0.9482915823429066,0.0517084176570934,7086.08,Very High,6678.49121308652,3213.044355258966,7361.317,5940.36839871897,407.58878691348036
17,11,454.6567194173816,126,42,1,7,0.2218321242358108,0.1856205541815506,7,0.3386931801410241,Pharmacy,South,F,At-Risk,CUST_01670,41.33242903794378,1.4166666666666667,7.764705882352941,2,2,2,6,0.3985486796919706,0.6014513203080294,196.92,Low,192.84140781436957,104.91952249985725,204.34506,173.76874901458032,4.078592185630413
2,4,96.72621940810578,207,50,1,4,0.32582525647099,0.4940894995958618,14,0.7453596081204135,Grocery,South,F,Hibernating,CUST_02775,24.181554852026444,0.1666666666666666,24.0,1,1,1,3,0.1498395990068174,0.8501604009931826,205.73,Medium,242.93900650273454,46.18548328378534,212.26926,167.68668222397943,37.20900650273455
25,18,201.54609857011303,137,68,2,4,0.338133726458731,0.2332394986256563,9,0.3477563109062833,Clothing,East,F,At-Risk,CUST_01971,11.19700547611739,2.083333333333333,8.639999999999999,2,3,2,7,0.4740594858912559,0.5259405141087441,95.23,Low,88.24658900022642,100.54048869533774,88.37417,90.61937187375743,6.983410999773582
12,28,2046.999451927079,61,38,3,8,0.5496733882423387,0.1345866906204835,7,0.145986854461846,Clothing,South,F,Growers,CUST_00821,73.10712328310997,1.0,28.0,4,4,4,12,0.812719023981318,0.187280976018682,4283.08,Very High,3072.1090963940646,3139.886476718642,3893.8418,3312.953958530851,1210.9709036059353
38,18,391.0111139970724,61,31,2,7,0.5575434709972986,0.1620800603866327,5,0.3620827116717133,Grocery,West,F,At-Risk,CUST_01998,21.722839666504026,3.1666666666666665,5.684210526315789,4,3,2,9,0.6681042330795494,0.3318957669204506,107.63,Low,118.29632354307206,177.05332676947904,112.37576,126.2857063377175,10.666323543072068
23,6,85.70891814248759,359,57,1,5,0.2792277612181385,0.3217954297480764,12,0.8921957172122451,Pharmacy,South,F,Hibernating,CUST_02869,14.2848196904146,1.9166666666666667,3.130434782608696,1,2,1,4,0.3335595995863599,0.66644040041364,16.19,Low,24.49231780038464,40.29670827815726,25.148773,27.289361910279407,8.302317800384639
18,27,800.0,59,37,3,9,0.7581845275570218,0.132298062531429,1,0.2147291310746838,Tech,West,F,Growers,CUST_01249,29.62962962962963,1.5,18.0,4,3,3,10,0.7355707484602318,0.2644292515397681,636.75,Medium,696.7179724479856,749.8915555169544,629.8943,685.9773003818037,59.96797244798563
7,6,88.6464463940682,233,20,1,5,0.4004047649245891,0.3726871251761593,17,0.8754861086262234,Pharmacy,South,F,Hibernating,CUST_02873,14.7744077323447,0.5833333333333334,10.285714285714285,1,2,1,4,0.3002490651969794,0.6997509348030206,84.23,Low,67.94359375125987,48.86163936095708,79.42563,66.67349754993363,16.286406248740136
2,5,41.59520738047285,246,26,1,5,0.1089630385917469,0.3529586385334002,12,0.53319843268403,Grocery,North,M,Hibernating,CUST_02650,8.31904147609457,0.1666666666666666,30.0,1,1,1,3,0.10871824564915,0.89128175435085,105.49,Low,133.22955981209756,46.11491321760811,105.36264,100.52956244260992,27.739559812097568
16,12,1375.0336536578957,47,50,3,8,0.8755561004881333,0.1400616732101949,2,0.339984142949721,Sports,South,F,Growers,CUST_01047,114.58613780482462,1.3333333333333333,9.0,4,2,4,10,0.6857392466832979,0.3142607533167021,1129.62,High,1085.6075285924296,1395.743550559168,1172.7649,1168.321848161844,44.012471407570274
32,18,634.3718694039227,66,36,2,4,0.5000421989400584,0.2948984432321277,5,0.4612035999727679,Grocery,West,F,At-Risk,CUST_01889,35.242881633551264,2.6666666666666665,6.75,3,3,3,9,0.5893663571655241,0.4106336428344759,185.27,Low,198.73274017720735,244.84318697289842,187.01482,203.46262839270958,13.462740177207337
8,39,1172.4923805625554,26,39,3,7,0.6313799704469866,0.0535605226516508,7,0.1541107708529178,Tech,East,F,Growers,CUST_00616,30.063907193911675,0.6666666666666666,58.5,4,4,3,11,0.9354638324235518,0.0645361675764482,8328.51,Very High,4258.779055726007,3447.311449952485,7058.8213,4750.743211686505,4069.7309442739934
23,36,1784.5238871486692,66,39,2,7,0.8579453173683516,0.1022958277568227,5,0.1744625028215257,Clothing,East,M,Growers,CUST_01319,49.57010797635192,1.9166666666666667,18.78260869565217,3,4,4,11,0.7326267848176097,0.2673732151823903,1147.36,High,1170.206880272995,1198.1209894793324,1178.0525,1178.096708869869,22.846880272995122
15,4,28.59869677131164,274,20,2,5,0.2938811034707701,0.2847964892682392,12,0.5171248553339851,Pharmacy,North,F,Hibernating,CUST_02885,7.149674192827909,1.25,3.2,1,1,1,3,0.1895022461633971,0.8104977538366028,8.49,Low,12.481811716403318,25.964228918138758,8.453253,12.922144084941165,3.9918117164033173
1,6,41.97431108663956,225,37,1,2,0.4802511707936533,0.4672554162077548,15,0.5614938265668565,Grocery,West,M,Hibernating,CUST_02461,6.995718514439926,0.0833333333333333,72.0,1,2,1,4,0.3223910938249001,0.6776089061750998,245.06,Medium,219.879918037282,177.4103311703993,248.38483,218.49425895701822,25.180081962717992
38,4,800.0,106,20,2,6,0.46928216398542,0.1842240568583006,3,0.390465300184142,Clothing,South,M,At-Risk,CUST_01773,200.0,3.1666666666666665,1.2631578947368425,3,1,3,7,0.2990357241460694,0.7009642758539305,154.02,Low,127.91301833248315,221.6911943138701,132.6599,144.37486774660934,26.106981667516862
2,4,136.61899112933736,259,62,1,1,0.175136515413818,0.4514106805544524,13,0.9478529068311634,Grocery,South,F,Hibernating,CUST_02952,34.15474778233434,0.1666666666666666,24.0,1,1,1,3,0.2513071201617983,0.7486928798382017,341.34,Medium,314.67285194345226,67.39147181005308,347.87872,238.56390791645958,26.667148056547717
34,125,7318.6431795796225,14,62,4,9,0.628364742360804,0.0290399023741049,0,0.1165197655812946,Home,West,F,Champions,CUST_00132,58.54914543663698,2.833333333333333,44.11764705882353,5,5,5,15,0.95,0.05,19816.47,Very High,18826.053203800868,16611.91985889195,18529.092,18273.421743187268,990.4167961991334
40,144,5240.563554435951,23,53,4,10,0.4031260569180763,0.0485464365608596,2,0.0602814406855109,Home,South,M,Champions,CUST_00078,36.39280246136077,3.333333333333333,43.2,5,5,5,15,0.895538326307831,0.1044616736921689,5906.67,Very High,6673.9319142248505,10139.631158573417,4990.2085,6650.171520306836,767.2619142248504
24,4,317.35172572394345,83,43,2,6,0.2947271658084889,0.2984619455766709,13,0.3202400339618712,Clothing,North,F,At-Risk,CUST_02053,79.33793143098586,2.0,2.0,3,1,2,6,0.3856295495087146,0.6143704504912854,76.88,Low,96.45356509303679,102.1077374779728,90.687965,95.77224996216974,19.57356509303679
21,26,1360.7413604688013,40,27,2,7,0.4577137803521339,0.1010713286945031,5,0.2522262152575094,Sports,East,F,Growers,CUST_00725,52.336206171876974,1.75,14.857142857142858,4,3,4,11,0.6947330938604236,0.3052669061395764,785.57,Medium,867.1552610108081,1127.867770491931,797.66223,891.3522851145188,81.58526101080804
28,56,1830.350903068388,71,37,3,7,0.7858324691363512,0.0713214195660144,6,0.2199957663822479,Tech,East,F,Growers,CUST_01315,32.68483755479264,2.333333333333333,24.0,3,4,4,11,0.7437614314581531,0.2562385685418469,1257.81,High,1164.1574926695973,1210.1702202962485,1233.2455,1193.6862758317202,93.65250733040261
43,9,272.29748198036265,60,53,2,4,0.3198661981219847,0.1533613350623322,7,0.3971119128568318,Grocery,West,F,At-Risk,CUST_01852,30.255275775595848,3.583333333333333,2.511627906976744,4,2,2,8,0.7052987837082768,0.2947012162917232,78.55,Low,95.08744746280038,147.54479882353803,79.30017,98.33899442231595,16.537447462800387
15,17,589.2015593506609,185,27,2,5,0.4332646845734943,0.1407767843873653,5,0.6478516770995622,Clothing,East,F,At-Risk,CUST_02297,34.65891525592123,1.25,13.6,2,3,3,8,0.5191441061297782,0.4808558938702217,340.14,Medium,323.85095747579464,321.0888853979371,322.49338,322.8895081415657,16.289042524205342
14,2,57.04286381710929,252,61,1,3,0.2991187188135032,0.3438066702800731,17,0.4948291495609588,Pharmacy,North,M,Hibernating,CUST_02487,28.521431908554646,1.1666666666666667,1.7142857142857142,1,1,1,3,0.3070895912107764,0.6929104087892236,33.54,Low,26.947883151760735,36.16295320574705,30.50137,29.66870000631873,6.5921168482392645
29,42,1128.0521575713158,72,41,3,7,0.6029438763023627,0.0987015391700273,2,0.1566384621315728,Tech,East,M,Growers,CUST_01373,26.858384704078947,2.4166666666666665,17.379310344827587,3,4,3,10,0.7085216238442331,0.2914783761557669,649.24,Medium,550.053729221197,511.9988643560969,574.3618,549.3038763169161,99.18627077880296
33,9,310.09214782963033,140,55,2,5,0.3720603011895029,0.2242288778138627,10,0.5742888425056436,Clothing,North,F,At-Risk,CUST_01856,34.45468309218115,2.75,3.272727272727273,2,2,2,6,0.4225711909398115,0.5774288090601885,69.23,Low,69.91737453627081,68.97712782729177,67.84143,69.10072660892298,0.6873745362708092
21,24,883.3576536218809,43,47,3,9,0.5388578196202863,0.0739811670568881,5,0.3374498383655007,Sports,South,M,Growers,CUST_01320,36.80656890091171,1.75,13.714285714285714,4,3,3,10,0.7164117783080127,0.2835882216919873,706.72,Medium,639.0628723232713,621.2346625521043,630.6908,632.9479090442179,67.65712767672869
10,4,119.59939120279252,337,60,1,5,0.2996956027766702,0.3263062683689429,18,0.4531825419191409,Pharmacy,North,M,Hibernating,CUST_02875,29.899847800698133,0.8333333333333334,4.8,1,1,1,3,0.2610149891502543,0.7389850108497457,67.41,Low,59.88499584016002,44.55511449669161,67.375374,58.488428999180016,7.525004159839973
36,4,689.38694351256,102,61,2,4,0.425485365756304,0.1877859887165928,13,0.5595928792951377,Clothing,South,M,At-Risk,CUST_02172,172.34673587814,3.0,1.3333333333333333,3,1,3,7,0.3788839470944898,0.6211160529055102,150.86,Low,142.9673741509211,227.8976900283657,148.31216,158.6941210055439,7.892625849078911
43,67,15000.0,8,51,4,8,0.6119992427644911,0.0109028228852667,3,0.0579076403477753,Electronics,North,F,Champions,CUST_00376,223.88059701492537,3.583333333333333,18.69767441860465,5,5,5,15,0.95,0.05,21557.57,Very High,22634.608993326787,33877.67957419896,22578.537,24517.614139707548,1077.038993326787
46,6,590.5620124092563,160,36,1,6,0.5343748751434254,0.1532789833241939,3,0.481800004688164,Clothing,South,F,At-Risk,CUST_01909,98.4270020682094,3.8333333333333335,1.5652173913043477,2,2,3,7,0.3384601696871787,0.6615398303128213,79.82,Low,91.09693076057228,104.8386053522417,79.67787,90.00762229579263,11.276930760572284
54,117,14583.008909489385,4,62,4,9,0.7084869536359184,0.0162913796215312,0,0.1304300507722469,Luxury,South,M,Champions,CUST_00334,124.64110179050756,4.5,26.0,5,5,5,15,0.95,0.05,16588.98,Very High,17377.872809527104,20272.638879321286,17494.201,17957.61541458171,788.892809527104
21,17,326.7294096891609,88,67,2,7,0.2009011930451695,0.2722635192398348,5,0.6362286206852708,Grocery,East,M,At-Risk,CUST_02252,19.21937704053888,1.75,9.714285714285714,3,3,2,8,0.5681628188530595,0.4318371811469405,155.03,Low,172.095565361825,174.47417277675513,194.11928,178.91844045096298,17.06556536182501
19,6,114.16195406475984,247,29,1,3,0.33759271559693,0.3813322749025682,19,0.8266761529281665,Grocery,South,M,Hibernating,CUST_02737,19.02699234412664,1.5833333333333333,3.789473684210527,1,2,1,4,0.3043980779308971,0.6956019220691029,35.02,Low,37.03794818838385,34.98642847842301,36.1049,36.33926032215344,2.0179481883838477
27,19,519.6769629231371,72,49,2,7,0.2402665546077372,0.2198867572546939,9,0.6727685056955236,Clothing,East,F,At-Risk,CUST_01605,27.351419101217743,2.25,8.444444444444445,3,3,2,8,0.5841960125298109,0.4158039874701891,238.44,Medium,185.27041768078269,160.66769675033547,225.03839,190.88953290186845,53.16958231921731
21,44,1065.347960806639,73,30,3,6,0.6293304105189939,0.1067838746339305,1,0.2229850956523391,Tech,North,M,Growers,CUST_01119,24.212453654696347,1.75,25.142857142857142,3,4,3,10,0.7566066846228487,0.2433933153771512,974.06,High,770.0749763019451,775.6681840806707,750.73804,765.3291974978116,203.98502369805487
22,7,35.75633734225728,303,63,1,1,0.2593409219213025,0.4978253819755853,2,0.9002936968270202,Grocery,North,M,Hibernating,CUST_02829,5.10804819175104,1.8333333333333333,3.8181818181818175,1,2,1,4,0.2560665952414178,0.7439334047585822,8.48,Low,10.902116433598986,30.597490233471824,8.439562,12.496717910421967,2.422116433598985
27,14,397.6416062488314,103,48,2,5,0.2379330455276835,0.2290613060544898,11,0.6182793636580797,Pharmacy,East,F,At-Risk,CUST_01944,28.402971874916528,2.25,6.222222222222222,3,3,2,8,0.5134342032094493,0.4865657967905507,119.61,Low,128.3623878554559,134.49450017739082,126.99011,129.14913740236406,8.752387855455893
20,8,411.4330278536686,64,37,2,5,0.5530896577097835,0.1321398652965407,7,0.4307906886167534,Clothing,North,M,At-Risk,CUST_02262,51.429128481708574,1.6666666666666667,4.8,3,2,2,7,0.4321358090144221,0.5678641909855779,161.09,Low,147.03999223913414,121.99675838369241,165.42502,146.75216892229827,14.050007760865867
14,4,80.40012233881072,251,59,1,1,0.1565500222419072,0.2784101277465207,13,0.4907898770896273,Pharmacy,West,M,Hibernating,CUST_02550,20.10003058470268,1.1666666666666667,3.4285714285714284,1,1,1,3,0.2497084023150659,0.750291597684934,29.5,Low,30.268271734604646,31.581431004666015,30.4377,30.577752122042597,0.7682717346046459
7,18,1135.7496371769478,44,49,2,7,0.8490587918017807,0.0639702428291902,6,0.3233016471377105,Clothing,East,F,Growers,CUST_01343,63.09720206538599,0.5833333333333334,30.85714285714285,4,3,3,10,0.6515221328341888,0.3484778671658112,1946.03,High,1814.3108336839896,1153.4572969360383,2009.405,1708.7639052858738,131.7191663160104
64,60,9216.051142703103,5,32,3,8,0.4432597744635614,0.0541962728233775,2,0.1196997052828836,Luxury,West,M,Champions,CUST_00321,153.6008523783851,5.333333333333333,11.25,5,5,5,15,0.95,0.05,14737.35,Very High,12559.95810509877,7268.241275249186,14236.748,11689.731206442602,2177.3918949012295
46,9,386.02551758158125,142,41,1,4,0.2326044144135772,0.1462603373895189,9,0.6466826120757893,Pharmacy,West,F,At-Risk,CUST_01620,42.89172417573125,3.8333333333333335,2.347826086956521,2,2,2,6,0.385260624837596,0.614739375162404,50.63,Low,60.884174551727114,49.24001092118764,51.893517,55.62660206847421,10.254174551727111
2,4,165.5209997318429,244,31,1,3,0.1410806765445484,0.4119770176707867,15,0.4011772109865732,Grocery,North,F,Hibernating,CUST_02448,41.38024993296072,0.1666666666666666,24.0,1,1,2,4,0.2412122027376627,0.7587877972623372,428.34,Medium,375.69199997752054,111.33958712400232,439.77554,309.00240513875514,52.64800002247944
36,13,544.0562329851068,199,47,1,5,0.2089129712284282,0.2911288361255592,14,0.4189605170603882,Clothing,East,F,At-Risk,CUST_02061,41.85047946039283,3.0,4.333333333333333,2,2,3,7,0.3884617147441695,0.6115382852558304,99.12,Low,119.15640875233284,119.08407697390723,96.125046,111.71195024418478,20.036408752332832
41,11,289.72852181799533,196,50,2,6,0.2619506415176836,0.1533643533478119,3,0.488571939452868,Clothing,North,F,At-Risk,CUST_01674,26.338956528908668,3.4166666666666665,3.2195121951219514,2,2,2,6,0.5382174258058569,0.4617825741941431,103.22,Low,63.32925483215472,80.52510363780164,56.09665,64.07973291826319,39.89074516784528
27,6,410.92763119361024,83,49,2,5,0.2614797935020104,0.2962977327323439,10,0.3844809965396197,Grocery,East,M,At-Risk,CUST_01943,68.48793853226837,2.25,2.6666666666666665,3,2,2,7,0.5949058507909253,0.4050941492090747,172.87,Low,142.60047702122853,163.60768531285706,173.92757,155.57609513760315,30.269522978771477
60,51,8519.742711427203,14,64,4,8,0.4709526390527451,0.0706271081764484,0,0.0565479250930262,Luxury,North,M,Champions,CUST_00261,167.05377865543537,5.0,10.2,5,4,5,14,0.8842394909797154,0.1157605090202845,6105.37,Very High,5734.463841241977,6156.496408137267,5686.1016,5801.73140091986,370.9061587580227
20,1,143.4152874213349,286,28,2,5,0.4661326334274067,0.3821179707173232,12,0.9777984924753438,Pharmacy,East,F,Hibernating,CUST_02355,143.4152874213349,1.6666666666666667,0.6,1,1,1,3,0.1773932705452507,0.8226067294547493,41.08,Low,38.45701672784168,48.406558504082966,38.36531,40.24327682301461,2.622983272158315
40,4,394.555622689049,198,22,2,7,0.3616544444454769,0.1690770469743442,14,0.5936648408145524,Clothing,East,F,At-Risk,CUST_02040,98.63890567226224,3.333333333333333,1.2,2,1,2,5,0.4566163075404231,0.543383692459577,86.42,Low,80.42819403747917,87.69615914289619,86.12562,83.5302465528844,5.991805962520829
12,47,2500.0,66,36,3,8,0.7683429379346827,0.0764767173744754,2,0.1101097078031653,Clothing,East,M,Growers,CUST_00690,53.191489361702125,1.0,47.0,3,4,4,11,0.6460574519335704,0.3539425480664295,2654.15,Very High,2480.3783812532993,2433.837793102575,2599.6045,2506.0489482418243,173.77161874670082
13,33,2500.0,17,33,3,7,0.8020113947595655,0.1165673736229291,6,0.2843723711149798,Clothing,West,F,Growers,CUST_00902,75.75757575757575,1.0833333333333333,30.461538461538463,5,4,4,13,0.8972488226040826,0.1027511773959174,8303.37,Very High,6641.529984241062,5004.375643583204,8034.84,6645.04934206816,1661.8400157589385
29,14,592.8644870288081,127,23,2,6,0.4483709855867835,0.2743803297032943,14,0.3211353499822189,Grocery,West,M,At-Risk,CUST_02027,42.347463359200574,2.4166666666666665,5.793103448275862,2,3,3,8,0.5011224459852713,0.4988775540147286,138.45,Low,169.43273791248336,182.29384987254502,151.55365,166.27572272007703,30.982737912483373
82,198,3965.08306905918,9,63,4,8,0.7022473212159112,0.0569765209960183,4,0.0952985020062481,Electronics,North,M,Champions,CUST_00139,20.02567206595545,6.833333333333333,28.97560975609756,5,5,5,15,0.95,0.05,4285.79,Very High,6184.87745940534,3442.890439381474,4361.195,4953.753840473893,1899.0874594053403
32,10,395.8162802621259,78,27,2,4,0.4069520733813802,0.2713230256628242,8,0.5565275520652753,Grocery,West,F,At-Risk,CUST_01918,39.58162802621258,2.6666666666666665,3.75,3,2,2,7,0.4130644139734736,0.5869355860265264,87.09,Low,90.22699614469617,84.62939757440998,86.17095,87.85826029862434,3.1369961446961696
29,7,800.0,120,41,2,4,0.5991865199231134,0.2768228770599733,8,0.4677667715587569,Grocery,West,M,At-Risk,CUST_01829,114.28571428571428,2.4166666666666665,2.896551724137931,2,2,3,7,0.424830120483797,0.575169879516203,218.61,Medium,196.3369844241375,197.4903013924064,209.9156,200.55090689438444,22.2730155758625
39,14,310.2559569276314,199,22,2,6,0.5468656386470707,0.2746174790429379,12,0.3624194390927195,Grocery,East,F,At-Risk,CUST_01574,22.161139780545103,3.25,4.307692307692308,2,3,2,7,0.4514824954303841,0.5485175045696158,60.27,Low,63.813904664019645,75.96719426952296,62.036293,65.52309729560815,3.5439046640196423
75,186,11285.064156169836,18,48,3,10,0.6687130428853386,0.0119496568574752,2,0.0307203613584314,Luxury,South,M,Champions,CUST_00320,60.672387936396966,6.25,29.76,5,5,5,15,0.95,0.05,14172.22,Very High,12054.972213312176,9466.239850700587,13259.957,11819.023543342117,2117.2477866878235
14,29,1827.1380268161147,52,41,3,7,0.833394299075121,0.0683563244947327,3,0.2055013127114307,Tech,East,M,Growers,CUST_00654,63.00475954538327,1.1666666666666667,24.85714285714285,4,4,4,12,0.727201747878269,0.272798252121731,2313.57,High,2033.522652052236,2155.9137200858804,2206.78,2108.524642927147,280.04734794776414
32,17,397.9546362069759,97,24,2,4,0.4335773575975056,0.2529878479343826,7,0.4925005129486287,Clothing,South,M,At-Risk,CUST_02138,23.40909624746917,2.6666666666666665,6.375,3,3,2,8,0.6029732963687738,0.3970267036312261,85.0,Low,109.97484967813368,145.4318811061367,103.696266,114.27066495429679,24.97484967813368
9,3,176.53316350559666,232,62,1,5,0.241253230057365,0.3840402801656252,11,0.7716748603946246,Pharmacy,North,M,Hibernating,CUST_02323,58.84438783519889,0.75,4.0,1,1,2,4,0.0891939676524056,0.9108060323475944,84.75,Low,91.78739580990474,50.27875687998574,85.57268,79.71351710207232,7.037395809904737
73,196,8856.407632706854,10,52,4,9,0.6769340413549565,0.0368250756163076,3,0.0096142066554263,Electronics,South,F,Champions,CUST_00559,45.1857532280962,6.083333333333333,32.21917808219178,5,5,5,15,0.8922808146829638,0.1077191853170361,3580.08,Very High,4738.663726756425,6917.030799746077,3623.5938,4715.807249195923,1158.5837267564248
49,161,7973.686356021937,24,36,4,8,0.4947024694894376,0.0574206649859806,2,0.0900377115149374,Luxury,East,M,Champions,CUST_00113,49.52600221131638,4.083333333333333,39.42857142857143,4,5,5,14,0.8580324020853684,0.1419675979146316,4989.87,Very High,5147.377730234317,8132.968793962803,4873.476,5548.758724681068,157.50773023431702
29,106,15000.0,29,59,4,8,0.6580249866210722,0.0758616118691443,0,0.1449933331344161,Luxury,East,M,Champions,CUST_00532,141.50943396226415,2.4166666666666665,43.862068965517246,4,5,5,14,0.8650894958831487,0.1349105041168513,15392.44,Very High,9833.549734611113,35615.256254440435,15086.733,14463.190633240098,5558.890265388887
24,125,7536.56025084964,28,57,4,10,0.6740919560244232,0.0204474628819031,4,0.0059883798845626,Electronics,East,F,Champions,CUST_00225,60.29248200679712,2.0,62.5,4,5,5,14,0.95,0.05,32327.01,Very High,19353.62790900528,23666.75691746299,30520.66,23098.70023274163,12973.382090994717
7,36,1764.1409577963034,66,26,2,6,0.6467443568691744,0.1379905433307792,4,0.1624202660848312,Clothing,East,M,Growers,CUST_00724,49.00391549434176,0.5833333333333334,61.71428571428571,3,4,4,11,0.697970408186905,0.3020295918130949,3615.23,Very High,2793.3579229152624,3476.887196896224,3128.474,3019.268269183767,821.8720770847376
17,6,28.43136452343069,275,34,1,2,0.1259809736328767,0.2179398025778296,14,0.9789668892954296,Pharmacy,South,M,Hibernating,CUST_02429,4.738560753905116,1.4166666666666667,4.235294117647059,1,2,1,4,0.3646203450455776,0.6353796549544224,10.28,Low,12.854592992620665,40.77520047584678,10.118839,15.173292484851611,2.5745929926206657
11,6,30.87444008447177,298,28,1,4,0.4227652605969861,0.2340122244228291,7,0.803735343743726,Grocery,South,M,Hibernating,CUST_02571,5.145740014078629,0.9166666666666666,6.545454545454546,1,2,1,4,0.2810106702661661,0.7189893297338339,18.87,Low,20.503515580981162,42.6494074505732,18.51337,23.063018593524628,1.633515580981161
12,20,2057.733427993123,33,42,3,7,0.6548712250213103,0.0620564495822,7,0.2766324080757977,Sports,North,M,Growers,CUST_01434,102.88667139965614,1.0,20.0,4,3,4,11,0.7303042591440165,0.2696957408559834,2545.97,Very High,2396.6872646064667,2242.3411162418033,2652.2058,2437.970996651417,149.28273539353313
17,1,131.6934826712606,311,30,2,6,0.242375884006921,0.362816989611493,15,0.798549870337109,Grocery,West,M,Hibernating,CUST_02330,131.6934826712606,1.4166666666666667,0.7058823529411764,1,1,1,3,0.1637262341540549,0.836273765845945,36.11,Low,40.07000891131204,48.74457697066215,38.318626,41.120263111524324,3.9600089113120376
23,59,2500.0,49,53,3,9,0.416187688637204,0.1421158493934116,1,0.3316782113269433,Tech,South,F,Growers,CUST_01459,42.3728813559322,1.9166666666666667,30.78260869565217,4,5,4,13,0.86032634654507,0.13967365345493,3467.28,Very High,3321.091517285753,3096.487863677236,3559.3809,3343.6961943188267,146.18848271424713
13,5,51.21116424206664,214,63,2,4,0.2623603277322855,0.2778241253257323,9,0.5938656954419554,Pharmacy,East,M,Hibernating,CUST_02702,10.242232848413328,1.0833333333333333,4.615384615384616,1,1,1,3,0.1089574930541052,0.8910425069458947,23.65,Low,21.7153575437512,21.429688055756465,21.466307,21.58311997012847,1.934642456248799
34,28,1191.0081692097715,74,27,2,9,0.7225156672759752,0.0920590574156894,5,0.1655789625413836,Tech,North,F,Growers,CUST_00847,42.53600604320612,2.833333333333333,9.88235294117647,3,4,3,10,0.7167876996925637,0.2832123003074362,590.44,Medium,508.9728622452462,421.08894175859564,493.9368,485.65285526625195,81.46713775475388
68,129,9713.45059022212,25,44,4,8,0.6309844723969342,0.0596607205243782,0,0.1380803827653832,Electronics,North,M,Champions,CUST_00194,75.29806659086915,5.666666666666667,22.76470588235294,4,5,5,14,0.9131041707350076,0.0868958292649925,7517.05,Very High,8032.519295212965,5374.644289660714,7739.819,7330.200441133681,515.4692952129644
28,15,829.872271274696,22,48,2,7,0.4269310572275482,0.0855535365230408,2,0.1157687935857416,Clothing,East,M,Growers,CUST_01465,55.32481808497973,2.333333333333333,6.428571428571428,5,3,3,11,0.8388656443642927,0.1611343556357073,1167.14,High,798.5817019544951,814.9079039240612,696.7255,769.6640113896127,368.558298045505
21,22,1390.5925032930274,24,50,2,7,0.4940734636047045,0.0826709214980382,6,0.1633765472312536,Sports,North,M,Growers,CUST_00947,63.20875014968306,1.75,12.571428571428571,4,3,4,11,0.7107459143570697,0.2892540856429303,861.47,High,902.3087732653786,1144.6673220158007,863.9861,934.0451414070001,40.83877326537856
45,8,611.2178298012451,152,48,1,7,0.5483358143468962,0.1520170272272892,10,0.6702693975716789,Grocery,West,F,At-Risk,CUST_02022,76.40222872515564,3.75,2.1333333333333333,2,2,3,7,0.5013097988596984,0.4986902011403016,102.15,Low,120.71103403549898,135.38512186146528,111.25491,120.52902398093644,18.561034035498977
23,18,434.3847199527673,196,43,2,4,0.2077796969968125,0.1723103853072266,11,0.6431868364966236,Grocery,East,M,At-Risk,CUST_01630,24.13248444182041,1.9166666666666667,9.391304347826086,2,3,2,7,0.5088013818338755,0.4911986181661245,165.05,Low,168.23171907620718,138.7737611055378,164.15193,160.69296524793248,3.181719076207173
68,48,7933.561383486417,20,47,4,10,0.3370527112874335,0.0683050800901959,0,0.0512461669035902,Electronics,West,M,Champions,CUST_00118,165.28252882263368,5.666666666666667,8.470588235294118,5,4,5,14,0.949591335716906,0.0504086642830939,12201.09,Very High,10321.347795969159,5457.7028434879985,11600.897,9410.652409326864,1879.742204030841
7,13,2220.319449820695,19,38,3,6,0.5619254432785017,0.0501367984363536,6,0.2916779186051793,Sports,East,M,Growers,CUST_00646,170.79380383236114,0.5833333333333334,22.285714285714285,5,2,4,11,0.6837945458500448,0.3162054541499551,3658.07,Very High,3335.848335611838,3913.3544972731956,3954.773,3624.51509005996,322.221664388162
12,9,340.3040344128282,153,46,1,6,0.4768864247377909,0.1761453939915548,4,0.3481062487955197,Clothing,East,M,At-Risk,CUST_01871,37.81155937920313,1.0,9.0,2,2,2,6,0.3545764982849306,0.6454235017150693,240.1,Medium,178.8894326511718,109.81367705898235,218.49716,172.32060352801727,61.21056734882819
38,108,6628.171424989371,9,53,4,10,0.4249784731988106,0.0678585751934025,4,0.0543752976797269,Luxury,East,M,Champions,CUST_00004,61.37195763879048,3.1666666666666665,34.10526315789474,5,5,5,15,0.95,0.05,11806.98,Very High,13663.518152881701,11169.345976917784,13099.664,12958.805997923171,1856.5381528817015
70,52,13188.74308870323,17,35,4,8,0.468603287782876,0.0563244412730147,3,0.1267559473344963,Electronics,West,F,Champions,CUST_00075,253.6296747827544,5.833333333333333,8.914285714285715,5,4,5,14,0.8955426006089829,0.104457399391017,7439.07,Very High,6994.753269227961,12290.618200351608,7618.8853,8032.847952003396,444.3167307720387
30,6,468.63279031481255,154,68,2,7,0.3624679063828939,0.2964506569265999,3,0.3748188659470197,Grocery,North,F,At-Risk,CUST_01756,78.10546505246876,2.5,2.4,2,2,2,6,0.4416021522964811,0.558397847703519,120.59,Low,121.08029998172991,101.67293177740136,129.15938,119.21443773058792,0.49029998172990474
81,123,8142.840568822036,9,38,4,9,0.5149926070605299,0.0184313137997595,0,0.0136988601500335,Electronics,East,F,Champions,CUST_00468,66.2019558440816,6.75,18.22222222222222,5,5,5,15,0.95,0.05,7397.28,Very High,9396.705034287283,4105.392455422737,8875.026,7827.320432336734,1999.4250342872829
31,133,6738.1562066305805,13,55,4,9,0.5677769074398362,0.0173118162670106,0,0.030613149173364,Home,West,M,Champions,CUST_00006,50.66282862128256,2.583333333333333,51.483870967741936,5,5,5,15,0.95,0.05,16633.7,Very High,16559.23720291582,19024.40716699667,15931.206,16828.95143103681,74.46279708417933
21,52,1714.6643682505514,23,51,3,8,0.7633023821888314,0.080929306372303,1,0.2404745257503565,Clothing,East,M,Growers,CUST_01247,32.97431477404906,1.75,29.714285714285715,5,4,4,13,0.95,0.05,7729.21,Very High,6132.453586201332,3749.6783536840894,7580.9453,5922.913393071503,1596.7564137986683
15,53,1295.1932879390397,83,38,2,8,0.6260142867323427,0.0629380931067541,7,0.3189714303417378,Sports,North,F,Growers,CUST_00920,24.43760920639697,1.25,42.4,3,4,4,11,0.6564405023107666,0.3435594976892334,1310.39,High,1323.8754203242877,1689.780957100686,1123.1212,1323.18590358752,13.485420324287588
75,144,7600.065998302813,14,54,4,10,0.4207482426284339,0.0575788051783341,4,0.0498640038261547,Electronics,South,M,Champions,CUST_00229,52.778236099325085,6.25,23.04,5,5,5,15,0.95,0.05,6198.42,Very High,9371.79597605421,4897.757332211048,9038.833,8142.290167748511,3173.3759760542107
21,16,800.0,25,52,3,8,0.8064524153763996,0.0571889454600013,6,0.1223695957456043,Clothing,South,F,Growers,CUST_01064,50.0,1.75,9.142857142857142,4,3,3,10,0.7640805555762926,0.2359194444237073,696.78,Medium,675.4873888240141,639.5835393241961,704.09625,676.5159805905422,21.292611175985826
47,124,3258.199238990037,19,48,4,8,0.68115131225048,0.0570668690304192,4,0.0723026009665398,Electronics,North,F,Champions,CUST_00243,26.275800314435784,3.9166666666666665,31.659574468085108,5,5,5,15,0.95,0.05,5725.03,Very High,7079.449708631917,5767.792101818426,6013.8364,6470.64376946172,1354.4197086319173
12,6,800.0,158,43,2,5,0.242121807099139,0.2715294242844374,6,0.4735895692611614,Clothing,South,M,At-Risk,CUST_02280,133.33333333333334,1.0,6.0,2,2,3,7,0.4577997226836158,0.5422002773163842,524.8,Medium,373.5279855821148,387.2834133007955,513.7665,414.0066221020116,151.27201441788515
11,31,1520.7132897719366,68,43,3,9,0.8876470257150232,0.0940359207968815,3,0.272216621106389,Sports,South,M,Growers,CUST_01161,49.05526741199795,0.9166666666666666,33.81818181818182,3,4,4,11,0.7198808417026595,0.2801191582973404,1976.63,High,1887.1092483791326,1936.538146485026,1815.9166,1875.1351932348005,89.52075162086749
22,3,110.19186992244312,336,30,2,3,0.4927177885618493,0.2088853574653322,12,0.6887761617875843,Grocery,East,M,Hibernating,CUST_02514,36.73062330748104,1.8333333333333333,1.6363636363636365,1,1,1,3,0.2425971889198132,0.7574028110801868,22.89,Low,29.05370317550567,32.25573320403259,23.975647,28.011978490994856,6.16370317550567
34,10,749.9275746784499,198,31,1,4,0.5813544290124003,0.2496382090626158,5,0.3564743938318873,Grocery,West,F,At-Risk,CUST_01527,74.992757467845,2.833333333333333,3.5294117647058822,2,2,3,7,0.3581622154448707,0.6418377845551293,181.9,Low,150.0044798326519,141.48419559451133,170.63916,154.10763427137584,31.89552016734811
33,9,393.72464717376647,93,34,1,6,0.3777550126448569,0.2699411846449235,14,0.4835938027738675,Clothing,East,F,At-Risk,CUST_01606,43.747183019307386,2.75,3.272727272727273,3,2,2,7,0.5107150116026874,0.4892849883973126,121.87,Low,92.13738491135643,105.45811973921484,93.55088,95.09426222223335,29.73261508864357
15,7,184.6895000192404,220,53,1,5,0.2166487557469779,0.4281370218620587,4,0.7143280149408259,Pharmacy,West,M,Hibernating,CUST_02785,26.38421428846291,1.25,5.6,1,2,2,5,0.2295959344987748,0.7704040655012252,66.09,Low,73.05458748413562,57.59830835296003,73.64874,69.83693560654025,6.96458748413562
8,1,59.98749154600477,217,30,1,6,0.1174401461274865,0.200981277599375,17,0.5579654954099418,Grocery,North,F,Hibernating,CUST_02667,59.98749154600477,0.6666666666666666,1.5,1,1,1,3,0.2855650257655232,0.7144349742344768,40.97,Low,42.73187914487535,44.098325468480645,46.57622,44.12821590184561,1.7618791448753512
10,1,75.50019204527761,272,68,1,1,0.4888430911603119,0.444468887075892,17,0.5844163487775399,Pharmacy,South,M,Hibernating,CUST_02666,75.50019204527761,0.8333333333333334,1.2,1,1,1,3,0.0993000839207746,0.9006999160792253,32.13,Low,35.362353286431116,32.901503901530184,32.52763,33.99376583054892,3.2323532864311133
22,19,360.8848134556437,125,28,1,4,0.3926020372710528,0.2025570662275489,14,0.3279741457562059,Clothing,East,F,At-Risk,CUST_01990,18.99393755029704,1.8333333333333333,10.363636363636363,2,3,2,7,0.4822624090185575,0.5177375909814426,90.29,Low,142.19725545119744,115.97433836359265,147.4288,138.00837318032603,51.90725545119743
10,2,87.33471101335229,218,67,2,2,0.1404488216859616,0.3712545292819007,10,0.4431885589904362,Grocery,East,M,Hibernating,CUST_02610,43.66735550667615,0.8333333333333334,2.4,1,1,1,3,0.1534145702900189,0.8465854297099811,45.69,Low,41.74607879296213,29.61245936386434,43.814274,39.55577511607808,3.9439212070378673
43,5,331.9976892268233,106,34,2,7,0.5247321509985874,0.2660592622538495,9,0.458013452910701,Clothing,East,M,At-Risk,CUST_01976,66.39953784536466,3.583333333333333,1.3953488372093024,3,1,2,6,0.4337350207601119,0.5662649792398882,64.38,Low,62.459550276667464,72.58717424274882,62.228443,64.29541389534108,1.9204497233325313
35,12,271.49732351490024,111,33,1,6,0.5093706226908585,0.258331167077566,7,0.5318149712127178,Grocery,West,F,At-Risk,CUST_01762,22.62477695957502,2.9166666666666665,4.114285714285715,3,2,2,7,0.596197297296496,0.403802702703504,82.37,Low,76.36614270977097,115.21587454313473,78.386826,83.57715919684487,6.0038572902290355
22,45,2500.0,76,42,3,6,0.5617649570890695,0.064885680394994,2,0.2083417371742087,Sports,North,F,Growers,CUST_01306,55.55555555555556,1.8333333333333333,24.545454545454547,3,4,4,11,0.7327457549343762,0.2672542450656238,1762.86,High,1593.2096480401938,1597.1985104010269,1710.0939,1628.225097998572,169.65035195980613
16,8,609.3337697176253,87,58,2,6,0.4354207258282723,0.133731191865297,6,0.6184855076071603,Pharmacy,East,F,At-Risk,CUST_01542,76.16672121470316,1.3333333333333333,6.0,3,2,3,8,0.6480641848475676,0.3519358151524324,463.67,Medium,366.4297661992165,444.32148121335393,476.7866,412.1351411200641,97.24023380078353
12,38,1529.878113520612,54,32,3,6,0.7341826132952165,0.070908484215873,1,0.1159689459654721,Tech,South,M,Growers,CUST_00623,40.25995035580558,1.0,38.0,4,4,4,12,0.731102991172058,0.268897008827942,1752.09,High,1993.9975063744319,2589.011830597572,1806.5433,2039.6014114853701,241.90750637443193
7,2,44.17831711980276,195,27,1,4,0.3395534598281164,0.346350041824353,7,0.5752863113231785,Pharmacy,South,M,Hibernating,CUST_02314,22.08915855990138,0.5833333333333334,3.4285714285714284,2,1,1,4,0.2349407933735717,0.7650592066264283,32.15,Low,34.84865105754101,42.579886643967434,32.669037,35.581612280040545,2.6986510575410136
33,47,2500.0,64,36,2,9,0.5182368586831533,0.082142127781167,6,0.3243241471333236,Tech,West,M,Growers,CUST_01494,53.191489361702125,2.75,17.09090909090909,3,4,4,11,0.65534428841923,0.34465571158077,900.44,High,1092.6721308846531,885.5258022013793,977.13226,1013.1476482688344,192.2321308846531
76,81,8395.53848556702,20,53,4,9,0.3334868060126357,0.0626678517612651,0,0.0229716750125934,Electronics,North,F,Champions,CUST_00111,103.6486232786052,6.333333333333333,12.789473684210527,5,5,5,15,0.95,0.05,10301.46,Very High,10357.85377790551,4541.642310648854,9885.288,8661.186671683648,56.39377790551043
14,5,85.29484978414766,181,28,1,6,0.2933774393658293,0.2591291043977262,15,0.6513825702296672,Grocery,East,M,Hibernating,CUST_02488,17.058969956829532,1.1666666666666667,4.285714285714286,2,1,1,4,0.2486538812358374,0.7513461187641626,41.88,Low,35.351018731315875,36.234817371757764,37.90262,36.2770712964949,6.528981268684127
30,30,1599.9189078349389,45,49,2,9,0.8231382273348127,0.0727610578641772,2,0.1623380777266755,Sports,East,F,Growers,CUST_01170,53.33063026116463,2.5,12.0,4,4,4,12,0.7624168622847488,0.2375831377152512,910.93,High,990.0936443038764,1192.2222854967115,924.1638,1006.5515914939019,79.16364430387648
21,5,59.48018957745008,196,73,1,5,0.2484033548259163,0.498202708418595,11,0.7006917776867703,Pharmacy,South,F,Hibernating,CUST_02462,11.896037915490016,1.75,2.857142857142857,2,1,1,4,0.3310241761963644,0.6689758238036356,15.2,Low,20.46825539915799,36.587809693424234,18.015207,22.154644273218725,5.26825539915799
62,94,4853.846663813517,28,54,4,8,0.3112129445810275,0.0588014584496586,2,0.0149242003309446,Electronics,West,F,Champions,CUST_00233,51.63666663631401,5.166666666666667,18.19354838709677,4,5,5,14,0.8380414058443091,0.1619585941556909,2041.09,High,2797.983231270768,2371.5739798934974,2085.2383,2478.438155055996,756.8932312707682
25,138,8082.248198695807,3,39,3,8,0.5500563760383135,0.07798056351578,1,0.065054149698057,Luxury,West,M,Champions,CUST_00067,58.56701593257832,2.083333333333333,66.24,5,5,5,15,0.9433401993514948,0.056659800648505,32404.35,Very High,21743.944255843533,32871.114190457774,30963.662,26259.600025092106,10660.405744156466
3,2,107.07241687966886,280,39,2,3,0.2814230518862949,0.3087728747507025,4,0.5667921497207091,Pharmacy,West,F,Hibernating,CUST_02708,53.53620843983443,0.25,8.0,1,1,1,3,0.1800730623504964,0.8199269376495035,158.36,Low,152.83362897559658,48.82956960699202,162.30704,124.00419548862946,5.526371024403431
43,18,203.78872467982185,136,47,2,7,0.4955868263181234,0.1002469049205777,10,0.3323408132158473,Grocery,North,F,At-Risk,CUST_02073,11.321595815545656,3.583333333333333,5.023255813953488,2,3,2,7,0.4847778464580339,0.5152221535419661,44.12,Low,49.167328435367914,64.78411461560216,44.04137,50.276480145672295,5.047328435367916
46,19,437.956802608954,170,54,2,7,0.3825949426641133,0.2041490722772385,7,0.4064892775918862,Pharmacy,South,M,At-Risk,CUST_02193,23.05035803205021,3.8333333333333335,4.956521739130435,2,3,2,7,0.5505007858610658,0.4494992141389342,108.7,Low,95.05265429876488,82.2263027991443,105.4091,95.24993735491009,13.647345701235125
60,196,7534.152759803282,19,55,3,9,0.4699859318966241,0.0605446244942649,1,0.0410211773062469,Home,East,M,Champions,CUST_00537,38.43955489695552,5.0,39.2,5,5,5,15,0.95,0.05,9993.32,Very High,10131.756010437359,10294.204380361072,10482.42,10268.319896924224,138.43601043735907
32,44,8866.647750521392,16,50,4,10,0.4752602671430809,0.0438814400756582,2,0.0590453280416163,Electronics,South,F,Champions,CUST_00126,201.5147216027589,2.6666666666666665,16.5,5,4,5,14,0.8639860007939552,0.1360139992060448,7702.42,Very High,7125.224454950189,14812.254365972043,7970.852,8530.544446723025,577.1955450498108
23,9,800.0,148,54,1,6,0.3692235710180779,0.2094366164135881,8,0.6419266258276471,Grocery,North,M,At-Risk,CUST_02134,88.88888888888889,1.9166666666666667,4.695652173913043,2,2,3,7,0.4290835058139503,0.5709164941860496,278.93,Medium,242.33839671484165,212.8542299947866,276.41327,245.64203579586822,36.59160328515836
11,14,1478.5231762961782,86,29,2,8,0.4772820033249414,0.0698405363993903,7,0.2223327079060589,Sports,West,M,Growers,CUST_01255,105.60879830686989,0.9166666666666666,15.272727272727272,3,3,4,10,0.6400697161891691,0.3599302838108309,1653.77,High,1531.1395602430928,1365.2275644150295,1605.2808,1517.7987341784087,122.63043975690721
22,2,200.0,223,71,1,1,0.3250482004856441,0.3552625416031727,2,0.8424720829708692,Pharmacy,West,M,Hibernating,CUST_02485,100.0,1.8333333333333333,1.090909090909091,1,1,2,4,0.2714362233563294,0.7285637766436706,58.16,Low,58.95963477417997,68.47440777201322,56.995514,60.13822034591648,0.799634774179971
34,4,525.811378075879,162,65,2,6,0.2847006054923184,0.2522505505186466,6,0.3992241078051857,Clothing,South,F,At-Risk,CUST_01977,131.45284451896975,2.833333333333333,1.4117647058823528,2,1,3,6,0.3234560177432377,0.6765439822567623,131.04,Low,121.86794413503355,143.3814816379938,122.163216,125.98894619859816,9.172055864966438
19,4,65.69320197866888,254,69,1,3,0.1667890904188757,0.3250490674592134,11,0.9776672126110998,Grocery,West,M,Hibernating,CUST_02463,16.42330049466722,1.5833333333333333,2.5263157894736845,1,1,1,3,0.2065182029980913,0.7934817970019087,18.77,Low,18.6828139042224,24.659706573808823,18.014183,19.540794986693882,0.08718609577760006
8,3,138.9271423509976,184,45,1,4,0.2471754446710451,0.3502481126933815,12,0.6514431748716032,Grocery,North,F,Hibernating,CUST_02489,46.309047450332535,0.6666666666666666,4.5,2,1,1,4,0.3287519203373077,0.6712480796626923,90.87,Low,76.63242676243907,59.59581615263875,95.860405,77.95033931188887,14.237573237560937
33,9,369.1509355083346,97,66,2,7,0.5590562773305285,0.1922811267677033,13,0.6389155248481394,Pharmacy,West,F,At-Risk,CUST_02076,41.01677061203719,2.75,3.272727272727273,3,2,2,7,0.4866293597055726,0.5133706402944274,92.44,Low,86.85063453603388,99.42023746610528,93.92343,91.35252323276353,5.589365463966118
56,159,10169.969640452526,24,55,3,8,0.5755799809581861,0.0561783191051332,0,0.0747499542441355,Home,North,M,Champions,CUST_00485,63.96207321039324,4.666666666666667,34.07142857142857,4,5,5,14,0.8862616202812261,0.1137383797187738,6953.6,Very High,6974.450124417543,8792.94539487635,6710.66,7221.2394482493855,20.850124417542247
36,10,293.3026898022557,112,65,2,6,0.4291793894789673,0.2988025072186436,7,0.5221118248897991,Pharmacy,South,F,At-Risk,CUST_01655,29.33026898022557,3.0,3.333333333333333,2,2,2,6,0.3112944843860623,0.6887055156139377,60.09,Low,60.51814584086321,46.91084675959385,56.2032,56.255146676754734,0.42814584086320906
23,7,42.79534653630066,350,19,1,5,0.2412828989681854,0.2547397024375795,5,0.906303488118004,Pharmacy,North,F,Hibernating,CUST_02677,6.113620933757238,1.9166666666666667,3.652173913043478,1,2,1,4,0.3446707978344667,0.6553292021655333,11.58,Low,12.684981212845392,39.69805498413642,11.362338,15.506957915601834,1.1049812128453915
18,4,33.25011663511503,236,72,2,3,0.1376176303906614,0.3083490206813298,2,0.9303014841587964,Grocery,East,M,Hibernating,CUST_02551,8.312529158778757,1.5,2.6666666666666665,1,1,1,3,0.2105729472525873,0.7894270527474126,9.24,Low,11.383822731082406,24.104173770176473,9.261499,12.481549291973371,2.1438227310824054
8,3,50.92277095347252,286,45,1,6,0.1121714142658598,0.4783862547175344,13,0.7009569999747853,Pharmacy,West,F,Hibernating,CUST_02406,16.97425698449084,0.6666666666666666,4.5,1,1,1,3,0.2388519633184153,0.7611480366815847,28.59,Low,31.82224682047763,37.36375806098656,30.821955,32.54953051908617,3.2322468204776307
47,11,550.3619064659337,90,57,1,6,0.3497362461400523,0.2406626162935553,5,0.4235011945251506,Grocery,South,M,At-Risk,CUST_01775,50.03290058781215,3.9166666666666665,2.8085106382978724,3,2,3,8,0.3592094752761353,0.6407905247238648,83.32,Low,100.91239568414076,96.79944797681455,82.67921,94.27217544316883,17.59239568414077
23,13,1594.0863671477523,27,45,3,9,0.5695370742408882,0.0765227495378621,1,0.1180680030638092,Sports,East,F,Growers,CUST_00919,122.6220282421348,1.9166666666666667,6.782608695652174,4,2,4,10,0.5976449146053227,0.4023550853946773,1195.47,High,923.2647201504697,982.2610645192595,1035.1472,967.4081448748873,272.20527984953037
42,11,417.2134923630762,62,32,2,5,0.26847667183621,0.2963276862574586,6,0.5256226693375152,Clothing,East,M,At-Risk,CUST_01647,37.9284993057342,3.5,3.142857142857143,4,2,2,8,0.5572059246811183,0.4427940753188817,91.13,Low,95.5480844264315,117.18582402697406,92.39395,98.53608089910954,4.418084426431506
34,34,800.0,84,54,3,8,0.739180044891451,0.0970020209572696,3,0.2923078008853594,Tech,North,M,Growers,CUST_01027,23.529411764705884,2.833333333333333,12.0,3,4,3,10,0.7750681252410117,0.2249318747589883,470.17,Medium,525.5228070707716,454.08717240286967,429.27582,480.33961083079146,55.352807070771576
13,15,800.0,24,38,3,8,0.6504693458749473,0.1025358768473603,5,0.2905581405110482,Clothing,North,F,Growers,CUST_01031,53.333333333333336,1.0833333333333333,13.846153846153848,4,3,3,10,0.7307108457741914,0.2692891542258085,884.07,High,955.6652752109391,780.9567084337647,932.8091,911.208254235618,71.59527521093901
35,52,2228.87013563472,48,37,3,6,0.839840352324897,0.1040529251088935,5,0.143877863116374,Sports,North,M,Growers,CUST_00883,42.862887223744615,2.9166666666666665,17.82857142857143,4,4,4,12,0.811711770540528,0.188288229459472,1172.13,High,1322.2286742170093,1448.874161016816,1236.4312,1319.808418204619,150.09867421700915
34,12,1067.9867345748517,54,31,2,7,0.4439765041843645,0.0791458417657896,3,0.1895367166004232,Clothing,West,M,Growers,CUST_01336,88.9988945479043,2.833333333333333,4.235294117647059,4,2,3,9,0.5784033515329488,0.4215966484670512,333.99,Medium,324.75568509315895,348.5801724115091,321.34177,328.34446111377747,9.234314906841064
40,11,200.0,140,42,2,5,0.271730542669837,0.1976318956554443,10,0.3718826663542347,Clothing,West,F,At-Risk,CUST_02223,18.181818181818183,3.333333333333333,3.3,2,2,2,6,0.4198604155065824,0.5801395844934176,36.35,Low,45.46665479886472,53.51916359501033,36.277985,43.907234790572296,9.116654798864715
77,154,9209.153810952675,26,53,4,10,0.73232946092907,0.074287827945709,3,0.0552375161092699,Luxury,North,M,Champions,CUST_00365,59.79970007112127,6.416666666666667,24.0,4,5,5,14,0.8535907185310948,0.1464092814689052,2398.86,High,3955.3279547413476,3810.51149737183,2734.2786,3514.330355557988,1556.4679547413475
20,15,263.4842293290524,100,51,1,7,0.2174798896500074,0.1835988515760031,12,0.3044369974097969,Clothing,North,F,At-Risk,CUST_02126,17.565615288603496,1.6666666666666667,9.0,3,3,2,8,0.5950137326157117,0.4049862673842883,173.95,Low,159.9909160674361,183.31067215253853,163.32156,165.4252306632087,13.959083932563885
83,167,5996.576047309214,4,48,4,8,0.6741779268328698,0.0343263156719628,3,0.0184871187198827,Electronics,North,M,Champions,CUST_00028,35.90764100185158,6.916666666666667,24.14457831325301,5,5,5,15,0.95,0.05,6459.55,Very High,6494.037984159023,3562.90283640168,6419.5474,5739.473229476513,34.487984159022744
55,48,15000.0,26,31,4,9,0.3853541816562401,0.0454152158023691,1,0.0674915511403289,Luxury,South,M,Champions,CUST_00474,312.5,4.583333333333333,10.472727272727273,4,4,5,13,0.9133244827490846,0.0866755172509153,13362.73,Very High,8979.341877329012,23319.853315434346,13461.107,12271.394310111942,4383.388122670987
81,184,15000.0,24,63,3,10,0.7424275588480022,0.0156130729768479,3,0.0365992953528708,Luxury,South,M,Champions,CUST_00526,81.52173913043478,6.75,27.25925925925926,4,5,5,14,0.95,0.05,14601.46,Very High,13251.860579518043,9644.46710163945,14893.73,12879.398503113573,1349.5994204819563
6,13,982.95338098991,40,50,3,7,0.6189653819236854,0.0582293541017976,3,0.2719432588863704,Tech,East,M,Growers,CUST_00726,75.61179853768539,0.5,26.0,4,2,3,9,0.6531523741991415,0.3468476258008585,2108.12,High,1476.138969269634,1029.4748371268279,2077.2952,1521.7560184918384,631.981030730366
62,144,6008.154285441693,27,42,3,10,0.417101685463167,0.0312300123594498,4,0.0635655179896385,Luxury,East,F,Champions,CUST_00056,41.72329364890064,5.166666666666667,27.870967741935484,4,5,5,14,0.8254844488922921,0.1745155511077079,2495.57,High,2902.879412282516,3455.915825181436,2502.9111,2875.1584067901795,407.30941228251595
31,40,2078.260838319208,76,53,2,6,0.4170222531001323,0.1083732250160124,5,0.1786722434678316,Tech,East,M,Growers,CUST_00639,51.9565209579802,2.583333333333333,15.483870967741934,3,4,4,11,0.7432078556142027,0.2567921443857973,1164.53,High,1124.2955971852016,1040.5175946575807,1153.2688,1115.4999703535234,40.234402814798386
83,190,6374.897628308469,6,56,3,8,0.4385062621629894,0.0537731118968117,3,0.013005985139346,Electronics,South,F,Champions,CUST_00303,33.552092780570895,6.916666666666667,27.46987951807229,5,5,5,15,0.95,0.05,7572.65,Very High,6785.704392791888,4206.548741437795,7263.756,6294.085419987315,786.945607208112
1,4,128.33303574349443,308,72,1,5,0.4531015232983773,0.2849588017422652,10,0.8709695313279147,Grocery,East,F,Hibernating,CUST_02609,32.08325893587361,0.0833333333333333,48.0,1,1,1,3,0.2611730069758073,0.7388269930241926,885.98,High,477.2208621110458,119.77510772161715,859.89514,432.2064010535847,408.7591378889542
25,49,2238.914360124091,34,52,2,9,0.6803558695756591,0.0881709819093541,6,0.1971987797403506,Clothing,East,F,Growers,CUST_01277,45.69212979845084,2.083333333333333,23.52,4,4,4,12,0.816119754756347,0.1838802452436529,2763.53,Very High,2052.9593224344812,1970.0201097138727,2345.6702,2119.1655328447537,710.570677565519
16,4,97.7006136278947,250,27,1,6,0.4161909796567428,0.4146714830607405,11,0.7352714961491946,Pharmacy,South,M,Hibernating,CUST_02636,24.425153406973678,1.3333333333333333,3.0,1,1,1,3,0.1996641166980848,0.8003358833019152,28.26,Low,31.253662838851596,27.547759134418623,28.947569,29.783105408923415,2.993662838851595
33,35,1206.2891748934248,75,28,3,8,0.5586861665337258,0.0656244114251916,7,0.2502691997515981,Clothing,North,M,Growers,CUST_00625,34.465404996954994,2.75,12.727272727272728,3,4,4,11,0.7116892148168279,0.2883107851831721,488.62,Medium,693.5630151718701,726.183464583906,560.311,656.5756067041826,204.94301517187012
29,17,708.6479400972714,198,52,2,7,0.5756944039626046,0.1051409720219322,11,0.5796785893411418,Grocery,West,M,At-Risk,CUST_02056,41.68517294689832,2.4166666666666665,7.03448275862069,2,3,3,8,0.4097183354188727,0.5902816645811273,183.55,Low,188.00630755974942,174.43964564865496,177.38689,182.00907117362055,4.456307559749405
17,27,2500.0,83,40,2,6,0.6633727479024699,0.0973345880927618,1,0.1624732987168411,Clothing,South,M,Growers,CUST_01281,92.5925925925926,1.4166666666666667,19.058823529411764,3,3,4,10,0.5616298363916101,0.4383701636083899,1253.56,High,1196.5588438710738,1159.4415614166016,1266.1747,1209.386635879671,57.00115612892614
26,33,2062.088339467861,45,40,3,8,0.8420736064928609,0.1047630651380177,5,0.1709615370865341,Clothing,East,M,Growers,CUST_01050,62.48752543842002,2.1666666666666665,15.230769230769232,4,4,4,12,0.8186667769351637,0.1813332230648363,1674.35,High,1788.7032500875107,1739.3034606644712,2060.13,1855.7233469947548,114.35325008751079
58,112,6359.092946751666,16,40,4,8,0.3425517430598926,0.0742087646604376,0,0.0328157562616319,Home,South,F,Champions,CUST_00337,56.77761559599702,4.833333333333333,23.17241379310345,5,5,5,15,0.95,0.05,9890.2,Very High,9066.786271052653,5813.905752552648,9566.299,8430.328303627522,823.4137289473474
75,74,10589.028800106717,4,43,3,9,0.4771356636086078,0.0437492469243889,0,0.089614386386013,Luxury,South,F,Champions,CUST_00048,143.09498378522588,6.25,11.84,5,5,5,15,0.95,0.05,13575.59,Very High,12731.318023925098,6517.217312588701,13597.237,11357.588061400278,844.2719760749023
39,183,5361.02226780195,19,47,4,8,0.4939130449584656,0.0741494381172446,1,0.0363530542705143,Electronics,West,F,Champions,CUST_00107,29.295203649190984,3.25,56.30769230769231,5,5,5,15,0.95,0.05,13982.39,Very High,12061.044389379971,16734.1270869888,11730.919,12770.649892025414,1921.3456106200283
21,14,2500.0,80,48,2,6,0.6340561952274635,0.0967747833400163,1,0.1048261041794666,Clothing,West,M,Growers,CUST_01080,178.57142857142858,1.75,8.0,3,3,4,10,0.5199503777662304,0.4800496222337695,1011.9,High,985.7893689730953,1217.3995778608553,1054.551,1049.3015133909814,26.110631026904684
20,35,2182.314701306804,77,44,3,6,0.7310865061617864,0.0607498637109429,5,0.3430391273836874,Tech,North,M,Growers,CUST_01145,62.35184860876584,1.6666666666666667,21.0,3,4,4,11,0.772965540667688,0.227034459332312,2163.8,High,1762.2891555796618,1653.5320454050602,2174.1814,1853.1525141113675,401.51084442033834
10,5,30.97899889490945,195,63,2,6,0.3645328642798684,0.3394231352898395,10,0.5271340934282414,Pharmacy,South,M,Hibernating,CUST_02441,6.19579977898189,0.8333333333333334,6.0,2,1,1,4,0.355687086611656,0.644312913388344,20.94,Low,21.631671119383775,50.99685889701589,20.442049,25.298660914848707,0.6916711193837735
34,17,478.9907987144963,136,66,2,4,0.4583922712783073,0.2103382092216871,4,0.5080836295825258,Pharmacy,North,F,At-Risk,CUST_01837,28.17592933614684,2.833333333333333,6.0,2,3,2,7,0.5326051309283599,0.4673948690716401,126.93,Low,123.53099498958319,101.62204664728648,129.80109,120.5822811919939,3.399005010416815
23,8,538.7830894168866,180,63,1,7,0.318965571803134,0.2995734049827144,12,0.4086039706951554,Clothing,East,F,At-Risk,CUST_01754,67.34788617711082,1.9166666666666667,4.173913043478261,2,2,3,7,0.4203403093815445,0.5796596906184555,150.18,Low,183.75011018109592,187.13436124925465,160.66063,177.14240567518826,33.57011018109591
31,44,2500.0,23,34,3,9,0.4299633241152275,0.1222970524442974,4,0.1337187116020119,Tech,South,F,Growers,CUST_01102,56.81818181818182,2.583333333333333,17.032258064516128,5,4,4,13,0.95,0.05,5880.48,Very High,6044.905132745652,2828.04897878465,6209.516,5234.969687424808,164.42513274565226
28,5,800.0,127,60,1,7,0.2493577455012947,0.1333614640519145,6,0.3267474308757417,Clothing,South,M,At-Risk,CUST_01969,160.0,2.333333333333333,2.142857142857143,2,1,3,6,0.2597494504342641,0.7402505495657359,179.16,Low,171.15250529741058,162.72419120009252,177.99919,171.43864177584322,8.007494702589412
81,182,12481.363692499956,19,34,4,10,0.7240546175078151,0.0510636742798563,4,0.0591719086258286,Luxury,North,M,Champions,CUST_00524,68.5789213873624,6.75,26.96296296296296,5,5,5,15,0.95,0.05,11423.6,Very High,12394.197302264796,9077.171403787781,11712.853,11449.814170199406,970.5973022647959
29,15,800.0,33,48,3,8,0.4540930974400194,0.1103344965311753,2,0.3473140596537647,Clothing,North,M,Growers,CUST_01429,53.333333333333336,2.4166666666666665,6.206896551724138,4,3,3,10,0.7530759893128214,0.2469240106871786,359.44,Medium,435.3844277555773,513.6377720090982,389.87527,435.36151360884315,75.9444277555773
11,7,57.72751167242118,301,63,1,3,0.3488794342700279,0.4220518520710136,3,0.6209461270870698,Grocery,West,M,Hibernating,CUST_02608,8.246787381774455,0.9166666666666666,7.636363636363637,1,2,1,4,0.3497156690854062,0.6502843309145938,33.73,Low,30.67954521078663,53.09030547114666,33.521763,35.177724815072594,3.050454789213365
18,20,1284.8230381862988,33,42,3,9,0.5355751805886098,0.1017964951121389,6,0.318454944070013,Sports,East,M,Growers,CUST_00604,64.24115190931494,1.5,13.333333333333334,4,3,4,11,0.6403252206955423,0.3596747793044577,1036.84,High,958.0476636858434,1068.8489103894735,1006.6793,993.9043554812704,78.7923363141565
6,55,2127.791036805449,44,44,3,6,0.7866381113334076,0.0715836768130248,7,0.1100348470413525,Clothing,East,F,Growers,CUST_01490,38.68710976009909,0.5,110.0,4,4,4,12,0.7734320059211567,0.2265679940788433,4322.75,Very High,4293.358893902234,13449.50035718477,4490.7856,5468.184320699022,29.39110609776617
1,5,200.0,275,60,1,4,0.2210088370055465,0.3708712709262255,12,0.7692177820548209,Pharmacy,West,M,Hibernating,CUST_02352,40.0,0.0833333333333333,60.0,1,1,2,4,0.2844546565538695,0.7155453434461305,1124.24,High,528.5110701109567,259.82483906257596,1059.0392,564.9837269787707,595.7289298890433
37,196,14089.46025580212,18,64,4,8,0.507887551761661,0.0472100506880711,1,0.0527474808512858,Electronics,North,M,Champions,CUST_00061,71.88500130511285,3.083333333333333,63.567567567567565,5,5,5,15,0.95,0.05,35396.33,Very High,29187.080359637104,57705.106270911376,36031.926,35632.38232204839,6209.2496403628975
18,7,152.33838895448164,244,30,2,2,0.2440075832860305,0.2436588385144302,3,0.7998046408208728,Grocery,West,M,Hibernating,CUST_02750,21.762626993497378,1.5,4.666666666666667,1,2,1,4,0.3393580759009086,0.6606419240990914,40.93,Low,43.901005752690146,41.594404072951086,45.158257,43.799522106779975,2.9710057526901466
23,52,2500.0,26,53,3,9,0.5119692166548478,0.0553330068206746,4,0.2057536115604406,Sports,North,M,Growers,CUST_00672,48.07692307692308,1.9166666666666667,27.130434782608692,4,4,4,12,0.7420476728735322,0.2579523271264677,1714.05,High,1750.9808965894026,1947.2935776815673,1689.0094,1769.3629098936756,36.930896589402664
57,67,11696.948243809564,25,60,3,10,0.661721831177456,0.0209768893721764,0,0.1072687529725331,Luxury,North,M,Champions,CUST_00093,174.58131707178453,4.75,14.105263157894736,4,5,5,14,0.9328322262268588,0.067167773773141,10815.76,Very High,11710.593137317665,9986.548603256588,11135.865,11173.51536387115,894.8331373176643
18,37,800.0,59,49,3,8,0.423699288965582,0.1320782449172903,1,0.1046085524251854,Clothing,South,F,Growers,CUST_00667,21.62162162162162,1.5,24.666666666666668,4,4,3,11,0.7290229227114561,0.2709770772885439,592.27,Medium,779.9220619442938,911.0876249702984,687.91974,774.8214798946844,187.6520619442938
30,15,328.7174822278866,103,26,1,6,0.2135490640886425,0.1932391610474084,12,0.3922784493794611,Grocery,West,M,At-Risk,CUST_01888,21.91449881519244,2.5,6.0,3,3,2,8,0.5010089317199657,0.4989910682800342,86.82,Low,101.88482858799172,116.62439676423901,89.781784,100.78289074521192,15.064828587991727
55,91,6841.90439916942,6,35,4,9,0.43764410672593,0.0305847223523744,3,0.0451449479447432,Electronics,North,F,Champions,CUST_00281,75.18576262823538,4.583333333333333,19.854545454545452,5,5,5,15,0.95,0.05,8829.32,Very High,10604.992528216486,6101.754410842667,10958.845,9589.079702794688,1775.6725282164862
33,6,200.0,69,32,2,6,0.4225777277701021,0.2776418830577684,7,0.6546762773267146,Clothing,East,M,At-Risk,CUST_01720,33.333333333333336,2.75,2.1818181818181817,3,2,2,7,0.5717222584817244,0.4282777415182756,49.6,Low,70.16401884700379,106.16411569030463,51.350105,69.43936249243936,20.564018847003787
71,169,5854.742046678085,16,38,3,8,0.3312824211097258,0.0489604899951507,1,0.0756955931966152,Luxury,West,M,Champions,CUST_00360,34.643444063183935,5.916666666666667,28.56338028169014,5,5,5,15,0.95,0.05,6865.47,Very High,6786.7291148701215,5035.862792184438,6787.8843,6393.900631269478,78.74088512987873
26,56,1104.4937042282809,31,45,2,7,0.7543607518742922,0.120096965457812,4,0.3078837431117188,Tech,South,M,Growers,CUST_00900,19.723101861219305,2.1666666666666665,25.846153846153847,4,4,3,11,0.7726724659072771,0.2273275340927228,1096.16,High,930.3398477766716,887.2563410790688,945.0464,925.9057270904793,165.82015222332848
38,9,440.0057582186087,140,52,2,7,0.5882314620790716,0.2562897779438028,12,0.4877590309354555,Clothing,South,M,At-Risk,CUST_01936,48.88952869095653,3.1666666666666665,2.8421052631578947,2,2,2,6,0.4855424328123185,0.5144575671876814,105.91,Low,94.24803677410559,77.75488333459924,106.07955,93.97198685701166,11.66196322589441
39,18,231.6138828232588,195,27,1,5,0.5891818932091258,0.2322621700098787,4,0.6782231484880963,Grocery,North,M,At-Risk,CUST_01995,12.867437934625489,3.25,5.538461538461538,2,3,2,7,0.4902608315442696,0.5097391684557304,56.94,Low,58.582467125306835,80.92918640416791,56.244022,61.743110293929654,1.6424671253068368
15,6,84.04907366664935,301,71,2,6,0.1023670154390768,0.3179574373591888,15,0.6141842795207701,Grocery,South,F,Hibernating,CUST_02313,14.00817894444156,1.25,4.8,1,2,1,4,0.296711563822137,0.7032884361778631,37.71,Low,31.1048628676929,41.43074923048699,35.82131,34.37132730947445,6.6051371323070995
14,12,2259.316221750948,60,41,2,7,0.5902935974488835,0.12286423237169,6,0.1566161729193487,Clothing,North,F,Growers,CUST_00761,188.276351812579,1.1666666666666667,10.285714285714285,4,2,4,10,0.6846978613220167,0.3153021386779833,1936.12,High,1860.4033303186072,2468.8066144979175,2059.5422,2029.7073895451902,75.71666968139266
26,19,331.1663030841384,109,22,2,4,0.5629405086067476,0.2027200757274238,5,0.3512865952849553,Grocery,South,M,At-Risk,CUST_02159,17.429805425480968,2.1666666666666665,8.76923076923077,3,3,2,8,0.5823207593485895,0.4176792406514105,134.19,Low,143.14851938787703,164.24962963422894,140.44089,146.30100015269335,8.958519387877033
18,3,138.61214621772805,337,24,1,1,0.4943064282250938,0.3159693415078386,4,0.8467315577222598,Pharmacy,North,F,Hibernating,CUST_02623,46.20404873924269,1.5,2.0,1,1,1,3,0.1672986195327567,0.8327013804672433,45.79,Low,41.34074940466749,31.895318618224522,43.57189,39.88127454327335,4.449250595332508
38,180,15000.0,1,33,4,9,0.3417771687553448,0.0664000167967752,2,0.0558123382444343,Luxury,East,F,Champions,CUST_00043,83.33333333333333,3.1666666666666665,56.8421052631579,5,5,5,15,0.95,0.05,37544.67,Very High,29672.96700210813,52631.344696711276,36418.445,35385.56887548789,7871.702997891869
36,16,393.55911649932665,144,21,2,4,0.4655947447468063,0.1909086805055081,6,0.4588492102420476,Pharmacy,West,M,At-Risk,CUST_02174,24.59744478120792,3.0,5.333333333333333,2,3,2,7,0.4644071922810442,0.5355928077189558,88.27,Low,82.27799110971651,80.50800121091665,87.45563,83.43506633891155,5.992008890283486
51,74,6100.42194092066,22,62,4,10,0.316838201937232,0.0672113718549265,1,0.0643724237937482,Electronics,West,F,Champions,CUST_00205,82.43813433676567,4.25,17.41176470588235,5,5,5,15,0.95,0.05,10862.93,Very High,10158.280598742644,6001.815119908048,10327.875,9189.062025400022,704.6494012573567
18,32,1461.3890160711378,20,30,3,8,0.8311516180131995,0.1434911794515208,1,0.2999573635124754,Sports,East,M,Growers,CUST_01474,45.668406752223056,1.5,21.33333333333333,5,4,4,13,0.83404206991439,0.16595793008561,2972.94,Very High,2347.8489275187544,2557.792394327204,2737.3938,2500.977401433576,625.0910724812456
28,10,292.11908462164365,167,55,1,4,0.3591116869254591,0.118025708053635,6,0.5243011091117745,Grocery,West,M,At-Risk,CUST_02101,29.211908462164367,2.333333333333333,4.285714285714286,2,2,2,6,0.4092698544188257,0.5907301455811743,84.13,Low,78.03092661858922,77.4536649966284,77.543434,77.76879266649638,6.099073381410776
51,135,4039.17405747253,6,35,4,10,0.735263483134692,0.0600327293510762,2,0.0544883027513715,Home,North,M,Champions,CUST_00069,29.91980783312985,4.25,31.764705882352946,5,5,5,15,0.95,0.05,6345.57,Very High,7122.188284555909,5948.05535885132,6621.3047,6721.480604684426,776.6182845559097
20,7,330.04734313830426,88,47,2,6,0.2022581802239067,0.1217817066789185,3,0.6294210908706261,Pharmacy,West,M,At-Risk,CUST_01876,47.14962044832918,1.6666666666666667,4.2,3,2,2,7,0.5484010137361572,0.4515989862638427,151.78,Low,134.26782495812586,158.45462380763223,143.50006,141.58869667722746,17.512175041874144
13,6,53.802135252063295,328,38,2,2,0.2027699460205184,0.4939505067898703,8,0.8898435565018811,Pharmacy,North,M,Hibernating,CUST_02380,8.967022542010548,1.0833333333333333,5.538461538461539,1,2,1,4,0.3428628268330865,0.6571371731669134,22.58,Low,24.727348984663557,49.99246818890436,23.53156,28.081465856836108,2.1473489846635587
18,11,255.06831933850637,198,26,2,6,0.5006029442283639,0.2209125733780025,11,0.3007749236547467,Clothing,North,M,At-Risk,CUST_02232,23.188029030773304,1.5,7.333333333333333,2,2,2,6,0.4275759004234791,0.5724240995765209,147.85,Low,115.05111131350404,108.65669277640575,129.74434,117.9210047263054,32.79888868649596
56,109,9989.151530426294,2,46,4,8,0.3026567378341729,0.0342064268887297,4,0.0803021652092485,Home,East,F,Champions,CUST_00138,91.64359202225958,4.666666666666667,23.35714285714285,5,5,5,15,0.95,0.05,19059.11,Very High,13980.947851276258,9794.909250626977,14884.656,13267.542009918001,5078.162148723743
34,59,858.6881189163024,68,49,3,7,0.6972750505725225,0.0960426822366601,5,0.2810021980403884,Sports,West,M,Growers,CUST_00797,14.554035913835634,2.833333333333333,20.823529411764707,3,5,3,11,0.796337294312383,0.203662705687617,527.37,Medium,684.9032844751192,627.3037708236805,542.7432,627.6132762137622,157.53328447511922
36,13,473.7739001533642,150,26,1,4,0.3656222364955254,0.2000130383773833,10,0.3258294585210187,Pharmacy,South,M,At-Risk,CUST_02181,36.4441461656434,3.0,4.333333333333333,2,2,2,6,0.4304777984497901,0.5695222015502098,134.61,Low,101.0436401325163,70.80223617638501,118.109604,98.6333207791607,33.56635986748371
43,16,417.9987694890362,109,44,2,6,0.5245357916806048,0.155760592477206,7,0.3902812281880439,Grocery,South,M,At-Risk,CUST_02129,26.12492309306476,3.583333333333333,4.465116279069767,3,3,2,8,0.5443833913165507,0.4556166086834493,98.53,Low,90.67730118697672,100.17913457793092,95.75428,94.02768625899901,7.852698813023281
28,22,1251.0530063225362,37,32,3,6,0.5917314172738463,0.1146430577992003,2,0.3367168493739911,Tech,West,M,Growers,CUST_00759,56.86604574193347,2.333333333333333,9.428571428571429,4,3,4,11,0.5825516964072845,0.4174483035927154,421.4,Medium,527.6760370379859,685.4465356828055,427.28433,521.9207320957042,106.27603703798593
67,136,11836.712163664317,15,59,4,9,0.7172858951278138,0.0755156073773991,1,0.053020978809108,Electronics,East,M,Champions,CUST_00542,87.03464826223761,5.583333333333333,24.358208955223883,5,5,5,15,0.95,0.05,17001.44,Very High,15339.498362784547,10297.28749238326,16181.453,14393.153497441695,1661.941637215452
31,15,2169.72271143194,30,48,3,6,0.8112255454850332,0.1165472965137299,3,0.2004800467481691,Sports,East,M,Growers,CUST_01020,144.64818076212933,2.583333333333333,5.806451612903225,4,3,4,11,0.7337080231123956,0.2662919768876044,1171.93,High,1041.750492466219,1449.9571792208037,1127.3112,1139.6431038348073,130.17950753378113
26,19,324.7152446948536,171,35,2,7,0.4825642131400913,0.2836481004571107,4,0.6686816902218053,Grocery,North,M,At-Risk,CUST_02289,17.090276036571243,2.1666666666666665,8.76923076923077,2,3,2,7,0.4936506782860043,0.5063493217139957,117.47,Low,122.33608953782614,115.63732507745186,120.875206,120.53104824329881,4.8660895378261415
70,86,8400.263845050487,17,50,4,8,0.6581985559790495,0.0111614736442818,3,0.1143318087471265,Luxury,East,M,Champions,CUST_00166,97.6774865703545,5.833333333333333,14.742857142857144,5,5,5,15,0.95,0.05,8208.92,Very High,9761.368537624941,5219.190451543794,8659.959,8308.687455068026,1552.4485376249413
47,152,8410.68919847266,18,63,4,10,0.732216623434182,0.0616565663178314,3,0.072845144762001,Electronics,West,M,Champions,CUST_00249,55.33348156889908,3.9166666666666665,38.80851063829788,5,5,5,15,0.95,0.05,13311.46,Very High,13105.37920125813,13647.174849346944,13965.587,13466.38908627372,206.08079874186842
20,33,1858.5066095392328,58,31,3,8,0.458776630812719,0.0626658465918261,3,0.1761108622475934,Tech,West,F,Growers,CUST_01332,56.31838210724948,1.6666666666666667,19.8,4,4,4,12,0.7647253733958426,0.2352746266041574,2073.83,High,1747.8176331749723,1856.3236153863786,1858.2524,1801.8156028020903,326.0123668250276
27,17,800.0,188,53,2,5,0.3436637248680773,0.2583346721155349,9,0.3427927230528224,Clothing,West,F,At-Risk,CUST_02018,47.05882352941177,2.25,7.555555555555555,2,3,3,8,0.4577931138152916,0.5422068861847084,295.88,Medium,249.20603267510018,210.9861630270071,285.10263,250.98052698451406,46.67396732489982
60,179,5886.492068480784,18,47,4,10,0.3003266953806497,0.0355375729145459,4,0.0418512435521694,Home,West,M,Champions,CUST_00447,32.885430550171975,5.0,35.8,5,5,5,15,0.95,0.05,10189.92,Very High,8709.049204664683,7582.729256643071,10159.191,8871.735063552951,1480.8707953353169
9,48,818.0767218348458,73,40,2,9,0.7317784597792805,0.0796094616913371,7,0.3034090059504576,Tech,South,M,Growers,CUST_01359,17.043265038225954,0.75,64.0,3,4,3,10,0.6208520961392623,0.3791479038607377,1404.51,High,1358.8979271030867,1435.947731933854,1351.6633,1371.7716637116703,45.61207289691333
26,7,611.3622222654614,185,44,2,7,0.2610543165323377,0.1234112917929173,6,0.3057229140186488,Grocery,East,F,At-Risk,CUST_02146,87.33746032363733,2.1666666666666665,3.230769230769231,2,2,3,7,0.3616519196608979,0.6383480803391021,168.71,Low,171.92078226999527,173.93281555354045,165.36043,170.3218978344655,3.2107822699952635
20,13,1826.0810338610213,50,43,3,7,0.7419419867231352,0.1302418287178703,1,0.1151952921573508,Clothing,South,M,Growers,CUST_01330,140.4677718354632,1.6666666666666667,7.8,4,2,4,10,0.6144857511618067,0.3855142488381933,1073.33,High,1041.903433738534,1301.9174602685762,1183.2571,1131.7636085237702,31.42656626146595
11,4,54.48281600576091,208,71,1,4,0.3800648499253083,0.4468197226974408,5,0.5393929991120298,Grocery,North,F,Hibernating,CUST_02911,13.620704001440227,0.9166666666666666,4.363636363636364,1,1,1,3,0.1397924462038694,0.8602075537961306,21.09,Low,24.06215878062868,24.22641188182883,22.054287,23.474050153210182,2.9721587806286784
46,17,325.287503027869,138,53,2,6,0.5470337411873967,0.1844009611697176,14,0.5170978877829974,Pharmacy,North,F,At-Risk,CUST_02151,19.134559001639357,3.8333333333333335,4.434782608695652,2,3,2,7,0.4669844797169407,0.5330155202830593,51.07,Low,55.07539359127589,60.309545898551654,50.824604,54.75099240647365,4.00539359127589
72,118,14825.429563792326,15,62,4,10,0.4836953643485352,0.0546441899291914,2,0.1340900266004985,Electronics,East,M,Champions,CUST_00435,125.6392335914604,6.0,19.666666666666668,5,5,5,15,0.8894216211442718,0.1105783788557281,5804.04,Very High,6867.560825025378,11160.489708022962,6021.7,7275.3693833867865,1063.5208250253781
17,17,530.3457436436436,66,53,2,4,0.3990825005504338,0.2849004859695724,11,0.5193429697742703,Clothing,East,F,At-Risk,CUST_02123,31.196808449626094,1.4166666666666667,12.0,3,3,3,9,0.6302903324700768,0.3697096675299232,337.72,Medium,361.1392083362849,390.59485405189525,340.21698,360.33861867885196,23.419208336284896
24,143,12726.857699556596,26,53,4,10,0.471053810431797,0.0537955552599093,0,0.0320314281735512,Luxury,East,M,Champions,CUST_00578,88.99900489200417,2.0,71.5,4,5,5,14,0.8656082403328861,0.1343917596671139,12169.86,Very High,10718.350412920807,46336.913424588514,12990.675,15217.473421106832,1451.5095870791938
21,6,105.50337968403598,271,23,1,6,0.3184849997907119,0.2303967249137477,13,0.58138332182828,Grocery,North,M,Hibernating,CUST_02985,17.583896614005997,1.75,3.4285714285714284,1,2,1,4,0.2450359374929422,0.7549640625070577,32.87,Low,29.405968954771133,30.369121327896917,31.314716,30.160185341344633,3.4640310452288645
5,3,35.82968680042737,261,33,1,1,0.3681735376250967,0.295927136584629,10,0.5569537576048402,Pharmacy,West,F,Hibernating,CUST_02742,11.943228933475789,0.4166666666666667,7.199999999999999,1,1,1,3,0.1352488637020712,0.8647511362979288,36.89,Low,47.49490447963148,30.81943655080379,47.085323,43.462136308048,10.604904479631479
46,16,800.0,189,27,2,6,0.5653485188632827,0.1534962771697599,3,0.5388797410636551,Pharmacy,West,M,At-Risk,CUST_01849,50.0,3.8333333333333335,4.173913043478261,2,3,3,8,0.479089324389745,0.5209106756102551,103.47,Low,133.66511636326175,140.75061665234213,113.79072,128.68943333738005,30.195116363261747
34,24,870.5114974869248,29,26,2,8,0.7623521375742791,0.1485744702010029,2,0.3365005483347619,Clothing,South,F,Growers,CUST_00763,36.27131239528853,2.833333333333333,8.470588235294118,4,3,3,10,0.6209922206554279,0.3790077793445721,275.76,Medium,352.8228100802276,333.56444377396423,286.34845,327.7089533478274,77.06281008022762
39,148,15000.0,5,31,4,9,0.688524642825878,0.0320442911212227,4,0.0081915454820203,Luxury,North,M,Champions,CUST_00389,101.35135135135135,3.25,45.53846153846154,5,5,5,15,0.95,0.05,43399.75,Very High,30968.683079932172,41082.97815468513,39149.47,35156.989174120965,12431.066920067828
50,172,9653.20377276781,11,55,3,10,0.5830903456125354,0.0281879696558209,2,0.145511168500006,Electronics,West,M,Champions,CUST_00236,56.12327774865006,4.166666666666667,41.28,5,5,5,15,0.8807627691415507,0.1192372308584492,6673.48,Very High,7304.7531224381,13621.648414269712,6718.4224,8069.2032631412785,631.2731224381005
13,5,107.22227925873948,231,49,2,5,0.4303585077168385,0.2176168803122994,7,0.7105927673100236,Grocery,North,F,Hibernating,CUST_02606,21.444455851747897,1.0833333333333333,4.615384615384616,1,1,1,3,0.1774690425106755,0.8225309574893245,36.26,Low,39.84111913028927,27.899587837452028,38.450817,36.717595000668716,3.5811191302892738
18,17,382.9814379833801,187,36,2,5,0.3022805762260941,0.2436756569552353,10,0.6069152782567933,Grocery,South,M,At-Risk,CUST_01985,22.5283198813753,1.5,11.333333333333334,2,3,2,7,0.5053453464645628,0.4946546535354372,138.21,Low,155.56647310378116,154.7458448265082,181.11328,162.65722691987915,17.356473103781155
25,190,5944.317976374828,4,34,4,9,0.6575500806418499,0.0494962271679175,1,0.0872582291210215,Home,West,M,Champions,CUST_00268,31.2858840861833,2.083333333333333,91.2,5,5,5,15,0.95,0.05,15348.68,Very High,14620.517377359072,46295.705636442995,15681.074,18802.009788989766,728.162622640928
14,58,939.296289922492,61,32,2,7,0.5558255503048259,0.1124732851895614,3,0.3442863332001014,Sports,North,M,Growers,CUST_00771,16.19476361935331,1.1666666666666667,49.71428571428571,4,5,3,12,0.9106065868646558,0.0893934131353442,3415.92,Very High,3057.338172313814,2749.8649849626045,3384.9634,3086.0330673083313,358.581827686186
28,10,800.0,122,57,1,7,0.5894962801729591,0.2538484758350912,7,0.4579212800018664,Clothing,South,F,At-Risk,CUST_02166,80.0,2.333333333333333,4.285714285714286,2,2,3,7,0.3600199212526919,0.639980078747308,175.69,Low,184.37521133453404,148.94713770197893,177.92632,174.79873610755473,8.685211334534046
51,83,8932.099669969251,17,34,4,8,0.7225604257480174,0.0448690960483629,3,0.1390361343218796,Luxury,South,M,Champions,CUST_00438,107.61565867432832,4.25,19.529411764705884,5,5,5,15,0.95,0.05,13957.17,Very High,12933.584145004845,9437.149588889977,13072.755,12182.547280671006,1023.5858549951554
15,41,2500.0,58,42,3,7,0.5270176992237542,0.1352010849488376,2,0.322148123655823,Tech,West,F,Growers,CUST_00674,60.97560975609756,1.25,32.8,4,4,4,12,0.7440561492945112,0.2559438507054887,2564.24,Very High,2519.389614724039,2820.061781385319,2719.5227,2636.6191802363696,44.85038527596089
64,71,8769.673815308195,29,51,4,10,0.5934682532794535,0.0352332153599087,1,0.1369201200611792,Electronics,West,M,Champions,CUST_00250,123.51653260997458,5.333333333333333,13.3125,4,5,5,14,0.782438802932584,0.2175611970674159,2590.21,Very High,3257.0400263825863,3579.7705340944017,2653.5295,3121.26554038964,666.8300263825863
14,4,795.0367223391903,82,68,1,6,0.2663620177202758,0.1749882292705294,12,0.5049148337247771,Grocery,North,F,At-Risk,CUST_02202,198.7591805847976,1.1666666666666667,3.4285714285714284,3,1,3,7,0.3350750074773339,0.6649249925226661,298.4,Medium,264.6651105079135,391.57834217192675,308.18408,299.6198761827658,33.734889492086495
30,5,383.82098785552085,170,27,2,4,0.2646466592419113,0.2960042189517489,14,0.4017338854024113,Clothing,North,F,At-Risk,CUST_01575,76.76419757110418,2.5,2.0,2,1,2,5,0.3193247387406856,0.6806752612593143,82.78,Low,84.34536691952175,68.51232487205999,83.09714,80.55239099034621,1.5653669195217503
26,9,800.0,162,46,2,7,0.5456753450219343,0.1284885267664871,8,0.3384069761134253,Pharmacy,West,M,At-Risk,CUST_02143,88.88888888888889,2.1666666666666665,4.153846153846154,2,2,3,7,0.3941037810225568,0.6058962189774433,172.3,Low,189.91959842890714,188.69600811780532,187.05696,188.81204477658304,17.619598428907125
45,19,800.0,99,28,1,5,0.4337658499533792,0.1483792608118896,11,0.4194013562188195,Clothing,South,M,At-Risk,CUST_02082,42.10526315789474,3.75,5.066666666666666,3,3,3,9,0.6376066453991058,0.3623933546008941,183.95,Low,184.9043746710515,219.19562999693883,182.40242,190.5261635225408,0.9543746710515109
2,4,17.02591207720761,264,57,2,2,0.3318417151319581,0.4233944722866726,12,0.8491209857239431,Grocery,West,M,Hibernating,CUST_02618,4.256478019301903,0.1666666666666666,24.0,1,1,1,3,0.2250872308355483,0.7749127691644517,53.69,Low,98.84204274299674,53.84793970858673,54.25965,73.1670907320252,45.15204274299674
10,2,38.59472860905654,354,22,2,3,0.1215204488388761,0.2197740940111762,8,0.8369618404800857,Pharmacy,East,M,Hibernating,CUST_02904,19.29736430452827,0.8333333333333334,2.4,1,1,1,3,0.1681859825137398,0.8318140174862602,20.62,Low,23.65208019367492,33.368290015661294,17.198933,23.053160536849276,3.0320801936749184
7,6,60.26853510015572,359,19,1,2,0.3780551890109991,0.418645109832599,16,0.942796367814967,Pharmacy,South,F,Hibernating,CUST_02740,10.044755850025952,0.5833333333333334,10.285714285714285,1,2,1,4,0.2755458253102226,0.7244541746897774,55.32,Low,44.96669546463176,55.518075141746905,48.840637,48.08335257334999,10.353304535368238
52,40,7532.851081983267,21,33,3,10,0.6962974066045673,0.0426327113789289,4,0.1498189403723481,Luxury,South,M,Champions,CUST_00449,188.32127704958168,4.333333333333333,9.230769230769232,5,4,5,14,0.8807335612173387,0.1192664387826613,7043.24,Very High,5524.904704069001,7061.920376590938,6834.7583,6185.351120824414,1518.3352959309987
18,13,1168.484479404303,67,42,3,8,0.7170950384605955,0.1043210987138804,2,0.2531671324348698,Tech,North,M,Growers,CUST_01470,89.88342149263872,1.5,8.666666666666666,3,2,3,8,0.5942173041748327,0.4057826958251673,665.92,Medium,592.9848621069937,452.67315666314767,708.09375,592.5365285745361,72.9351378930063
18,50,1380.7827223255836,71,37,3,8,0.6951560052453809,0.1029588202638289,6,0.2476638066521602,Clothing,South,F,Growers,CUST_00717,27.61565444651167,1.5,33.333333333333336,3,4,4,11,0.7345411157343684,0.2654588842656316,1217.6,High,1203.5833916753174,1599.7484168886085,1176.7202,1265.4723932852546,14.016608324682466
14,1,75.2437428664307,352,49,1,1,0.2508079426683625,0.4633607020731538,15,0.7272203516016293,Grocery,South,F,Hibernating,CUST_02399,75.2437428664307,1.1666666666666667,0.8571428571428571,1,1,1,3,0.2945843449589252,0.7054156550410747,30.76,Low,31.88636750282221,53.7510181614207,32.071163,35.477180481842545,1.1263675028222089
12,3,72.58535055780087,289,57,1,3,0.2621752912286175,0.2132330478483857,17,0.96152731794592,Pharmacy,North,M,Hibernating,CUST_02615,24.19511685260029,1.0,3.0,1,1,1,3,0.2420389686170907,0.7579610313829093,31.36,Low,32.78016195671451,34.58158458336568,32.62426,33.08566336492034,1.4201619567145087
40,14,685.2531637275289,143,61,1,4,0.5102193803177155,0.2529253782055589,4,0.6687872502033315,Clothing,East,F,At-Risk,CUST_02049,48.94665455196635,3.333333333333333,4.2,2,3,3,8,0.4968208302539224,0.5031791697460776,122.88,Low,138.00008315423406,149.3774203863311,130.3047,137.8123692226696,15.120083154234067
22,11,200.0,110,67,2,4,0.3206736774697821,0.1469279776626122,7,0.6482878706623776,Grocery,North,F,At-Risk,CUST_01902,18.181818181818183,1.8333333333333333,6.0,3,2,2,7,0.4490319256507167,0.5509680743492833,70.18,Low,90.14827235283504,109.64296175835301,81.1877,90.85462437006677,19.96827235283503
35,13,1510.9238163528926,77,31,2,7,0.6115180895410925,0.1216489863332575,6,0.2406925177003828,Clothing,South,F,Growers,CUST_01169,116.2249089502225,2.9166666666666665,4.457142857142857,3,2,4,9,0.5100759835574372,0.4899240164425628,390.32,Medium,410.7529996363146,473.12018143045776,367.26367,408.5847596226886,20.432999636314605
25,123,9130.031721053258,26,59,4,8,0.509635830583011,0.0361420561592893,3,0.0952116211656044,Luxury,West,F,Champions,CUST_00083,74.22790017116469,2.083333333333333,59.04,4,5,5,14,0.8969565413891885,0.1030434586108115,15831.44,Very High,11835.318902438863,23737.096660920943,15768.012,14825.508498268075,3996.1210975611375
10,7,48.1144356785067,277,30,2,2,0.285948977567749,0.2390244715675452,6,0.8493341363912639,Grocery,South,F,Hibernating,CUST_02425,6.873490811215243,0.8333333333333334,8.4,1,2,1,4,0.2953176357330893,0.7046823642669107,28.96,Low,28.186216303599753,46.02092082391388,28.968246,31.362760257758573,0.7737836964002476
13,28,1733.1039849104616,21,38,3,6,0.6768882812996242,0.0565269992450327,3,0.293348056157193,Sports,North,F,Growers,CUST_01461,61.896570889659344,1.0833333333333333,25.846153846153847,5,4,4,13,0.8895450461550375,0.1104549538449625,5824.79,Very High,5437.312789844885,3865.3577040960727,5768.6353,5169.553144267527,387.47721015511524
33,8,364.56184093342296,124,64,2,5,0.3539655087655802,0.1017585226070517,11,0.3488039495403041,Clothing,South,M,At-Risk,CUST_01894,45.57023011667787,2.75,2.909090909090909,2,2,2,6,0.2973768646211889,0.702623135378811,66.33,Low,69.21954457292371,53.445712028726376,64.037964,64.21865297396249,2.889544572923711
33,12,200.0,130,24,2,4,0.5598180752343622,0.1465709502893832,11,0.3951153684446284,Clothing,West,M,At-Risk,CUST_01669,16.666666666666668,2.75,4.363636363636363,2,2,2,6,0.4630419908267328,0.5369580091732672,44.58,Low,49.428597836995785,68.548300803437,43.262077,50.713660992843735,4.848597836995786
13,6,296.860410120828,85,31,2,7,0.3429784196275698,0.2978299821333345,6,0.4218502278065322,Clothing,West,F,At-Risk,CUST_02001,49.476735020138,1.0833333333333333,5.538461538461539,3,2,2,7,0.4974773255391341,0.5025226744608658,166.08,Low,150.43628113600226,168.91376854011554,180.75362,162.6837729391555,15.643718863997748
45,191,7346.231105970191,18,32,4,10,0.4022241862321365,0.0560671552639544,2,0.1099740567205199,Electronics,South,M,Champions,CUST_00476,38.46194296319472,3.75,50.93333333333333,5,5,5,15,0.929287344198568,0.070712655801432,7685.95,Very High,9994.31091832754,16368.360794410912,7913.048,10284.470429416162,2308.3609183275394
25,53,12745.97327402272,21,47,3,9,0.6339339533504067,0.020601186535475,0,0.1301969440096354,Luxury,North,M,Champions,CUST_00518,240.49006177401355,2.083333333333333,25.44,5,4,5,14,0.9240881354536824,0.0759118645463177,35116.41,Very High,15892.200038583467,42535.74996507434,22516.842,21483.07550250076,19224.209961416534
71,160,9326.493790109887,21,37,4,9,0.5034024004758617,0.019324694689564,1,0.0514540068885036,Luxury,West,F,Champions,CUST_00405,58.29058618818679,5.916666666666667,27.04225352112676,5,5,5,15,0.95,0.05,9935.74,Very High,10449.385086455357,7467.989833595829,9899.233,9613.178617629555,513.6450864553572
41,64,7100.180056948202,5,51,3,8,0.529215712065719,0.0524994696618503,1,0.1316624107293937,Luxury,East,M,Champions,CUST_00385,110.94031338981566,3.4166666666666665,18.731707317073173,5,5,5,15,0.95,0.05,12660.85,Very High,14862.32754419964,9099.159484904123,13784.769,13172.377689288145,2201.477544199639
12,1,63.74612897884749,294,43,1,1,0.3614233369032399,0.240283390058595,11,0.571001939252494,Grocery,North,M,Hibernating,CUST_02982,63.74612897884749,1.0,1.0,1,1,1,3,0.244082823025623,0.755917176974377,27.72,Low,30.031081786027453,42.769855114147184,29.485113,32.064340519672626,2.3110817860274544
20,5,571.2892147797118,151,56,2,5,0.5542494902229558,0.1881498800743153,9,0.59825831895381,Grocery,West,F,At-Risk,CUST_02153,114.25784295594237,1.6666666666666667,3.0,2,1,3,6,0.3509818245334659,0.6490181754665341,177.29,Low,178.36269126976603,189.3870803941836,172.71687,178.78198690307312,1.0726912697660396
44,10,473.4524296000644,66,52,2,5,0.5889194450805345,0.2846813212636789,9,0.3658463576157751,Clothing,North,F,At-Risk,CUST_01634,47.34524296000644,3.6666666666666665,2.7272727272727275,3,2,2,7,0.4919541636672589,0.508045836332741,113.74,Low,98.41238984421334,78.92072169364424,109.03306,97.1090623590527,15.327610155786658
5,6,51.46945301616319,197,72,1,5,0.1130118618343988,0.3531008136325058,14,0.6743050165321711,Grocery,North,M,Hibernating,CUST_02860,8.57824216936053,0.4166666666666667,14.4,2,2,1,5,0.3793111135990741,0.6206888864009259,66.31,Low,66.99568843565733,77.80788491211216,67.33604,69.13738786615443,0.6856884356573261
10,52,889.1720670076294,27,28,2,9,0.8012258727407469,0.1218272832161827,4,0.2243113700473908,Clothing,North,M,Growers,CUST_00689,17.099462827069797,0.8333333333333334,62.4,4,4,3,11,0.7687230819867665,0.2312769180132334,2396.91,High,2044.276521658279,2331.226694523912,2238.092,2156.5046976074177,352.6334783417208
31,27,1752.8059538650969,35,36,3,9,0.7537273958664508,0.0798646013586741,6,0.1193233732876164,Clothing,North,M,Growers,CUST_01241,64.91873903204062,2.583333333333333,10.451612903225806,4,3,4,11,0.6638721955769751,0.3361278044230249,713.29,Medium,789.4389165254272,871.107765596479,701.0708,776.9693723842283,76.14891652542724
81,60,7218.987665284377,22,34,4,10,0.5704525019190404,0.0432917334275405,4,0.0853433224922776,Home,West,F,Champions,CUST_00063,120.31646108807294,6.75,8.88888888888889,5,5,5,15,0.95,0.05,10192.34,Very High,9165.488466255032,3454.2661509238387,9456.298,7611.511455853439,1026.851533744968
13,33,1036.7279930163447,42,53,2,7,0.6701471213361831,0.0665324433980541,2,0.1627010331252241,Tech,East,F,Growers,CUST_00853,31.415999788374084,1.0833333333333333,30.461538461538463,4,4,3,11,0.789532846880413,0.2104671531195869,1819.79,High,1554.1901081131016,1325.616559801922,1649.2717,1532.5836198813881,265.5998918868984
20,3,103.98107287028778,208,66,1,3,0.3981401153250063,0.4237914014241309,7,0.7969379990443224,Grocery,South,M,Hibernating,CUST_02752,34.660357623429256,1.6666666666666667,1.7999999999999998,1,1,1,3,0.1587348092088917,0.8412651907911083,27.4,Low,28.22317504402674,22.111256844353807,26.636967,26.420510899771575,0.8231750440267405
13,7,70.25660578069869,361,31,1,4,0.3108377371917669,0.2337706209279516,15,0.4553310854073127,Grocery,North,F,Hibernating,CUST_02477,10.03665796867124,1.0833333333333333,6.461538461538462,1,2,1,4,0.2428107623098547,0.7571892376901452,37.98,Low,31.738196805509553,42.59027163061145,34.055496,34.386055466070474,6.241803194490444
28,58,2173.440534389302,23,41,2,8,0.4594355527990981,0.0518319342603543,2,0.2170566010231581,Sports,East,F,Growers,CUST_01263,37.473112661884514,2.333333333333333,24.85714285714285,5,5,4,14,0.95,0.05,7715.71,Very High,7192.826130130366,3497.677108864076,7466.4883,6297.151540592062,522.8838698696336
56,102,8692.726286724097,13,33,4,9,0.4633196247129554,0.0207729933285641,1,0.0632568926288874,Home,South,F,Champions,CUST_00224,85.22280673258919,4.666666666666667,21.85714285714285,5,5,5,15,0.95,0.05,14341.44,Very High,12426.796070781918,8179.547636544683,12717.044,11509.115281078106,1914.6439292180821
31,8,235.28352496375143,93,63,2,5,0.4281568536227051,0.2923487376340734,3,0.4094212562274044,Pharmacy,North,M,At-Risk,CUST_02194,29.41044062046893,2.583333333333333,3.096774193548387,3,2,2,7,0.4429316513359067,0.5570683486640933,81.01,Low,70.82418860845249,87.61247015010652,68.1172,73.04746288599996,10.185811391547517
61,54,15000.0,27,55,4,9,0.552754380194932,0.0349617323190344,0,0.06853321076059,Electronics,South,M,Champions,CUST_00374,277.77777777777777,5.083333333333333,10.622950819672132,4,4,5,13,0.8415285506710705,0.1584714493289295,6047.73,Very High,4917.292352436915,14739.799700019426,6344.1406,6611.166383459159,1130.4376475630843
21,15,774.8576442366509,133,63,2,7,0.4666054714052431,0.1952182779768671,3,0.6056006781922898,Pharmacy,East,M,At-Risk,CUST_01825,51.6571762824434,1.75,8.571428571428571,2,3,3,8,0.5886046375412625,0.4113953624587375,324.47,Medium,324.4243840139059,307.62883722555335,343.7277,326.6085699329255,0.045615986094105665
23,1,46.24843304009677,222,32,2,6,0.3577219362876561,0.39603303758324,17,0.6550447988578119,Pharmacy,East,F,Hibernating,CUST_02537,46.24843304009677,1.9166666666666667,0.5217391304347826,1,1,1,3,0.2481294106992112,0.7518705893007888,10.15,Low,15.00196443940332,26.651533907586746,10.616134,15.216195664812478,4.85196443940332
14,3,74.6434552871329,248,26,1,1,0.3423843229963178,0.4510202547657982,17,0.5667899371014853,Grocery,West,M,Hibernating,CUST_02870,24.88115176237763,1.1666666666666667,2.571428571428571,1,1,1,3,0.1639905994161978,0.8360094005838021,34.84,Low,30.22345075591921,25.77294957410536,32.125694,29.819756917669515,4.616549244080794
22,1,128.98845293928267,352,56,2,1,0.1314286329166687,0.3942816531745144,10,0.5468869160595345,Grocery,East,M,Hibernating,CUST_02598,128.98845293928267,1.8333333333333333,0.5454545454545455,1,1,1,3,0.1974885157705032,0.8025114842294968,38.14,Low,35.44099269022344,50.08120227831404,37.62837,38.675213401145164,2.6990073097765617
22,1,55.0377147301121,244,57,2,3,0.3674080193553106,0.3963862805600943,2,0.8612008602349824,Pharmacy,East,F,Hibernating,CUST_02685,55.0377147301121,1.8333333333333333,0.5454545454545455,1,1,1,3,0.2770214475843731,0.7229785524156269,13.43,Low,16.80350191571609,32.71307010635583,13.621352,18.068153863246245,3.3735019157160906
42,139,5975.405136305419,2,33,4,8,0.6946464241598428,0.0786397758942506,0,0.0164794670611174,Luxury,East,F,Champions,CUST_00010,42.98852616047064,3.5,39.71428571428572,5,5,5,15,0.9413150178611254,0.0586849821388746,7152.35,Very High,9395.554117743244,10621.81115554884,7374.979,8954.259746689304,2243.204117743244
28,11,800.0,188,42,1,6,0.5507605871322911,0.1731312349223712,3,0.4916672846992533,Pharmacy,East,F,At-Risk,CUST_01945,72.72727272727273,2.333333333333333,4.714285714285714,2,2,3,7,0.4391297563342613,0.5608702436657387,207.45,Medium,200.87283469118967,194.17841483698035,211.16296,202.52895207596973,6.577165308810322
41,12,384.6260214362104,152,26,2,5,0.2411544981288204,0.2972913143640855,3,0.4158197292329192,Pharmacy,North,F,At-Risk,CUST_01839,32.052168453017536,3.4166666666666665,3.5121951219512195,2,2,2,6,0.3275958395928005,0.6724041604071995,50.33,Low,61.51575801931792,48.74426827498488,53.392982,56.2804234687052,11.185758019317923
16,53,1896.111788491492,20,36,2,6,0.8131993868723167,0.0855543506256745,6,0.2797991401284136,Sports,North,M,Growers,CUST_00709,35.77569412248098,1.3333333333333333,39.75,5,4,4,13,0.95,0.05,9243.71,Very High,7426.006466422267,5103.264217757282,9130.044,7329.772521750899,1817.7035335777318
35,193,8115.691107861398,9,50,4,9,0.4946152358458942,0.0791894695774436,4,0.0838827197652687,Home,East,F,Champions,CUST_00256,42.05021299410051,2.9166666666666665,66.17142857142858,5,5,5,15,0.95,0.05,16628.31,Very High,18155.474270135015,30543.07122387931,22786.816,21567.10664251192,1527.1642701350138
43,19,800.0,151,50,2,5,0.3661392277275478,0.2586128987317901,5,0.3807734898563552,Grocery,East,M,At-Risk,CUST_01618,42.10526315789474,3.583333333333333,5.3023255813953485,2,3,3,8,0.6114521862261907,0.3885478137738093,157.97,Low,171.37105144348516,187.30447944369604,173.88945,175.2111638693472,13.401051443485159
64,185,7373.03413913272,8,53,3,9,0.7311014868290944,0.0167651384001426,3,0.1457767951988227,Luxury,East,F,Champions,CUST_00390,39.85423858990659,5.333333333333333,34.6875,5,5,5,15,0.95,0.05,12835.87,Very High,10030.937480869437,8081.380950186202,11611.104,10037.608935483657,2804.9325191305634
37,15,388.46397169985215,157,31,2,5,0.3565627331426313,0.2784910916294867,6,0.5030640831504599,Grocery,West,M,At-Risk,CUST_01582,25.897598113323475,3.083333333333333,4.864864864864865,2,3,2,7,0.4946784745209306,0.5053215254790694,78.76,Low,81.65538880627184,85.85472135003603,80.334984,82.07637018575082,2.895388806271839
19,24,800.0,77,30,3,9,0.7064002860680654,0.1076673317759201,4,0.1764506456123696,Clothing,North,M,Growers,CUST_00925,33.333333333333336,1.5833333333333333,15.157894736842106,3,3,3,9,0.5640297313444794,0.4359702686555206,501.37,Medium,502.8430300656266,380.48876324544824,470.06873,466.0563415284589,1.473030065626574
34,14,634.8989438607887,194,31,2,7,0.4825440835350461,0.2808420627213585,7,0.3323490415390001,Grocery,East,M,At-Risk,CUST_02037,45.3499245614849,2.833333333333333,4.941176470588235,2,3,3,8,0.5097387735945457,0.4902612264054543,154.75,Low,156.47929941849358,190.2009753953637,155.39082,162.37031936921068,1.7292994184935822
15,3,161.35967377197989,345,66,2,4,0.4491517253313333,0.3489998542830053,12,0.8748176071089031,Grocery,West,F,Hibernating,CUST_02404,53.78655792399329,1.25,2.4,1,1,2,4,0.1909920516676718,0.8090079483323281,47.13,Low,62.129347978083814,63.55429826673874,49.811443,58.41405059544731,14.999347978083811
29,39,800.0,67,54,2,6,0.7130297657214146,0.1016366318548536,6,0.2781511710636832,Clothing,East,F,Growers,CUST_01225,20.512820512820515,2.4166666666666665,16.137931034482758,3,4,3,10,0.6799216518207203,0.3200783481792797,390.7,Medium,440.3573861506151,424.0665672349848,392.6942,422.2864032345521,49.65738615061514
26,9,600.4670614285824,95,26,2,5,0.588930940358868,0.143294172657924,4,0.5183320038616996,Pharmacy,East,M,At-Risk,CUST_01947,66.7185623809536,2.1666666666666665,4.153846153846154,3,2,3,8,0.4170943372710851,0.5829056627289149,156.92,Low,196.0851410770027,198.8420123614468,180.87984,191.9299671303345,39.165141077002716
33,37,800.0,36,45,3,6,0.5804333009900688,0.1132728386007566,4,0.3221790236531865,Sports,East,M,Growers,CUST_00740,21.62162162162162,2.75,13.454545454545457,4,4,3,11,0.7742723208172707,0.2257276791827293,437.27,Medium,587.2621045155724,563.4124975613017,463.36008,542.452066365766,149.99210451557246
83,83,6376.225287301278,9,46,3,10,0.5574666749566297,0.034557337653451,0,0.1374733726673271,Luxury,South,F,Champions,CUST_00041,76.8219914132684,6.916666666666667,12.0,5,5,5,15,0.944476043912188,0.055523956087812,5938.74,Very High,7008.443589271616,2681.3823808069887,6034.5913,5529.467875269595,1069.7035892716158
9,18,1827.993320102252,16,25,2,6,0.7614575264614677,0.1041067858656822,3,0.1989852739534935,Sports,South,F,Growers,CUST_00869,101.55518445012513,0.75,24.0,5,3,4,12,0.8275823853212618,0.1724176146787381,4380.15,Very High,3801.4227904025747,3878.533517521398,4644.2197,4053.0395904516213,578.7272095974249
76,196,3337.284154045115,7,35,4,8,0.430524263117424,0.0461398309438371,2,0.0073941739146624,Luxury,West,M,Champions,CUST_00540,17.026959969617934,6.333333333333333,30.947368421052637,5,5,5,15,0.95,0.05,2892.35,Very High,5857.037373937567,3756.9509348137444,3986.7188,4775.21326029313,2964.6873739375674
16,2,94.49558785393197,309,65,2,1,0.1772508975290879,0.2716299250286126,7,0.8599588567908827,Pharmacy,South,F,Hibernating,CUST_02511,47.24779392696598,1.3333333333333333,1.5,1,1,1,3,0.2370342001961798,0.7629657998038202,32.26,Low,31.42909690940472,36.88200237304738,30.958942,32.30670973832533,0.8309030905952781
24,21,2500.0,24,41,3,6,0.7538513147748419,0.1215101338762467,1,0.1596752011747446,Clothing,South,M,Growers,CUST_01372,119.04761904761904,2.0,10.5,4,3,4,11,0.7171187544813753,0.2828812455186247,1787.18,High,1304.3757352815521,1606.1514255284876,1470.9517,1409.7408736039802,482.80426471844794
23,20,1129.5879558164104,63,26,3,7,0.7533418478525618,0.1362299216974123,2,0.153689849990618,Clothing,East,F,Growers,CUST_01146,56.47939779082052,1.9166666666666667,10.434782608695652,3,3,3,9,0.5573546466429549,0.4426453533570451,407.05,Medium,488.7787295251252,356.67802277981394,410.63727,435.5689350319042,81.72872952512517
8,32,1038.1224854155755,50,46,3,8,0.8755731157027067,0.0614689317810758,2,0.2301021911706496,Sports,South,M,Growers,CUST_01032,32.441327669236735,0.6666666666666666,48.0,4,4,3,11,0.8102700386300955,0.1897299613699045,2939.69,Very High,2589.800129961865,2194.6413190166973,2962.3813,2608.5496370091305,349.8898700381351
59,154,6995.567150203428,8,48,3,10,0.5903495422771425,0.0598495932116423,4,0.1296549399683959,Luxury,South,F,Champions,CUST_00373,45.42576071560668,4.916666666666667,31.322033898305083,5,5,5,15,0.95,0.05,12483.18,Very High,10413.603842811899,7499.939493517287,11708.24,10100.901302353139,2069.576157188101
9,50,2500.0,87,35,3,7,0.7063610259708786,0.05590033339991,6,0.1369886846934926,Sports,West,F,Growers,CUST_00668,50.0,0.75,66.66666666666667,3,4,4,11,0.6706882212800135,0.3293117787199865,3495.36,Very High,3041.0146108380454,4037.8053908097636,3429.4236,3336.609936814097,454.3453891619547
58,67,5057.36227896977,2,62,4,10,0.4776598742369438,0.0326471288739844,3,0.1051646381046405,Home,South,M,Champions,CUST_00358,75.48301908910105,4.833333333333333,13.862068965517242,5,5,5,15,0.95,0.05,7419.66,Very High,9071.689876949751,3969.0124356107895,7087.98,7140.700243039584,1652.0298769497513
21,16,1291.500069252767,25,30,2,9,0.6627748350751148,0.1081780610925721,6,0.1942483088416587,Sports,West,F,Growers,CUST_00968,80.71875432829793,1.75,9.142857142857142,4,3,4,11,0.6927269205365038,0.3072730794634962,847.61,High,880.6661546462562,1107.604722322083,853.9772,913.521222348578,33.05615464625623
19,27,827.2972329232991,76,42,3,7,0.6155410232417453,0.1026963065825491,5,0.1031606503500046,Clothing,West,M,Growers,CUST_01354,30.640638256418487,1.5833333333333333,17.05263157894737,3,3,3,9,0.6831183334805242,0.3168816665194758,520.97,Medium,539.255317930222,512.1471737862437,515.8384,526.6602726699072,18.285317930221936
22,32,2500.0,70,51,2,6,0.4842602960718797,0.1081236344854465,6,0.3239173031594732,Tech,East,M,Growers,CUST_01036,78.125,1.8333333333333333,17.454545454545457,3,4,4,11,0.7425774067632261,0.2574225932367738,1597.38,High,1500.6091631008258,1509.7185642096886,1613.8467,1535.5781099019011,96.77083689917436
69,140,8634.938954137924,27,49,4,9,0.6847244470410235,0.036448744960903,2,0.0806310215460519,Electronics,North,M,Champions,CUST_00471,61.67813538669946,5.75,24.347826086956523,4,5,5,14,0.9304579805874196,0.0695420194125804,6515.8,Very High,8056.696682253219,4945.519987575677,7137.1235,7046.589921090377,1540.8966822532184
12,12,1101.3345472217811,23,41,2,7,0.8549775316363046,0.1032169960856181,3,0.1766671575782791,Clothing,South,M,Growers,CUST_01397,91.77787893514842,1.0,12.0,5,2,3,10,0.6141653133017282,0.3858346866982718,1055.77,High,1069.1891843999213,876.7411296904592,1069.7849,1027.7604907500315,13.419184399921278
21,7,200.0,188,24,1,2,0.4053265552298083,0.3886319357754196,2,0.4952452773864332,Grocery,North,M,Hibernating,CUST_02621,28.571428571428573,1.75,4.0,2,2,2,6,0.4086418663383792,0.5913581336616208,75.78,Low,73.08858570757481,91.66530752414384,75.4888,77.22372420367287,2.6914142924251934
16,18,213.93462226454844,140,45,2,7,0.2177826457706738,0.1925815376809433,12,0.3585170010884759,Grocery,East,F,At-Risk,CUST_01550,11.885256792474912,1.3333333333333333,13.5,2,3,2,7,0.4922493285537715,0.5077506714462285,124.8,Low,132.33250848942754,140.4731167081319,127.25697,132.36047896243005,7.532508489427542
6,16,800.0,76,44,2,9,0.5374846832264746,0.1114115154462447,7,0.1246882421704221,Sports,South,F,Growers,CUST_01257,50.0,0.5,32.0,3,3,3,9,0.5918171444715064,0.4081828555284936,1296.2,High,894.5748742351271,773.540561315661,1245.4594,959.6456353076194,401.6251257648729
29,7,800.0,154,45,1,7,0.5193919337818973,0.2912089374756082,13,0.5973999457136385,Clothing,South,M,At-Risk,CUST_02095,114.28571428571428,2.4166666666666665,2.896551724137931,2,2,3,7,0.321829326362918,0.678170673637082,201.29,Medium,178.92359268958302,163.24470457335633,182.99632,176.86279568532683,22.366407310416974
20,7,397.57913003259387,171,38,2,4,0.476171902823837,0.2548042611534045,14,0.3156874005120058,Grocery,West,M,At-Risk,CUST_01556,56.79701857608484,1.6666666666666667,4.2,2,2,2,6,0.3456115688851215,0.6543884311148784,133.61,Low,120.04653403745299,93.45280488200704,121.679825,114.65146559593983,13.563465962547028
18,3,90.75207565781622,217,25,1,3,0.4472704210857153,0.4720426894510107,6,0.4538913640763693,Pharmacy,West,F,Hibernating,CUST_02590,30.25069188593874,1.5,2.0,1,1,1,3,0.1965991256047108,0.8034008743952892,26.64,Low,27.16528302896151,25.251116344031328,26.219254,26.488401273201017,0.5252830289615105
32,29,2500.0,83,50,3,7,0.6370800872590627,0.1113039256472385,7,0.1740386170659644,Sports,South,F,Growers,CUST_01251,86.20689655172414,2.6666666666666665,10.875,3,4,4,11,0.755717788909523,0.2442822110904769,813.97,High,1119.6563375270184,1180.6610571606714,945.5012,1075.6416107674854,305.6863375270184
17,13,362.7620210390015,92,58,1,7,0.3788273237711271,0.2093407744205791,4,0.5536305418484995,Clothing,North,F,At-Risk,CUST_01700,27.90477084915396,1.4166666666666667,9.176470588235292,3,2,2,7,0.4704737715080288,0.5295262284919712,149.72,Low,151.04605254810326,143.36218974853495,162.54588,152.8049113081066,1.326052548103263
25,30,2500.0,30,43,3,6,0.416627303606304,0.0842919658629879,2,0.2050156673948617,Clothing,West,M,Growers,CUST_01253,83.33333333333333,2.083333333333333,14.4,4,4,4,12,0.7800030636447867,0.2199969363552133,1519.64,High,1773.8183599546178,1815.2996671990668,1746.5424,1773.7728441294332,254.1783599546177
11,6,67.39821272997659,216,39,2,2,0.1663135144914895,0.2912958042576317,10,0.9331934574282812,Pharmacy,West,F,Hibernating,CUST_02781,11.2330354549961,0.9166666666666666,6.545454545454546,1,2,1,4,0.3890545997643104,0.6109454002356896,46.28,Low,33.87822099831415,49.25673112346668,36.16243,37.24258466894974,12.401779001685853
73,56,7218.10629998256,8,50,3,9,0.7478373888093893,0.068355080733262,2,0.0675525578671189,Home,North,M,Champions,CUST_00080,128.89475535683144,6.083333333333333,9.205479452054796,5,4,5,14,0.8851588805416082,0.1148411194583918,3668.12,Very High,4299.675142241972,3280.558563422876,3610.41,3865.2280604901052,631.5551422419721
29,53,800.0,35,41,3,9,0.6936872000629044,0.1195639258043137,3,0.3073616599404161,Clothing,North,F,Growers,CUST_01173,15.09433962264151,2.4166666666666665,21.931034482758623,4,4,3,11,0.793560523807321,0.206439476192679,477.88,Medium,719.7440854654938,771.8840807953458,602.73926,692.0559029630139,241.86408546549376
7,40,2500.0,79,38,2,7,0.843453362196088,0.1330837251159152,7,0.162224596298298,Clothing,North,F,Growers,CUST_00815,62.5,0.5833333333333334,68.57142857142857,3,4,4,11,0.694237760897413,0.305762239102587,5134.93,Very High,3670.1855592453408,4662.68547378832,4893.5527,4197.198300186166,1464.7444407546595
26,14,773.5743944875074,107,26,2,7,0.4758315481249509,0.2071584523631224,4,0.4349666497519853,Grocery,East,M,At-Risk,CUST_01853,55.25531389196482,2.1666666666666665,6.461538461538462,3,3,3,9,0.5327247426797744,0.4672752573202255,216.01,Medium,242.46703360443618,293.32107317418144,227.31027,247.05160487661436,26.45703360443619
39,11,307.3406888691612,150,45,2,7,0.2898777967121423,0.173748956863332,6,0.6158830695875388,Grocery,West,F,At-Risk,CUST_02221,27.940062624469203,3.25,3.3846153846153846,2,2,2,6,0.4285899061707557,0.5714100938292442,49.53,Low,56.936444954286074,61.110468887240245,53.891903,56.80446822643366,7.406444954286073
9,4,36.93343906722512,288,74,2,2,0.315336239524177,0.3994507719106204,7,0.909591239128028,Grocery,East,M,Hibernating,CUST_02629,9.23335976680628,0.75,5.333333333333333,1,1,1,3,0.167356194070783,0.8326438059292169,18.61,Low,21.115639776480048,30.638430903195705,17.855228,21.647605890901126,2.5056397764800487
41,10,400.94453411022727,85,32,2,7,0.3064911468039868,0.1724703237418935,9,0.5446688310521681,Clothing,North,M,At-Risk,CUST_02106,40.09445341102273,3.4166666666666665,2.926829268292683,3,2,2,7,0.4984964691480131,0.5015035308519868,88.81,Low,85.4902962513717,84.27406612561305,87.59894,85.87117300529927,3.3197037486282994
40,110,7611.01111098121,1,53,4,9,0.3041818409384285,0.0784848350939799,4,0.0272726479256008,Luxury,South,F,Champions,CUST_00134,69.19101009982919,3.333333333333333,33.0,5,5,5,15,0.95,0.05,19716.38,Very High,18112.42985473932,11871.824187064563,19398.842,16991.241446501088,1603.950145260682
6,25,847.2869233188013,40,31,2,9,0.8082878066796397,0.1376032871521265,2,0.181494760942203,Sports,North,F,Growers,CUST_01141,33.891476932752056,0.5,50.0,4,3,3,10,0.7971278794517695,0.2028721205482304,2677.51,Very High,2217.621924895675,1990.3240190803438,2732.658,2310.4970746658114,459.88807510432525
9,20,1744.8189316208975,62,54,2,7,0.6622927895367622,0.105975849292929,3,0.1773140276183213,Tech,North,M,Growers,CUST_00934,87.24094658104488,0.75,26.666666666666668,4,3,4,11,0.6341114977726878,0.3658885022273122,2713.68,Very High,2419.5862122154813,2045.6771084345796,2598.3796,2390.2834157544207,294.09378778451855
9,14,2134.710404301948,20,25,3,7,0.6831558107595523,0.0961048967218835,7,0.2996872872380002,Sports,East,M,Growers,CUST_00929,152.4793145929963,0.75,18.666666666666668,5,3,4,12,0.8432491092533112,0.1567508907466888,6400.65,Very High,4372.779131827991,4939.833490017115,6453.4976,5035.71366519524,2027.870868172009
27,14,1469.849195543291,41,49,2,9,0.6770968483076991,0.0567067651540288,3,0.220420580613798,Tech,East,M,Growers,CUST_00824,104.9892282530922,2.25,6.222222222222222,4,3,4,11,0.7434361628086984,0.2565638371913016,923.31,High,916.4547050812891,1233.0274673072058,948.17957,982.4716239461247,6.855294918710797
33,19,200.0,112,65,1,5,0.341275695268536,0.1563575551848048,8,0.5371247183757236,Clothing,West,M,At-Risk,CUST_01532,10.526315789473683,2.75,6.909090909090909,2,3,2,7,0.4680892613610363,0.5319107386389637,47.4,Low,57.726941022314165,76.70381130157253,45.765854,57.00772827550308,10.326941022314166
6,33,2500.0,20,26,3,6,0.8353631533260978,0.1070126974828914,2,0.2023740695863879,Clothing,East,M,Growers,CUST_01215,75.75757575757575,0.5,66.0,5,4,4,13,0.9299751924025992,0.0700248075974009,24262.32,Very High,11144.041428898887,12310.987944385792,24098.51,14327.773616093604,13118.278571101113
68,162,6998.098988751209,12,61,4,9,0.6386965649444364,0.0486656296472064,0,0.0357434505829637,Luxury,East,M,Champions,CUST_00505,43.19814190587166,5.666666666666667,28.588235294117645,5,5,5,15,0.95,0.05,9233.54,Very High,8487.559474779073,6100.24182264143,9234.48,8148.6427503806,745.980525220928
13,7,32.14981870154151,333,22,2,3,0.3311954445451086,0.222461611240647,18,0.727982211276941,Pharmacy,East,F,Hibernating,CUST_02965,4.592831243077359,1.0833333333333333,6.461538461538462,1,2,1,4,0.2617514395393779,0.7382485604606221,15.72,Low,18.575338871205574,40.79870165098469,15.437359,20.619061180446412,2.855338871205573
6,4,81.06711800970596,242,20,1,1,0.4686014908369177,0.478076207694767,7,0.460059707708352,Pharmacy,North,F,Hibernating,CUST_02396,20.26677950242649,0.5,8.0,1,1,1,3,0.2120734898567577,0.7879265101432422,63.07,Low,76.09223230082053,37.796747380107526,68.22139,64.06336060202823,13.022232300820527
19,15,800.0,184,36,2,6,0.214889074035758,0.2570547075027992,7,0.3215789907344449,Grocery,East,M,At-Risk,CUST_01997,53.333333333333336,1.5833333333333333,9.473684210526317,2,3,3,8,0.5202400681969893,0.4797599318030107,358.29,Medium,342.1704511708309,307.33594367672384,377.3029,344.86906775039114,16.119548829169105
29,10,560.1755473542559,192,46,2,4,0.2038324060395694,0.1504723363491039,6,0.5612545643272493,Grocery,East,F,At-Risk,CUST_01959,56.017554735425584,2.4166666666666665,4.137931034482759,2,2,3,7,0.4267089427476775,0.5732910572523224,181.78,Low,161.8357057099256,162.6826121796814,152.93141,159.27786456531788,19.944294290074396
25,46,2296.8267882256487,38,46,3,7,0.4636743881879426,0.1399426822173846,1,0.2570840913246634,Tech,South,F,Growers,CUST_01385,49.93101713534019,2.083333333333333,22.08,4,4,4,12,0.8384645880358007,0.1615354119641993,2453.08,High,2328.2534703775054,2095.543762650778,2440.054,2312.036263762493,124.82652962249449
13,32,1828.0207601289887,21,34,3,9,0.5890758066462305,0.0501314633430626,3,0.2719003572301834,Clothing,South,M,Growers,CUST_00895,57.1256487540309,1.0833333333333333,29.53846153846154,5,4,4,13,0.9083152414126088,0.0916847585873912,6724.6,Very High,6285.219202620967,4313.324021513381,6723.929,5948.543306184333,439.38079737903354
10,57,1521.591556301104,73,34,3,8,0.8131815924282323,0.1416149196447057,7,0.1216468395448375,Clothing,North,F,Growers,CUST_00829,26.694588707036917,0.8333333333333334,68.39999999999999,3,5,4,12,0.8256718093174001,0.1743281906825998,4367.38,Very High,2953.3597322150604,5110.581538271382,3404.9749,3439.449581630991,1414.0202677849397
4,4,33.94415529207947,232,65,2,2,0.3531543600081651,0.2782779397152815,12,0.886091925937703,Pharmacy,East,F,Hibernating,CUST_02921,8.486038823019868,0.3333333333333333,12.0,1,1,1,3,0.1544263174938138,0.8455736825061861,39.1,Low,54.37526390541044,33.775761044894985,39.77307,45.02833720379176,15.27526390541044
33,16,726.9620468327608,76,49,2,5,0.370881335591217,0.2523875550320789,14,0.5063756025862737,Clothing,West,M,At-Risk,CUST_01684,45.43512792704755,2.75,5.818181818181818,3,3,3,9,0.6082001746819778,0.3917998253180221,234.95,Medium,220.45686640842936,260.2541045919334,218.87564,227.40750834855754,14.493133591570626
19,1,18.84059007400599,325,65,1,3,0.3545243262157026,0.2747278563370141,6,0.5360304074799099,Pharmacy,West,F,Hibernating,CUST_02575,18.84059007400599,1.5833333333333333,0.6315789473684211,1,1,1,3,0.1761829367159743,0.8238170632840257,5.71,Low,14.187003926840955,25.389751367438734,7.994031,13.494706356211735,8.477003926840954
6,3,124.32417588441766,252,27,1,2,0.2290345784598535,0.2388077684814949,15,0.5386208801330582,Grocery,East,F,Hibernating,CUST_02970,41.44139196147256,0.5,6.0,1,1,1,3,0.1385085547422956,0.8614914452577044,121.65,Low,99.55616477458263,34.668493739496355,118.53217,85.08089782573927,22.09383522541738
1,3,84.4510285071974,332,24,1,5,0.3186303643165818,0.2131489536333322,2,0.9575891557284804,Pharmacy,North,M,Hibernating,CUST_02513,28.15034283573247,0.0833333333333333,36.0,1,1,1,3,0.1745427725281549,0.825457227471845,301.36,Medium,288.34815545367326,80.37279287553828,309.50876,228.31284401741047,13.011844546326756
32,36,1394.5690467499498,23,33,3,9,0.5229191688402588,0.1337519315364773,3,0.1587571967795334,Tech,West,M,Growers,CUST_00653,38.7380290763875,2.6666666666666665,13.5,5,4,4,13,0.9134728196099028,0.0865271803900971,1894.07,High,2911.9125088587134,1898.9612130668236,1856.7778,2335.742517241527,1017.8425088587135
37,86,5764.60009891581,10,55,4,8,0.753919256941767,0.0782283417233986,4,0.0792984905983913,Luxury,West,F,Champions,CUST_00173,67.03023370832338,3.083333333333333,27.89189189189189,5,5,5,15,0.95,0.05,11267.02,Very High,12184.270159312964,8953.552242660731,11203.876,11171.45292022249,917.2501593129637
65,113,4638.35649701494,4,40,4,10,0.6593698089267651,0.0674487312536745,2,0.0293187000552599,Luxury,South,F,Champions,CUST_00039,41.0474026284508,5.416666666666667,20.861538461538466,5,5,5,15,0.9365770439538614,0.0634229560461385,4638.6,Very High,5255.317971560115,3583.849462697064,4452.9536,4631.962541233822,616.7179715601151
5,4,60.96677741597163,215,32,2,5,0.2436387612236192,0.3893911331984633,14,0.9815003598343512,Grocery,North,M,Hibernating,CUST_02861,15.241694353992909,0.4166666666666667,9.6,1,1,1,3,0.1531161641637564,0.8468838358362436,52.66,Low,57.3571557775969,31.80134452442229,51.79916,49.46770226515113,4.697155777596905
9,27,1128.8754069461886,65,34,3,6,0.6514470389702096,0.0532907522980971,2,0.1604178064931502,Clothing,West,M,Growers,CUST_00714,41.810200257266246,0.75,36.0,3,3,3,9,0.636232813984661,0.363767186015339,1599.9,High,1265.747345593552,879.2641043877313,1500.5094,1238.4416300931744,334.15265440644816
49,115,12852.33694569385,16,45,4,8,0.4266361917613575,0.037668152080181,3,0.0324047160589608,Electronics,East,F,Champions,CUST_00091,111.75945170168566,4.083333333333333,28.16326530612245,5,5,5,15,0.95,0.05,22609.81,Very High,19850.529702145213,18891.162760531133,23158.236,20584.939845378445,2759.280297854788
16,5,130.47887294739635,310,28,1,4,0.2963686313913165,0.3529424242543479,3,0.4377119762097893,Pharmacy,East,M,Hibernating,CUST_02955,26.09577458947927,1.3333333333333333,3.75,1,1,1,3,0.2443551331023176,0.7556448668976823,51.79,Low,44.75580316671797,35.54466908800138,49.64332,44.09667740438606,7.0341968332820315
23,18,2445.712345022448,71,40,2,7,0.5211178300379036,0.0620840451333959,7,0.2173112364676349,Sports,West,M,Growers,CUST_01206,135.87290805680266,1.9166666666666667,9.391304347826086,3,3,4,10,0.668391521358828,0.331608478641172,1553.76,High,1246.6614859636522,1287.1954466785223,1465.9249,1317.1568841767494,307.09851403634775
10,1,38.38950885775071,263,20,1,2,0.2529364521164402,0.3108201713498714,14,0.5218348415199805,Grocery,South,F,Hibernating,CUST_02586,38.38950885775071,0.8333333333333334,1.2,1,1,1,3,0.2268943554795299,0.77310564452047,23.09,Low,24.325561145181993,35.07093098950208,22.052792,25.425796156088037,1.2355611451819932
18,14,285.3346074289227,159,49,2,7,0.2915246305426155,0.1748526763296823,9,0.5485420619970217,Clothing,South,F,At-Risk,CUST_01828,20.381043387780192,1.5,9.333333333333334,2,3,2,7,0.4792596186414564,0.5207403813585436,121.57,Low,129.71006929182258,130.1841305296871,126.12798,128.7188657799199,8.140069291822584
12,22,1111.71408938447,24,31,2,9,0.4212393833159005,0.0650659738207668,6,0.3422254292785094,Clothing,West,F,Growers,CUST_01156,50.53245860838501,1.0,22.0,4,3,3,10,0.7057424729040958,0.2942575270959042,1343.16,High,1247.8624308862975,904.4669314298901,1279.8365,1178.9944662477214,95.2975691137026
6,33,1126.5551508749868,89,46,3,7,0.4866946404206649,0.145679682450863,3,0.2183552826583614,Sports,East,M,Growers,CUST_01325,34.1380348749996,0.5,66.0,3,4,3,10,0.782994855046369,0.217005144953631,3391.23,Very High,2286.2467348878317,2549.844320179002,3292.1846,2606.8234273807534,1104.9832651121683
53,72,9616.41511251352,8,40,4,8,0.712707832061974,0.0334080825292124,2,0.0079115928243326,Electronics,West,M,Champions,CUST_00217,133.56132100713225,4.416666666666667,16.30188679245283,5,5,5,15,0.95,0.05,12419.73,Very High,13169.166483901836,9930.007794992183,12965.164,12388.043970651075,749.4364839018363
37,81,7650.972153215094,22,33,3,9,0.7134292804863765,0.0478195225231194,0,0.0766640732208597,Electronics,North,M,Champions,CUST_00511,94.45644633598882,3.083333333333333,26.27027027027027,5,5,5,15,0.95,0.05,20041.39,Very High,19388.06546477236,12021.521320769942,20504.21,17918.95313729806,653.324535227639
42,19,336.33714058918144,180,62,2,5,0.5863908006206622,0.1285055588058817,7,0.6225629817168972,Pharmacy,North,F,At-Risk,CUST_01681,17.701954767851657,3.5,5.428571428571429,2,3,2,7,0.5267777069405654,0.4732222930594346,70.18,Low,70.04611525149211,83.46845038022431,69.63979,72.42161632143068,0.13388474850789578
83,99,15000.0,14,32,4,10,0.4960467884522863,0.0374219715393594,1,0.0726259548245111,Electronics,West,F,Champions,CUST_00500,151.5151515151515,6.916666666666667,14.313253012048191,5,5,5,15,0.95,0.05,12117.31,Very High,13775.367082700905,9991.76947928788,12761.233,12625.48685998351,1658.057082700905
6,4,102.21960948028548,255,59,2,6,0.3622604120888607,0.3135700550567409,15,0.7506582619339431,Grocery,West,M,Hibernating,CUST_02549,25.554902370071368,0.5,8.0,1,1,1,3,0.2011896422909681,0.7988103577090319,97.09,Low,104.05992598541886,38.521573560999364,99.289,84.20427747361752,6.969925985418854
14,11,438.3526541757346,89,26,2,6,0.5485187932890289,0.1959181398346079,6,0.5289231485822723,Grocery,North,F,At-Risk,CUST_01857,39.85024128870315,1.1666666666666667,9.428571428571429,3,2,2,7,0.5581926951171312,0.4418073048828688,287.82,Medium,262.5662601196946,199.92559397642125,289.09958,255.93076699435096,25.253739880305375
17,40,1271.53309990628,54,44,2,7,0.4576456299418001,0.0825844090824927,5,0.2027107943702274,Clothing,West,F,Growers,CUST_01389,31.788327497657,1.4166666666666667,28.235294117647054,4,4,4,12,0.8504022646366426,0.1495977353633574,1541.77,High,1852.667357652884,2341.0874135887175,1612.2135,1862.1339521517343,310.897357652884
28,16,546.937031224641,106,63,2,7,0.5263184302684554,0.2376346064053366,12,0.3462367441565154,Clothing,North,F,At-Risk,CUST_01520,34.183564451540065,2.333333333333333,6.857142857142857,3,3,3,9,0.6177188223574408,0.3822811776425592,174.64,Low,210.185365355664,295.4713368077004,177.17844,213.7756325814246,35.54536535566402
19,4,81.27637012962876,339,60,1,6,0.2676314120181536,0.3163737891161385,16,0.9620209387042764,Grocery,West,F,Hibernating,CUST_02387,20.31909253240719,1.5833333333333333,2.5263157894736845,1,1,1,3,0.1840990046997192,0.8159009953002807,19.82,Low,22.62331545696937,27.59742780503678,19.998089,22.691348070452417,2.8033154569693686
22,2,84.71231554357429,324,18,2,2,0.1437149751811866,0.3031739267551366,6,0.4471568614695972,Grocery,East,M,Hibernating,CUST_02722,42.356157771787146,1.8333333333333333,1.090909090909091,1,1,1,3,0.1239651806311431,0.8760348193688569,19.05,Low,23.088143474170362,24.734808055590243,18.289026,21.834892122992564,4.0381434741703615
29,17,372.5058378479181,91,26,1,6,0.3831430094952501,0.1477358213748762,14,0.6648253976335055,Clothing,West,M,At-Risk,CUST_02077,21.912108108701062,2.4166666666666665,7.03448275862069,3,3,2,8,0.6366206773807125,0.3633793226192875,167.09,Low,145.00025628572303,162.4776415287762,137.56892,146.017237948124,22.089743714276977
13,17,800.0,75,46,2,6,0.3170599858154216,0.2996708702646453,3,0.3154761018000953,Clothing,North,M,At-Risk,CUST_01541,47.05882352941177,1.0833333333333333,15.692307692307692,3,3,3,9,0.6106429157613051,0.3893570842386948,743.28,Medium,602.9753629332138,506.54299666420366,743.63135,620.135839016767,140.3046370667862
32,31,1104.334384620177,62,48,3,9,0.530563423680728,0.0583471944541404,3,0.3081223686048621,Tech,North,M,Growers,CUST_01218,35.62368982645732,2.6666666666666665,11.625,4,4,3,11,0.763111613467295,0.236888386532705,669.78,Medium,653.485116791491,618.4991240488448,664.54584,649.5960864624008,16.294883208508963
12,44,1676.7063355647458,76,25,2,7,0.7762210032240267,0.0564923622979841,5,0.1235781628656869,Sports,North,M,Growers,CUST_01417,38.10696217192604,1.0,44.0,3,4,4,11,0.6435039867502685,0.3564960132497314,1637.69,High,1727.0218385715875,1937.4956945172369,1615.554,1732.183976143519,89.33183857158747
19,8,800.0,184,38,2,7,0.5458031043378236,0.1252930756324936,12,0.6874288060196793,Pharmacy,North,F,At-Risk,CUST_02218,100.0,1.5833333333333333,5.052631578947369,2,2,3,7,0.4330716424691626,0.5669283575308374,403.88,Medium,306.9888980625603,265.47052924100905,384.18542,318.9619725186738,96.89110193743971
7,1,128.49314497791926,346,55,1,4,0.2210396161442109,0.2127015341035453,18,0.7140748503189396,Grocery,South,F,Hibernating,CUST_02622,128.49314497791926,0.5833333333333334,1.7142857142857142,1,1,1,3,0.1199381839191517,0.8800618160808482,97.3,Low,73.02082501400453,57.50659660248207,95.48536,75.46388679168814,24.279174985995468
33,17,800.0,108,56,2,7,0.2338803258725262,0.2392997145689956,7,0.4361219278391925,Grocery,West,M,At-Risk,CUST_01677,47.05882352941177,2.75,6.181818181818182,3,3,3,9,0.6149820593721902,0.3850179406278098,273.41,Medium,230.0796549344807,290.67962406765685,257.34897,249.3364830453746,43.33034506551934
20,33,1705.067458629975,73,43,3,9,0.6852289576439305,0.0583377562898628,6,0.1772109522856148,Tech,West,F,Growers,CUST_01198,51.66871086757499,1.6666666666666667,19.8,3,4,4,11,0.7421775204584447,0.2578224795415553,1511.99,High,1299.8959288162678,1345.0610728046033,1387.8367,1334.7638044889782,212.09407118373224
22,15,406.5819893619108,171,32,2,5,0.2547898003884258,0.1175735671735657,7,0.3257296778116197,Grocery,West,M,At-Risk,CUST_01543,27.10546595746072,1.8333333333333333,8.181818181818182,2,3,2,7,0.5274946443208312,0.4725053556791688,154.73,Low,155.49686053002534,140.71043739554702,158.83934,153.39679917341854,0.7668605300253546
29,25,1112.8439294619695,49,52,2,8,0.8521664237662699,0.1046046073358115,2,0.3099648931685104,Clothing,North,F,Growers,CUST_00954,44.513757178478784,2.4166666666666665,10.344827586206897,4,3,3,10,0.680463011282078,0.319536988717922,500.08,Medium,490.7907251057823,489.1143235296773,483.77985,488.34260615453917,9.28927489421767
12,47,1550.3281888467002,22,35,3,8,0.4325672507219805,0.1337757445350339,3,0.1727396076294904,Sports,South,F,Growers,CUST_00751,32.98570614567447,1.0,47.0,5,4,4,13,0.8375312757762543,0.1624687242237457,2443.96,High,3168.134449024786,4703.048881038224,2605.3088,3233.2417365701026,724.1744490247861
31,134,15000.0,29,63,4,8,0.6918691255376181,0.0549053136879376,4,0.1449411446622278,Home,South,F,Champions,CUST_00235,111.94029850746269,2.583333333333333,51.87096774193548,4,5,5,14,0.9293509619897596,0.0706490380102404,27144.28,Very High,16428.186535379424,42667.37277266257,23943.164,22262.285272375495,10716.093464620575
12,38,800.0,27,34,2,7,0.7268177613588644,0.050780669448889,5,0.1410099867691032,Clothing,East,F,Growers,CUST_00733,21.05263157894737,1.0,38.0,4,4,3,11,0.8600261545976711,0.1399738454023289,2604.7,Very High,2199.469296915309,1666.7790034978482,2448.1687,2148.7652373689575,405.23070308469096
10,3,200.0,339,73,2,1,0.14311820867189,0.4560770770833479,5,0.9668597595400884,Grocery,East,M,Hibernating,CUST_02993,66.66666666666667,0.8333333333333334,3.6,1,1,2,4,0.1713633322628479,0.828636667737152,103.65,Low,93.96231592404374,75.03630228895688,104.276276,92.68693243184502,9.68768407595627
20,44,1770.9612975711898,85,52,3,6,0.4800480688287223,0.1383165677975617,1,0.273651902906682,Tech,East,M,Growers,CUST_01157,40.24912039934522,1.6666666666666667,26.4,3,4,4,11,0.7253454100146429,0.2746545899853571,1375.93,High,1337.9120320397276,1478.8211624321943,1301.4623,1353.7135744103211,38.01796796027247
2,5,156.23641698863722,232,61,1,3,0.1402648659853782,0.308958137783699,6,0.5309715338624449,Grocery,East,F,Hibernating,CUST_02574,31.247283397727443,0.1666666666666666,30.0,1,1,1,3,0.2790757559365904,0.7209242440634096,528.65,Medium,374.12847987215974,77.34495765296408,513.08234,300.440824834005,154.52152012784023
17,4,75.75698175668659,262,34,1,3,0.3359084182617651,0.2636391727599014,2,0.967904393482271,Grocery,North,M,Hibernating,CUST_02446,18.939245439171646,1.4166666666666667,2.8235294117647056,1,1,1,3,0.2169423548220805,0.7830576451779194,25.22,Low,26.379468064495754,27.85911999318263,25.710495,26.464628297115407,1.159468064495755
8,22,2500.0,59,28,3,9,0.7934803634927046,0.0891336562687158,2,0.1722394547851792,Sports,West,F,Growers,CUST_01210,113.63636363636364,0.6666666666666666,33.0,4,3,4,11,0.6801559927561106,0.3198440072438894,3646.92,Very High,3544.7468510779013,3280.6386293560604,3677.616,3529.021489343787,102.17314892209879
32,42,1674.864902918306,39,39,3,8,0.7780358051108808,0.1184385424592073,7,0.221735178309812,Clothing,East,F,Growers,CUST_01066,39.87773578376919,2.6666666666666665,15.75,4,4,4,12,0.8520426770031579,0.147957322996842,1491.02,High,1493.4043938036898,1440.9837462501912,1356.1593,1440.5024753318,2.384393803689818
21,5,238.480140639037,194,48,1,4,0.5361216166312559,0.2133505830225605,5,0.5231017601379171,Clothing,East,F,At-Risk,CUST_02157,47.6960281278074,1.75,2.857142857142857,2,1,2,5,0.2631219512921093,0.7368780487078906,54.59,Low,66.90445137795653,65.47334879019212,57.652935,63.709133043084265,12.31445137795653
17,40,1681.4338165522406,52,47,3,8,0.5411142980590555,0.1406896391633827,5,0.1182937746920005,Clothing,North,M,Growers,CUST_01063,42.035845413806015,1.4166666666666667,28.235294117647054,4,4,4,12,0.7350903992473489,0.2649096007526511,1611.92,High,1519.4920018359587,1997.801431628468,1509.3677,1601.7685340296382,92.42799816404136
34,44,1465.8887242487954,42,38,2,7,0.5142181479989376,0.0714000049436114,6,0.1741765722924749,Clothing,South,F,Growers,CUST_01168,33.31565282383626,2.833333333333333,15.529411764705882,4,4,4,12,0.840616059557299,0.159383940442701,1001.96,High,1223.253410220732,1275.4501443550566,1004.67285,1162.7869717145338,221.29341022073186
6,12,2500.0,34,42,2,7,0.8477915949955908,0.0536152660541289,7,0.3489641072945405,Clothing,East,F,Growers,CUST_01493,208.33333333333331,0.5,24.0,4,2,4,10,0.5796918868258218,0.4203081131741781,4785.68,Very High,2346.4445190577744,3267.80802021961,4581.0645,3064.448281635607,2439.235480942226
8,2,77.13405217907176,261,62,1,4,0.179564716483258,0.3612553210836476,7,0.551651063476723,Pharmacy,South,F,Hibernating,CUST_02475,38.56702608953588,0.6666666666666666,3.0,1,1,1,3,0.1841739492998158,0.8158260507001842,45.98,Low,47.387137358887216,35.09872192108982,48.01439,44.81001574422515,1.4071373588872191
11,33,1740.228304009436,84,40,2,7,0.4546307782954286,0.0686872214403455,5,0.3434370535294901,Clothing,South,F,Growers,CUST_00885,52.73419103058897,0.9166666666666666,36.0,3,4,4,11,0.6686529682224464,0.3313470317775536,1771.96,High,1870.8064846009952,1910.8255195431748,1797.4954,1856.346805457474,98.84648460099515
64,58,8780.313251389249,9,39,4,8,0.591856793865682,0.0286149915442483,3,0.0839616992000512,Luxury,South,F,Champions,CUST_00144,151.38471123084912,5.333333333333333,10.875,5,5,5,15,0.95,0.05,11330.76,Very High,11534.28821190114,6886.180917600761,11606.154,10423.141264633185,203.528211901139
14,4,38.99243470049413,306,74,2,2,0.3807035941115771,0.2781507354362195,10,0.5998267245560103,Grocery,South,M,Hibernating,CUST_02943,9.748108675123532,1.1666666666666667,3.4285714285714284,1,1,1,3,0.2701516713763433,0.7298483286236567,16.93,Low,17.636679785406738,34.55664158960043,17.066784,20.01032160441284,0.7066797854067381
14,41,1342.6083228766624,24,28,3,7,0.4772074721699962,0.1451463679745819,2,0.2854022084858345,Tech,East,M,Growers,CUST_00851,32.7465444604064,1.1666666666666667,35.14285714285714,4,4,4,12,0.8831249382891834,0.1168750617108166,2875.4,Very High,3057.0842394438273,2989.3955588692525,2936.565,3006.9233152692577,181.6842394438272
30,21,800.0,82,33,2,7,0.771500959260474,0.1262285195231724,6,0.3430122411939286,Sports,South,M,Growers,CUST_00718,38.095238095238095,2.5,8.4,3,3,3,9,0.6897489318072304,0.3102510681927696,333.85,Medium,322.3131133376045,354.3023679339531,334.73282,332.21875588843585,11.536886662395545
16,4,187.847825009755,297,27,1,5,0.2087337696099619,0.2809155212287728,10,0.4008789958415141,Pharmacy,East,M,Hibernating,CUST_02865,46.96195625243875,1.3333333333333333,3.0,1,1,2,4,0.2545060310588756,0.7454939689411244,67.2,Low,65.68190494167891,64.9575323042778,65.595245,65.51044876848557,1.5180950583210944
82,184,7191.836251861701,16,52,4,8,0.7905589539339679,0.0387833333108643,4,0.1398850063058941,Luxury,South,M,Champions,CUST_00265,39.0860665862049,6.833333333333333,26.92682926829269,5,5,5,15,0.95,0.05,9005.17,Very High,7893.992703222177,4707.628544094919,7481.587,7005.0031144098175,1111.1772967778234
58,62,9464.721656353964,3,60,3,10,0.3714209824071659,0.0153762133820095,0,0.0592580006785193,Electronics,West,M,Champions,CUST_00076,152.6568009089349,4.833333333333333,12.827586206896552,5,5,5,15,0.9283857204033444,0.0716142795966556,6549.35,Very High,11092.854559689404,8334.147399222544,10557.249,10321.89485997548,4543.504559689403
44,152,7956.758732024693,1,35,3,10,0.4857336313121884,0.0796898230343481,1,0.028901459473005,Electronics,North,F,Champions,CUST_00396,52.34709692121508,3.6666666666666665,41.45454545454545,5,5,5,15,0.95,0.05,16658.55,Very High,14508.104883691727,14011.62752251841,16062.734,14854.188982397865,2150.445116308272
21,7,122.16264531069706,326,57,1,3,0.3798422990548882,0.2029363666118616,18,0.5916585215326375,Pharmacy,East,M,Hibernating,CUST_02546,17.451806472956722,1.75,4.0,1,2,1,4,0.4078377244311844,0.5921622755688156,38.95,Low,39.84455484998046,48.70096002323452,45.147682,43.0641101435279,0.8945548499804588
22,9,800.0,82,37,2,7,0.3351962000311078,0.2522528562449975,10,0.5990764036514548,Pharmacy,West,M,At-Risk,CUST_02225,88.88888888888889,1.8333333333333333,4.909090909090909,3,2,3,8,0.4782189210623673,0.5217810789376327,271.77,Medium,272.15443240815756,282.44935161694025,285.11777,278.03757820925284,0.3844324081575792
5,6,43.03418285376322,291,65,1,6,0.23409916037249,0.3794165082618937,13,0.6052861849280424,Grocery,West,M,Hibernating,CUST_02800,7.172363808960537,0.4166666666666667,14.4,1,2,1,4,0.3757072237386137,0.6242927762613862,52.28,Low,56.44307329054465,69.77447665430203,59.863144,59.93972808324502,4.163073290544652
71,122,4625.397299205095,13,51,3,10,0.3975832586093252,0.0507900114541277,1,0.0193606870396322,Electronics,North,F,Champions,CUST_00397,37.91309261643521,5.916666666666667,20.619718309859152,5,5,5,15,0.95,0.05,5181.61,Very High,6299.354833140099,3311.536311529504,5317.736,5264.712967164963,1117.7448331400992
25,57,1470.4112361909708,58,51,3,9,0.7619613355965327,0.0580207707813726,6,0.1453314640260783,Clothing,South,M,Growers,CUST_01366,25.79668835422756,2.083333333333333,27.36,4,5,4,13,0.7660928807073427,0.2339071192926572,1159.17,High,1463.0037269272445,1870.8838549301065,1199.0979,1447.744765069085,303.83372692724447
10,3,57.778209451437846,326,30,1,3,0.1708482382796419,0.2104633498142523,9,0.8358708660810619,Pharmacy,North,M,Hibernating,CUST_02501,19.259403150479283,0.8333333333333334,3.6,1,1,1,3,0.2320242781834481,0.7679757218165518,29.15,Low,31.10421691978849,37.58192283675552,30.784391,32.2064166624584,1.954216919788493
35,18,355.7643758661417,93,26,2,5,0.5778836894903249,0.2950761747934823,6,0.6714899885443011,Grocery,East,F,At-Risk,CUST_01904,19.76468754811898,2.9166666666666665,6.171428571428572,3,3,2,8,0.6633127348089155,0.3366872651910845,162.62,Low,126.54619169666812,151.51541093475709,149.80928,138.00324417926518,36.07380830333189
52,76,12388.268100935396,19,41,4,10,0.7657774571547404,0.0438305999476427,0,0.1030851515191024,Home,West,M,Champions,CUST_00596,163.0035276438868,4.333333333333333,17.53846153846154,5,5,5,15,0.95,0.05,21974.95,Very High,16878.736012029367,16282.943339843352,20123.24,17665.50469843175,5096.213987970634
29,14,603.1428542409803,81,56,2,4,0.5374022155171134,0.1668677560830471,3,0.678602398158983,Clothing,East,F,At-Risk,CUST_02110,43.08163244578431,2.4166666666666665,5.793103448275862,3,3,3,9,0.6616525502242707,0.3383474497757293,265.95,Medium,241.70957924150372,318.0084830853924,268.4399,263.5102568137862,24.24042075849627
35,20,1029.0463830806927,58,26,2,9,0.6835399852867655,0.0876149784229443,4,0.3321515823942548,Tech,East,F,Growers,CUST_01297,51.45231915403464,2.9166666666666665,6.857142857142858,4,3,3,10,0.6166086242791455,0.3833913757208544,314.16,Medium,362.0052401954412,357.1504606626156,324.73065,349.4509091391752,47.84524019544119
42,9,800.0,95,27,1,4,0.2580302015919469,0.22316722117033,3,0.4108242901671,Clothing,North,F,At-Risk,CUST_01822,88.88888888888889,3.5,2.571428571428572,3,2,3,8,0.4307217868050315,0.5692782131949685,167.99,Low,149.3649721708298,161.82053043202086,162.03363,155.5302826455138,18.62502782917022
30,42,2191.5221794864437,56,39,2,6,0.4683117715493761,0.0628360612895197,5,0.3014409581357517,Sports,South,M,Growers,CUST_00873,52.17909951158198,2.5,16.8,4,4,4,12,0.8102432154042845,0.1897567845957155,1975.65,High,1573.2249376319144,1603.1564421473302,1888.0061,1667.986270188679,402.4250623680857
10,3,46.58174901811667,191,36,1,5,0.4663011090726264,0.4465236945614703,12,0.4562262880256517,Pharmacy,East,F,Hibernating,CUST_02912,15.527249672705556,0.8333333333333334,3.6,2,1,1,4,0.3238557363908765,0.6761442636091235,24.31,Low,27.31441273317851,46.77793076987064,24.860298,29.594216239358282,3.004412733178512
15,6,66.2734343118068,216,28,2,2,0.3298040398099449,0.4206659966849914,2,0.7795045895978634,Grocery,North,M,Hibernating,CUST_02327,11.045572385301131,1.25,4.8,1,2,1,4,0.3678289434296139,0.6321710565703861,26.42,Low,27.546229745496124,42.307733898544654,27.125183,29.889872211235005,1.126229745496122
32,5,800.0,62,37,1,7,0.4736657548231122,0.2830486620055364,9,0.6919761018259217,Pharmacy,North,M,At-Risk,CUST_01549,160.0,2.6666666666666665,1.875,4,1,3,8,0.531946223337428,0.468053776662572,246.74,Medium,205.99604888765245,404.32924637331337,239.6788,246.72738129025618,40.74395111234756
50,106,5234.8502171652935,5,47,3,8,0.3826422450714787,0.0351446122887883,3,0.0830989883254696,Home,North,F,Champions,CUST_00037,49.38537940721975,4.166666666666667,25.44,5,5,5,15,0.940318545531748,0.0596814544682521,8479.37,Very High,8001.5442620985405,5802.125634214297,8132.534,7540.023357315552,477.82573790146034
4,3,196.72211466367375,343,26,2,2,0.3446436251179974,0.3938670583474038,12,0.5875561604066459,Pharmacy,South,F,Hibernating,CUST_02527,65.5740382212246,0.3333333333333333,9.0,1,1,2,4,0.2106522811037193,0.7893477188962807,250.15,Medium,197.03931637726916,102.69640281959524,241.94232,184.00328271741597,53.110683622730846
15,17,699.3286358265731,95,35,1,6,0.5102499632375337,0.1079167459051795,6,0.5229145308000669,Clothing,South,F,At-Risk,CUST_02144,41.13697857803371,1.25,13.6,3,3,3,9,0.6300363722644075,0.3699636277355925,473.49,Medium,484.36558594870996,474.85931913269195,488.20584,483.5936492322914,10.875585948709954
9,4,97.7269605505943,190,56,1,5,0.1414314205883177,0.4022977173293153,15,0.4150584132981988,Pharmacy,North,F,Hibernating,CUST_02941,24.43174013764857,0.75,5.333333333333333,2,1,1,4,0.2062883000651435,0.7937116999348565,58.14,Low,53.334430918038954,39.75695999299406,55.10439,50.79370392471919,4.805569081961046
13,56,2021.9464497258336,81,31,3,7,0.5288280884035974,0.1011806397438624,1,0.2866416684508482,Sports,South,M,Growers,CUST_00978,36.10618660224703,1.0833333333333333,51.69230769230769,3,4,4,11,0.6978183265130992,0.3021816734869008,2697.77,Very High,2290.503795035051,2692.1591093558,2388.8047,2395.7429278840877,407.2662049649489
34,19,490.8601917462148,168,38,2,6,0.3633686094454935,0.161390900385324,3,0.3274183196403327,Clothing,West,M,At-Risk,CUST_01572,25.834746934011303,2.833333333333333,6.705882352941176,2,3,2,7,0.4832208728030888,0.5167791271969112,118.06,Low,117.76317239095967,97.20289077327824,122.56616,114.7006075206952,0.296827609040335
16,27,1254.532770575232,56,30,2,7,0.8972155012713817,0.055203783769456,1,0.292622339625324,Sports,South,F,Growers,CUST_01123,46.46417668797156,1.3333333333333333,20.25,4,3,4,11,0.6672653463127127,0.3327346536872873,818.79,High,1049.590424638014,1300.4137421600942,853.6715,1029.717288421594,230.80042463801396
43,11,290.86727031705067,184,57,2,4,0.2568088176484615,0.1913234066799444,3,0.3269535896519069,Clothing,North,M,At-Risk,CUST_02240,26.44247911973188,3.583333333333333,3.069767441860465,2,2,2,6,0.4249388525876336,0.5750611474123664,50.22,Low,57.013945609690424,58.282424889226995,50.464314,55.208662483737115,6.793945609690425
43,13,200.0,76,28,2,5,0.5830813652973185,0.2873650946029575,5,0.6491193191596085,Clothing,North,M,At-Risk,CUST_01893,15.384615384615383,3.583333333333333,3.627906976744186,3,2,2,7,0.4425159236721038,0.5574840763278962,39.41,Low,48.66571171227837,61.5010941563609,39.453094,47.89803135976911,9.255711712278377
12,42,924.1263943967326,31,29,2,7,0.8171389495277279,0.1347216167760014,2,0.1333895664658708,Clothing,North,F,Growers,CUST_00676,22.0030093903984,1.0,42.0,4,4,3,11,0.8208439756001825,0.1791560243998174,1778.13,High,1891.1916592100688,1720.8991875895244,1869.3721,1849.3868182778072,113.06165921006868
14,59,1142.5436678177446,75,28,2,6,0.7622291885046695,0.1276022178440244,5,0.2109487102449321,Tech,East,M,Growers,CUST_00729,19.36514691216516,1.1666666666666667,50.57142857142857,3,5,3,11,0.8279745564604448,0.1720254435395551,2406.38,High,1890.063857350887,1917.2503801763692,2347.271,2022.7582683449361,516.3161426491131
53,114,7739.2220774221,19,42,4,9,0.5838636589655273,0.0449971294375351,4,0.007526302547996,Home,East,M,Champions,CUST_00413,67.88791295984298,4.416666666666667,25.81132075471698,5,5,5,15,0.95,0.05,13967.08,Very High,11316.51245857198,8237.113408908952,11285.254,10611.213728250288,2650.5675414280195
28,19,316.533588485386,147,63,2,4,0.3464162827212261,0.1690969982531076,12,0.5163726322730553,Grocery,South,M,At-Risk,CUST_01517,16.659662551862418,2.333333333333333,8.142857142857142,2,3,2,7,0.4438290368603698,0.5561709631396302,84.58,Low,86.08447599279778,91.92167055040915,84.81757,86.83480448611814,1.5044759927977793
16,16,365.89357903393824,96,26,1,7,0.2259411941979202,0.2962775473569708,10,0.4181691937106422,Clothing,East,M,At-Risk,CUST_01650,22.86834868962114,1.3333333333333333,12.0,3,3,2,8,0.5247382890822726,0.4752617109177274,203.41,Medium,180.6518978080919,187.96478657110865,194.1242,186.06370244240225,22.758102191908108
6,15,1425.2041947573912,76,27,2,9,0.6087372780390832,0.0620090706571551,4,0.3444308779681608,Sports,West,F,Growers,CUST_00826,95.01361298382608,0.5,30.0,3,3,4,10,0.6139451803669506,0.3860548196330494,1960.41,High,1823.8389101354792,1755.6800745010644,2058.9597,1877.0556445018299,136.5710898645209
16,35,2500.0,27,42,3,7,0.671899247402304,0.1304532595743123,2,0.300732460343569,Clothing,East,M,Growers,CUST_00617,71.42857142857143,1.3333333333333333,26.25,4,4,4,12,0.785686438306615,0.214313561693385,3671.63,Very High,2445.5340757254635,2642.2918294619208,2969.0981,2632.516124240808,1226.0959242745366
83,114,7538.045809997449,1,55,4,8,0.7840329060253795,0.0612047524830197,4,0.115461993428563,Luxury,South,F,Champions,CUST_00115,66.12320885962674,6.916666666666667,16.481927710843372,5,5,5,15,0.95,0.05,7260.96,Very High,8880.834230157974,3410.0860675914505,7363.3887,6932.794066915752,1619.8742301579741
77,94,12589.463720538422,11,50,3,10,0.5763311338883741,0.0299178969973853,1,0.0059042819729594,Luxury,West,F,Champions,CUST_00418,133.93046511211088,6.416666666666667,14.649350649350648,5,5,5,15,0.95,0.05,12934.24,Very High,13145.900551590697,8129.565788808751,12527.92,11769.908183996695,211.66055159069765
31,8,752.081711446853,63,27,1,4,0.5252293270062887,0.1382678406002681,5,0.3383442559393311,Pharmacy,East,M,At-Risk,CUST_01626,94.01021393085662,2.583333333333333,3.096774193548387,3,2,3,8,0.502908085585209,0.4970919144147909,188.75,Low,195.7505869002932,235.5647033807375,188.40686,200.82119604358041,7.0005869002932
5,2,60.874851064802606,273,59,1,3,0.4847771868210946,0.3927868264844047,6,0.4531325511831462,Grocery,East,F,Hibernating,CUST_02940,30.437425532401303,0.4166666666666667,4.8,1,1,1,3,0.1913586022161792,0.8086413977838207,67.72,Low,66.32231373000958,38.5090122262072,64.635635,59.05659103564891,1.397686269990416
41,186,12364.848551383922,23,39,4,8,0.6443158146539378,0.0149075697748879,2,0.0723901853492281,Home,South,F,Champions,CUST_00090,66.47768038378453,3.4166666666666665,54.43902439024391,5,5,5,15,0.9390969077280276,0.0609030922719724,17558.49,Very High,18318.050336584023,35145.06225729666,17910.318,20727.369414530523,759.5603365840216
15,14,225.27414286299745,147,25,2,5,0.2962846235491017,0.2103668388674532,4,0.6535385198948985,Clothing,North,M,At-Risk,CUST_02083,16.091010204499817,1.25,11.2,2,3,2,7,0.5281940776477299,0.4718059223522701,115.34,Low,140.67587235695711,154.00912299369233,120.22438,136.6564035886631,25.33587235695711
17,59,1873.399940627854,69,30,3,7,0.5363385261972408,0.0578031870653855,5,0.1099514208055218,Tech,West,F,Growers,CUST_00754,31.7525413665738,1.4166666666666667,41.64705882352941,3,5,4,12,0.7960427486864602,0.2039572513135398,2251.49,High,2080.610230364143,2656.14618836944,2278.239,2245.052098458964,170.87976963585697
42,13,417.749841831594,141,60,1,7,0.2688547893966121,0.1440532306367576,3,0.5298934606155449,Clothing,East,F,At-Risk,CUST_01631,32.13460321781492,3.5,3.7142857142857135,2,2,2,6,0.3960843158285282,0.6039156841714717,62.97,Low,72.04858240490212,54.88377701018972,65.602295,66.34569157892476,9.078582404902122
34,140,14092.386157166207,7,46,4,10,0.7568942219366297,0.0147063926063392,0,0.0514394494138793,Electronics,North,M,Champions,CUST_00012,100.65990112261576,2.833333333333333,49.41176470588235,5,5,5,15,0.95,0.05,36612.0,Very High,31684.767771370574,44372.22538716634,36460.08,35350.2859338663,4927.232228629426
18,3,35.7346546042254,253,19,1,5,0.1899267762357862,0.4620359400699021,18,0.725729459378758,Pharmacy,North,M,Hibernating,CUST_02445,11.9115515347418,1.5,2.0,1,1,1,3,0.2110606264958623,0.7889393735041377,9.67,Low,11.042740254321695,24.1818146418083,9.598005,12.432204747852255,1.3727402543216947
27,90,6951.69325802919,20,37,4,10,0.3896780051446205,0.0705893668220542,0,0.0338684328225943,Electronics,East,F,Champions,CUST_00285,77.24103620032433,2.25,40.0,5,5,5,15,0.913037217704124,0.086962782295876,15796.11,Very High,13224.980078028642,15714.518993992444,15353.692,14316.00018229244,2571.1299219713583
26,27,1328.4153351598816,56,50,3,8,0.4490594369502562,0.1033769942432024,3,0.2976038125798025,Tech,East,F,Growers,CUST_01067,49.200567968884506,2.1666666666666665,12.461538461538462,4,3,4,11,0.7418511503185465,0.2581488496814534,922.39,High,933.4299124418703,1098.107031931952,888.7842,950.1888778606775,11.039912441870342
21,48,1522.027616676149,46,42,3,6,0.6170326305988145,0.0936614562201726,2,0.1699968873635243,Clothing,North,M,Growers,CUST_01192,31.708908680753098,1.75,27.428571428571427,4,4,4,12,0.7576777812592039,0.242322218740796,1391.28,High,1317.0585625850663,1807.3869302792082,1212.9589,1368.8936202500358,74.22143741493369
13,48,1565.182629771077,81,36,2,8,0.5041634588640207,0.0549800282894376,2,0.1761449867718122,Clothing,East,F,Growers,CUST_01441,32.607971453564105,1.0833333333333333,44.30769230769232,3,4,4,11,0.6930983901265686,0.3069016098734314,1504.74,High,1640.4568060288498,2105.4246269352216,1539.6852,1691.9266695617166,135.71680602884976
6,5,200.0,326,70,1,4,0.2592841234536407,0.4935359444642979,16,0.844875681305532,Pharmacy,West,M,Hibernating,CUST_02802,40.0,0.5,10.0,1,1,2,4,0.2642952460332645,0.7357047539667355,272.99,Medium,178.00821266922327,94.27680967635771,240.74077,171.67875007421026,94.98178733077674
11,6,101.39206965726822,225,38,1,2,0.2374658245295908,0.237507649675968,11,0.8057900820581289,Grocery,North,F,Hibernating,CUST_02801,16.89867827621137,0.9166666666666666,6.545454545454546,1,2,1,4,0.3889724296135057,0.6110275703864942,59.32,Low,49.94841896338418,51.44860434607973,61.59473,53.50966126504958,9.371581036615822
23,4,77.84682342012981,357,28,1,4,0.4617229220281881,0.3404768373722168,6,0.5101250342593897,Pharmacy,West,F,Hibernating,CUST_02711,19.46170585503245,1.9166666666666667,2.0869565217391304,1,1,1,3,0.1149752780686804,0.8850247219313195,14.43,Low,18.33780003811196,22.384937819421094,14.802752,17.906476868691023,3.9078000381119615
34,7,366.1953778527147,199,30,2,5,0.387574229176735,0.2826435970553286,5,0.6110118259908925,Clothing,West,M,At-Risk,CUST_01569,52.31362540753067,2.833333333333333,2.4705882352941173,2,2,2,6,0.4015122413837325,0.5984877586162676,84.04,Low,77.52891349911125,78.17890373439927,79.40205,78.21671641818071,6.5110865008887515
7,6,197.83549672916175,287,31,1,5,0.128208821515443,0.2567273133076708,15,0.599822358432844,Grocery,East,F,Hibernating,CUST_02428,32.97258278819363,0.5833333333333334,10.285714285714285,1,2,2,5,0.3136456592583018,0.6863543407416982,178.08,Low,156.12045817370483,103.01145040035433,171.18518,147.7069899518173,21.95954182629518
12,2,67.36202625821444,254,34,2,4,0.1897295674864779,0.3561696188424094,8,0.4447679254113641,Grocery,West,M,Hibernating,CUST_02578,33.68101312910722,1.0,2.0,1,1,1,3,0.1246234986904276,0.8753765013095723,23.82,Low,27.018599486799637,26.468011965698317,24.26045,26.05334609215411,3.198599486799637
26,13,597.7931867189271,127,66,2,7,0.5813607785007948,0.1286958539491216,7,0.4051056151657016,Pharmacy,West,F,At-Risk,CUST_01688,45.98409128607132,2.1666666666666665,6.0,2,2,3,7,0.4401295682209082,0.5598704317790917,239.77,Medium,199.19075107985552,159.65242021976167,205.88455,192.4719073482991,40.579248920144494
15,38,800.0,60,39,3,9,0.8113906824330841,0.106793652687073,7,0.2733564605040683,Clothing,North,M,Growers,CUST_00852,21.05263157894737,1.25,30.4,4,4,3,11,0.8058131338707087,0.1941868661292912,1335.31,High,1290.0946778729772,1272.777366781782,1279.0892,1283.3101093508349,45.21532212702277
18,10,294.7908336709768,198,37,2,4,0.5530687741202581,0.2113595395424816,14,0.4306411521047908,Grocery,West,M,At-Risk,CUST_02208,29.47908336709768,1.5,6.666666666666667,2,2,2,6,0.4097079797847499,0.5902920202152502,116.6,Low,107.41332409855048,105.86383451079168,115.565506,109.47868422013806,9.186675901449519
21,37,1435.087290177725,19,45,3,7,0.8019717653880261,0.1353151809969007,3,0.3482258727248161,Sports,East,F,Growers,CUST_00896,38.78614297777635,1.75,21.142857142857142,5,4,4,13,0.8541223540829033,0.1458776459170967,2820.58,Very High,2251.032658571531,2426.2626004170143,2132.6965,2248.3165564057435,569.5473414284688
48,50,8599.462724306286,13,63,4,8,0.386748025177511,0.038102324536233,1,0.0520438425566378,Electronics,North,F,Champions,CUST_00497,171.98925448612573,4.0,12.5,5,4,5,14,0.9206443321690676,0.0793556678309325,10708.26,Very High,10254.180340102648,9287.678944594101,11091.664,10292.740966980473,454.07965989735203
6,5,75.03150828559161,286,40,1,2,0.1767404571487421,0.2090067936034061,14,0.8736984260964832,Grocery,North,M,Hibernating,CUST_02306,15.006301657118325,0.5,10.0,1,1,1,3,0.2419111978194968,0.7580888021805031,69.16,Low,66.99506232832181,43.17199216639388,73.49513,63.10714938794594,2.1649376716781887
36,15,235.9263784226136,171,22,2,6,0.515736758156722,0.1674065253103522,6,0.399564353271964,Grocery,East,M,At-Risk,CUST_01783,15.728425228174238,3.0,5.0,2,3,2,7,0.5063648941862967,0.4936351058137033,78.51,Low,64.94444544656642,86.15122103412168,70.49272,70.43686586566993,13.565554553433586
65,194,4252.69250698321,20,43,3,10,0.768982615716947,0.033867100000489,3,0.1421529265596419,Electronics,East,M,Champions,CUST_00336,21.921095396820668,5.416666666666667,35.815384615384616,5,5,5,15,0.95,0.05,6066.79,Very High,6483.712182789254,5853.431799843424,6005.6904,6208.161633293121,416.9221827892543
51,78,5583.282644021399,2,58,4,10,0.3150519361056594,0.030742806132986,0,0.020917535430774,Electronics,West,M,Champions,CUST_00516,71.58054671822306,4.25,18.352941176470587,5,5,5,15,0.95,0.05,10085.06,Very High,10048.586177007142,5397.596282274179,10325.738,8946.86052270364,36.473822992857095
22,41,1492.2474190171547,72,46,3,6,0.523049561288158,0.0925505732839688,7,0.1174269366172403,Sports,North,F,Growers,CUST_01349,36.39627851261353,1.8333333333333333,22.363636363636363,3,4,4,11,0.7110197853562983,0.2889802146437017,930.32,High,938.4425897831954,1162.7613493974436,943.70123,981.1917257334468,8.122589783195394
19,44,1845.0089968930056,40,44,3,7,0.7471986637399567,0.103707954079759,7,0.2967752831339684,Clothing,North,M,Growers,CUST_01016,41.93202265665922,1.5833333333333333,27.789473684210527,4,4,4,12,0.8024398689190315,0.1975601310809684,2079.76,High,1973.0300292792647,2211.891892964345,2195.6416,2084.435429405518,106.72997072073554
19,5,139.68304881407033,247,27,1,4,0.2133873285569014,0.4035491592415886,16,0.6958035436033398,Pharmacy,West,F,Hibernating,CUST_02809,27.936609762814065,1.5833333333333333,3.1578947368421053,1,1,1,3,0.2452411059559697,0.7547588940440302,38.47,Low,37.029191040166275,29.06224407767427,37.531475,35.4256677721898,1.4408089598337241
18,3,111.5338164712597,278,33,1,2,0.3840965625443689,0.4466514022276443,7,0.5656417220872217,Pharmacy,North,F,Hibernating,CUST_02804,37.17793882375323,1.5,2.0,1,1,1,3,0.1759870856237917,0.8240129143762083,39.2,Low,32.2819310421052,27.796946361897213,31.02282,30.96034209955841,6.918068957894803
42,10,231.49193411925484,63,28,1,4,0.339964683287987,0.1780829970731113,13,0.6603595419980731,Grocery,East,F,At-Risk,CUST_01782,23.149193411925484,3.5,2.857142857142857,3,2,2,7,0.4390809698629587,0.5609190301370413,32.42,Low,49.68930472432646,60.813806212901156,33.750664,46.09385369903523,17.26930472432646
14,19,222.8096322484588,114,44,2,5,0.2006411075674027,0.101735848319175,13,0.3337856659411498,Clothing,West,M,At-Risk,CUST_01786,11.726822749918885,1.1666666666666667,16.285714285714285,2,3,2,7,0.5179693038660251,0.4820306961339748,170.2,Low,161.3443094262773,156.73065098276925,162.72316,160.8209778599543,8.855690573722683
45,5,650.6758646810666,129,53,2,5,0.4417272539661132,0.2756366819761393,10,0.442755018656288,Clothing,West,F,At-Risk,CUST_02071,130.13517293621334,3.75,1.3333333333333333,2,1,3,6,0.2761235073500648,0.7238764926499353,73.55,Low,93.95524798370944,95.63398758716916,75.60352,88.34291137437633,20.405247983709444
64,53,6269.16585900046,1,32,3,9,0.428231530508383,0.0610144638115453,0,0.0629002020628932,Luxury,West,F,Champions,CUST_00357,118.28614828302754,5.333333333333333,9.9375,5,4,5,14,0.9391840974518184,0.0608159025481815,6706.39,Very High,7695.5292955671075,3870.832895645087,6230.108,6295.517444155188,989.1392955671072
9,2,82.31048541129881,199,29,2,5,0.306283186893855,0.4570227447221774,8,0.8512436412999851,Pharmacy,South,F,Hibernating,CUST_02853,41.15524270564941,0.75,2.6666666666666665,2,1,1,4,0.30037693152288,0.69962306847712,52.53,Low,45.84003679554951,52.82187923517732,50.33805,48.50308222711701,6.689963204450493
8,50,1387.7511433034167,42,46,3,9,0.6200031592996764,0.0923937255893581,1,0.1243135539638831,Tech,East,F,Growers,CUST_01313,27.75502286606833,0.6666666666666666,75.0,4,4,4,12,0.8327406602182411,0.1672593397817589,4028.98,Very High,4035.9881047656086,6684.639103928866,4192.142,4515.679049045461,7.00810476560855
45,17,454.0951790608597,97,55,2,7,0.249170715261058,0.2772928696367724,13,0.3232554399864139,Pharmacy,South,M,At-Risk,CUST_01636,26.71148112122704,3.75,4.533333333333333,3,3,2,8,0.5492841476634606,0.4507158523365394,104.28,Low,98.98118047273091,95.2830937907715,99.37167,98.34648814604044,5.298819527269089
53,136,6637.368424786686,1,46,3,9,0.3752361355029987,0.0296234326785988,4,0.086481748492671,Electronics,East,M,Champions,CUST_00551,48.80417959401975,4.416666666666667,30.79245283018868,5,5,5,15,0.95,0.05,10511.42,Very High,9533.00575784384,7700.28489338135,10720.255,9461.896167761717,978.414242156161
2,7,150.8462242782287,288,25,1,1,0.4247858434830313,0.4624313997684789,5,0.7462657896782694,Pharmacy,West,F,Hibernating,CUST_02389,21.54946061117553,0.1666666666666666,42.0,1,2,1,4,0.2650368396308041,0.7349631603691958,389.93,Medium,390.8007178062079,108.05849606152975,409.10068,306.56131337456645,0.8707178062078924
4,7,200.0,362,45,1,3,0.2256766522193672,0.3329305707487543,8,0.9955752840915172,Pharmacy,North,M,Hibernating,CUST_02480,28.571428571428573,0.3333333333333333,21.0,1,2,2,5,0.238981317346189,0.761018682653811,282.39,Medium,218.26949556586797,127.28935005168773,280.334,211.27258920981484,64.12050443413202
5,5,73.01841965501225,201,51,1,5,0.2937885297509431,0.3704118507610269,18,0.8910991355302063,Pharmacy,West,F,Hibernating,CUST_02522,14.60368393100245,0.4166666666666667,12.0,2,1,1,4,0.2569446060964492,0.7430553939035508,74.36,Low,73.29796512313222,52.770366015094865,78.53691,70.08332147970987,1.0620348768677843
45,7,414.4657397955453,111,39,2,4,0.2662284503278164,0.1501282236350166,4,0.5950770427326557,Pharmacy,North,F,At-Risk,CUST_02266,59.20939139936361,3.75,1.8666666666666667,3,2,2,7,0.472776145411207,0.527223854588793,67.69,Low,78.26828886101286,82.94477854803716,69.44641,76.39380023692495,10.578288861012865
8,44,800.0,50,51,2,9,0.8623544960227852,0.0519435155182302,1,0.2181767246590722,Sports,North,F,Growers,CUST_01228,18.181818181818183,0.6666666666666666,66.0,4,4,3,11,0.8622347263511927,0.1377652736488073,2435.41,High,2633.1189954415995,3247.8638756090427,2400.3967,2670.795650671759,197.70899544159965
20,5,52.04634047660461,354,73,2,3,0.3889596995566271,0.3413056730056047,7,0.8083697844267659,Pharmacy,South,M,Hibernating,CUST_02823,10.409268095320922,1.6666666666666667,3.0,1,1,1,3,0.171452980025367,0.828547019974633,12.33,Low,14.308704680318787,26.270952314472478,12.457633,15.531029277958279,1.9787046803187867
31,30,800.0,58,52,3,9,0.552781530510715,0.0954910144867842,4,0.2741347555969732,Tech,South,M,Growers,CUST_00958,26.666666666666668,2.583333333333333,11.61290322580645,4,4,3,11,0.7364229874860889,0.2635770125139111,442.86,Medium,530.8390194426847,544.2347390706998,439.19165,504.00931777544224,87.97901944268472
25,12,338.46901246744244,126,29,2,6,0.4183972106135072,0.2068563490456635,14,0.6400765127399513,Clothing,West,M,At-Risk,CUST_01774,28.205751038953537,2.083333333333333,5.76,2,2,2,6,0.4065738711248334,0.5934261288751665,96.36,Low,95.11819167669461,78.74283381744425,94.36095,91.37454221075811,1.241808323305392
21,7,317.7715122438766,95,27,1,5,0.3295976783815221,0.2258060662702494,14,0.519235446837216,Grocery,North,F,At-Risk,CUST_02142,45.3959303205538,1.75,4.0,3,2,2,7,0.5014590330338837,0.4985409669661163,167.37,Low,119.26013734323645,135.53133231197876,123.260605,123.56825901998944,48.10986265676355
34,12,2482.645209445109,25,50,3,7,0.691877094391535,0.0830866897045728,6,0.119527422187789,Clothing,South,F,Growers,CUST_01009,206.8871007870924,2.833333333333333,4.235294117647059,4,2,4,10,0.57539734939949,0.4246026506005099,1068.84,High,831.2735253813568,1205.0790218698369,1003.8431,947.5007291782999,237.56647461864316
18,18,1052.5720882353312,19,26,2,9,0.5919696115186295,0.1206122278491857,6,0.2047484213275577,Clothing,South,F,Growers,CUST_01093,58.476227124185066,1.5,12.0,5,3,3,11,0.7919388267076937,0.2080611732923063,1101.02,High,1046.425679024109,1049.0811884011798,1110.7959,1065.875625033175,54.59432097589092
13,4,42.54942958610155,306,30,2,2,0.3868152405301415,0.2151550668679527,19,0.4492568359544645,Pharmacy,South,F,Hibernating,CUST_02675,10.637357396525388,1.0833333333333333,3.692307692307693,1,1,1,3,0.2488113542998285,0.7511886457001714,16.15,Low,19.40157090806252,33.435226722184765,16.5069,20.636906751507496,3.251570908062522
15,28,1064.7612214814,74,50,3,7,0.5992038410820162,0.1372413176486701,6,0.2540729475636152,Tech,West,M,Growers,CUST_00997,38.02718648147857,1.25,22.4,3,4,3,10,0.7335352882699588,0.2664647117300411,1325.47,High,1073.7766542656789,805.276352401063,1279.9678,1068.5901753529338,251.69334573432116
22,7,323.0045451707507,152,50,2,7,0.3742129766188985,0.1933811543654222,10,0.4382810819402906,Clothing,North,F,At-Risk,CUST_01680,46.14350645296439,1.8333333333333333,3.8181818181818175,2,2,2,6,0.4292115103436866,0.5707884896563133,113.6,Low,102.35336016517827,97.86755636097982,108.955124,103.36088170792021,11.246639834821721
46,40,6306.972216105511,6,41,4,10,0.3974875999501446,0.0255873255386159,0,0.1089127277225775,Luxury,East,F,Champions,CUST_00154,157.67430540263777,3.8333333333333335,10.434782608695652,5,4,5,14,0.8408160607739885,0.1591839392260114,4289.52,Very High,4156.618950974711,5604.788446014314,3870.8657,4319.418646317875,132.90104902528947
14,4,66.7966362535467,332,47,1,1,0.3608568246445545,0.3297683722539232,13,0.864210737796655,Grocery,South,M,Hibernating,CUST_02783,16.699159063386674,1.1666666666666667,3.4285714285714284,1,1,1,3,0.3443274030857661,0.6556725969142339,32.45,Low,27.92548871914483,44.0386366562544,31.821308,31.824959704640825,4.524511280855172
24,62,8585.253757424554,12,37,3,10,0.359945546736356,0.01417109681472,2,0.0326179398325853,Luxury,West,F,Champions,CUST_00581,138.47183479717023,2.0,31.0,5,5,5,15,0.95,0.05,29185.01,Very High,24370.553454176905,22109.4505406888,29523.182,25316.13570540856,4814.456545823094
14,27,800.0,53,31,2,9,0.7862673980633157,0.1332333140633583,6,0.3015279544146012,Tech,East,F,Growers,CUST_01471,29.62962962962963,1.1666666666666667,23.142857142857142,4,3,3,10,0.7258514281595435,0.2741485718404565,851.01,High,927.9814167986644,857.2257796636737,859.3658,892.5704550950254,76.97141679866445
35,33,2500.0,15,27,2,7,0.7534364227717193,0.0879211906235634,3,0.2189127461129091,Sports,North,M,Growers,CUST_00704,75.75757575757575,2.9166666666666665,11.314285714285717,5,4,4,13,0.8417844112801396,0.1582155887198604,2023.32,High,2111.5954143858307,1914.1670694019226,2032.625,2047.0038964524006,88.2754143858308
12,43,937.3380964717636,68,38,3,8,0.8195457493260527,0.1463775182207228,1,0.2598477214757504,Tech,North,F,Growers,CUST_01213,21.79856038306427,1.0,43.0,3,4,3,10,0.7473865056367053,0.2526134943632947,1258.22,High,1364.5930847264076,1243.5862705538684,1266.2605,1309.7669747112207,106.37308472640757
23,47,800.0,38,36,3,8,0.7999958362777675,0.1215001968897688,1,0.1989117052991781,Sports,North,M,Growers,CUST_00897,17.02127659574468,1.9166666666666667,24.52173913043478,4,4,3,11,0.7749435744850336,0.2250564255149664,779.41,Medium,775.838278204753,882.716443771605,653.6763,756.2440793409047,3.571721795246958
77,74,6308.556825298546,26,54,4,10,0.3803397923559226,0.0143012403091551,3,0.081568060558762,Luxury,North,F,Champions,CUST_00488,85.25076790943982,6.416666666666667,11.532467532467532,4,5,5,14,0.8902864597682018,0.1097135402317982,2579.82,Very High,3549.675144653481,2161.4057490934692,2725.129,2969.344476347663,969.8551446534807
83,175,6604.008400918856,2,32,3,9,0.5889455563470442,0.0251432944341578,2,0.0894213974324845,Luxury,South,F,Champions,CUST_00560,37.73719086239346,6.916666666666667,25.301204819277107,5,5,5,15,0.9159610361970358,0.0840389638029641,4770.81,Very High,5527.774682396473,3676.237604511523,4393.4546,4755.530662863369,756.9646823964722
35,14,2500.0,26,33,3,8,0.8342532353426956,0.0935090926699524,1,0.2407453761288164,Tech,East,F,Growers,CUST_01142,178.57142857142858,2.9166666666666665,4.8,4,3,4,11,0.6379258457029745,0.3620741542970255,625.58,Medium,892.587579050427,1306.5743936497563,686.21924,890.231365577698,267.007579050427
21,44,1256.512336618558,36,34,3,8,0.7842875862046992,0.1477038753616442,2,0.3056340047283679,Tech,South,M,Growers,CUST_01120,28.55709855951268,1.75,25.142857142857142,4,4,4,12,0.8219273249413568,0.1780726750586432,1442.29,High,1405.2157269318934,1860.8799257551066,1418.1664,1490.5107340188436,37.07427306810655
74,185,10972.6034833944,29,30,4,9,0.6876220259174746,0.0496095392219272,4,0.1450452771927473,Home,East,F,Champions,CUST_00513,59.311370180510266,6.166666666666667,30.0,4,5,5,14,0.95,0.05,11852.0,Very High,11081.256871694488,7405.503592806052,11920.444,10449.461185016567,770.7431283055121
17,40,1684.3597039604235,69,44,2,6,0.8503282753841999,0.0715232732105732,7,0.1074451968302302,Tech,South,M,Growers,CUST_00634,42.10899259901059,1.4166666666666667,28.235294117647054,3,4,4,11,0.7342452209897518,0.2657547790102482,1247.3,High,1350.9959931732326,1576.6761905412316,1287.3555,1373.3648155030369,103.69599317323264
2,1,45.13201729068589,276,26,1,2,0.3999013729302249,0.2572149212123717,7,0.6469032011931609,Grocery,South,F,Hibernating,CUST_02585,45.13201729068589,0.1666666666666666,6.0,1,1,1,3,0.2325409498371474,0.7674590501628525,90.67,Low,116.3749097037309,50.042403820675375,98.305954,93.5075472462412,25.704909703730905
38,4,800.0,73,57,1,6,0.4933441130737617,0.2376672696759787,9,0.3781092484716885,Grocery,East,F,At-Risk,CUST_01665,200.0,3.1666666666666665,1.2631578947368425,3,1,3,7,0.3967616771520147,0.6032383228479853,124.33,Low,139.94568411162103,256.95944456700016,133.48703,155.83403784740008,15.615684111621036
23,30,1513.2882551082585,78,50,3,9,0.7495887157307864,0.0903679282586514,7,0.3494240546653033,Tech,East,F,Growers,CUST_01013,50.44294183694195,1.9166666666666667,15.652173913043478,3,4,4,11,0.6796646492316893,0.3203353507683106,868.59,High,888.1929860415895,983.5867114556441,854.3797,896.0085203493351,19.602986041589475
44,9,535.2466834604046,192,32,2,5,0.3588272908823215,0.1478400082338661,8,0.3384440262794735,Grocery,West,M,At-Risk,CUST_01932,59.47185371782273,3.6666666666666665,2.4545454545454546,2,2,3,7,0.4144447571782697,0.5855552428217303,79.72,Low,103.88939879450139,112.10161336505152,86.63912,99.89484669279214,24.16939879450139
35,32,853.3268759433745,85,47,3,6,0.8822547779958274,0.1058573421708266,6,0.1049699771743201,Sports,North,F,Growers,CUST_01151,26.666464873230453,2.9166666666666665,10.971428571428572,3,4,3,10,0.7410704161550137,0.2589295838449863,338.3,Medium,449.6683158267999,408.7193339464435,343.03638,406.76238480873775,111.36831582679991
18,3,199.5077083378942,236,41,2,2,0.276311061018557,0.4141079141437036,14,0.5511584828093821,Pharmacy,West,F,Hibernating,CUST_02806,66.50256944596474,1.5,2.0,1,1,2,4,0.2002431127466795,0.7997568872533204,71.3,Low,61.90968856446593,54.05433232729855,60.649536,59.88299503500703,9.390311435534066
83,115,15000.0,21,50,4,10,0.6241590037260478,0.0202505379621971,1,0.0860344920040065,Luxury,South,F,Champions,CUST_00117,130.43478260869566,6.916666666666667,16.626506024096386,5,5,5,15,0.95,0.05,12618.94,Very High,13481.1949437047,9948.275646752005,12313.331,12346.012469135927,862.2549437047
20,12,2500.0,32,33,3,9,0.4087340651395013,0.0742088666285505,6,0.2132840828696249,Clothing,West,F,Growers,CUST_00741,208.33333333333331,1.6666666666666667,7.199999999999999,4,2,4,10,0.5892465368091996,0.4107534631908004,1415.2,High,1157.0096449493233,1816.604735068643,1439.4437,1352.022162391283,258.19035505067677
10,2,113.93368215193786,247,21,2,3,0.3985443633053879,0.4261414586180659,5,0.6012487768138546,Pharmacy,South,F,Hibernating,CUST_02764,56.96684107596893,0.8333333333333334,2.4,1,1,1,3,0.1509860532351974,0.8490139467648026,49.33,Low,50.4695039372179,33.88177335636249,50.41348,46.60118925205778,1.1395039372179028
27,15,410.18760380421327,131,33,2,7,0.4838941111598741,0.1478554925766212,5,0.4278471290339024,Pharmacy,North,M,At-Risk,CUST_01975,27.345840253614217,2.25,6.666666666666667,2,3,2,7,0.4994818878979499,0.5005181121020501,107.72,Low,124.37651285252502,108.32596677088368,120.68764,119.90012135448858,16.656512852525026
11,39,1141.0448256944082,17,37,2,7,0.6784780649303677,0.0885015371355617,7,0.1373154742472015,Sports,West,F,Growers,CUST_01082,29.25755963318996,0.9166666666666666,42.54545454545455,5,4,3,12,0.9052986139129784,0.0947013860870216,4202.1,Very High,3518.528218804758,2804.9250343645617,4175.44,3539.783327462329,683.5717811952422
12,6,365.4355588583328,91,68,2,5,0.3288702021360806,0.1357295575116716,8,0.4532347652458067,Clothing,South,F,At-Risk,CUST_01811,60.90592647638879,1.0,6.0,3,2,2,7,0.4958984966361795,0.5041015033638205,278.45,Medium,205.4495592216511,186.77921239977488,255.41171,215.18118429345265,73.00044077834889
20,26,1234.8287265534098,69,28,3,9,0.5387733296490121,0.0725824387764033,2,0.2896909376754694,Sports,South,F,Growers,CUST_00831,47.49341255974653,1.6666666666666667,15.6,3,3,4,10,0.6640327780441131,0.3359672219558869,628.33,Medium,778.2733748997514,867.2832407422413,698.2783,769.8541985040333,149.94337489975135
52,184,5559.943702067761,22,32,4,10,0.7019072725967234,0.0691266136363157,0,0.0102661063863939,Electronics,West,F,Champions,CUST_00120,30.217085337324782,4.333333333333333,42.46153846153847,5,5,5,15,0.95,0.05,9377.18,Very High,8610.735023890353,10113.926504284438,9248.01,9084.870216601037,766.4449761096475
19,50,1263.3853092131824,82,50,2,7,0.5223063350347625,0.1013394009208515,2,0.2142236387456069,Tech,South,F,Growers,CUST_00657,25.26770618426365,1.5833333333333333,31.57894736842105,3,4,4,11,0.6284529505689145,0.3715470494310855,650.77,Medium,917.4280852986044,1188.2566171190567,677.83795,882.2986026226592,266.6580852986044
5,2,24.62755621106117,311,61,2,4,0.2495740104685557,0.2159155297735042,7,0.9601565031472482,Pharmacy,South,M,Hibernating,CUST_02733,12.313778105530586,0.4166666666666667,4.8,1,1,1,3,0.2767183507099143,0.7232816492900858,25.44,Low,37.621147984044335,44.6931582068281,26.506546,35.07560817397668,12.181147984044333
11,3,195.7972241363204,223,26,2,3,0.1769170671309123,0.4305104205772289,10,0.8567285143909831,Pharmacy,East,F,Hibernating,CUST_02693,65.26574137877347,0.9166666666666666,3.272727272727273,1,1,2,4,0.0629291469585413,0.9370708530414588,84.72,Low,82.21389479234676,46.041208337411106,83.0233,73.45837660837245,2.506105207653235
14,6,170.9122128719234,245,67,1,3,0.410685810051362,0.3730717710634609,13,0.888925577405987,Grocery,West,M,Hibernating,CUST_02933,28.485368811987232,1.1666666666666667,5.142857142857142,1,2,2,5,0.4075512186426249,0.5924487813573751,119.9,Low,90.52492321763671,89.98578598631615,113.13821,96.67731714894252,29.375076782363294
15,15,1007.8219274801246,19,48,2,7,0.582998204144968,0.1019429728967308,4,0.2316874374701868,Tech,South,M,Growers,CUST_00636,67.18812849867497,1.25,12.0,5,3,3,11,0.7856347243221562,0.2143652756778438,1148.26,High,1214.7756561874644,1144.0842722723423,1459.2899,1268.188016482122,66.5156561874644
34,146,11289.720362601429,11,41,4,8,0.5817041822419271,0.0645874618807047,4,0.1075892813798634,Home,West,F,Champions,CUST_00370,77.32685179863991,2.833333333333333,51.52941176470588,5,5,5,15,0.95,0.05,31072.74,Very High,27513.83142901276,32207.57079626777,29388.283,28961.39289042588,3558.9085709872415
51,124,5518.652736989456,4,40,4,9,0.5965791095197341,0.0695402169610581,2,0.1149520819656978,Home,West,F,Champions,CUST_00269,44.50526400797949,4.25,29.176470588235293,5,5,5,15,0.95,0.05,8673.03,Very High,8618.91582439389,6696.141823459229,9283.971,8379.377193626822,54.11417560611153
78,169,4133.594030712126,7,35,3,8,0.4207684208508409,0.0426685184619085,3,0.11068916534982,Luxury,South,M,Champions,CUST_00047,24.459136276403115,6.5,26.0,5,5,5,15,0.95,0.05,4145.58,Very High,5611.928801165227,3282.085040871552,4243.585,4635.622913818633,1466.348801165227
15,16,1871.239131280972,45,40,2,7,0.7994824512668728,0.0796994891139416,1,0.2478624828607561,Tech,East,M,Growers,CUST_00992,116.95244570506074,1.25,12.8,4,3,4,11,0.6999868399366578,0.3000131600633422,2050.88,High,1705.272998531909,1848.7454166604339,1908.2874,1792.52774656967,345.6070014680911
28,47,800.0,89,29,3,8,0.4558187226605927,0.0503716100271984,6,0.2472597351520851,Sports,West,F,Growers,CUST_00877,17.02127659574468,2.333333333333333,20.142857142857142,3,4,3,10,0.6933302405581366,0.3066697594418633,344.79,Medium,445.7329578809793,508.3227225599085,366.37042,431.4679139908911,100.9429578809793
31,43,1301.7092916443949,48,52,3,8,0.7170644054334014,0.1481877296352605,7,0.1378353146728832,Tech,West,F,Growers,CUST_00774,30.272309108009186,2.583333333333333,16.64516129032258,4,4,4,12,0.8654459154678094,0.1345540845321906,1102.35,High,1571.8133695357856,1442.3537809068605,1128.1793,1398.7228217002482,469.46336953578566
22,44,1886.6872112960264,27,48,3,6,0.7079660035433344,0.0529799763729583,1,0.2517078572284332,Sports,South,F,Growers,CUST_01220,42.87925480218242,1.8333333333333333,24.0,4,4,4,12,0.8282798039875425,0.1717201960124574,2247.41,High,2139.7571216317297,2042.2677164402155,2283.3027,2161.593419093738,107.6528783682702
34,34,1021.6225943072576,52,37,3,6,0.4302814217063168,0.0744701845149658,4,0.2888634523313144,Clothing,South,F,Growers,CUST_01127,30.047723361978164,2.833333333333333,12.0,4,4,3,11,0.7520598072814619,0.247940192718538,646.55,Medium,630.1514955699906,554.3794019264318,606.95215,607.3389464044346,16.398504430009325
66,86,6810.469756842179,14,64,4,9,0.5575028298548615,0.0660686490282355,2,0.1235996477819967,Electronics,South,M,Champions,CUST_00005,79.19150880049045,5.5,15.636363636363637,5,5,5,15,0.95,0.05,9699.97,Very High,9507.17598701943,4518.277157381069,8768.515,7996.515024331864,192.7940129805702
45,12,356.0906438028567,130,47,1,5,0.3103075045464286,0.1849105305746982,14,0.5500378234245545,Grocery,North,F,At-Risk,CUST_01596,29.674220316904723,3.75,3.2,2,2,2,6,0.426205350159167,0.5737946498408331,46.9,Low,53.96284937623241,51.07824431105645,49.013393,51.855699083655914,7.062849376232414
14,1,140.9291494895839,291,19,2,4,0.192230022050225,0.2594098776386685,8,0.9945626933554284,Pharmacy,South,F,Hibernating,CUST_02312,140.9291494895839,1.1666666666666667,0.8571428571428571,1,1,1,3,0.172736313720939,0.827263686279061,46.6,Low,46.48768934294763,54.85294362873318,53.930393,50.2440664124692,0.11231065705236887
7,5,27.556057213911167,319,45,1,4,0.2270386678537488,0.3781718780676794,3,0.8842557752176032,Pharmacy,East,M,Hibernating,CUST_02492,5.511211442782233,0.5833333333333334,8.571428571428571,1,1,1,3,0.239606921318108,0.760393078681892,25.19,Low,27.083207856224533,41.785524517899795,24.344381,28.624242400902233,1.8932078562245316
14,42,1133.6511247121264,32,53,3,9,0.8850938621531363,0.1301657762808064,1,0.1521856333570974,Clothing,East,M,Growers,CUST_01078,26.991693445526817,1.1666666666666667,36.0,4,4,3,11,0.7921213699388481,0.2078786300611519,2073.91,High,1591.4154213332595,1464.3751864933745,1869.3346,1642.5911165427126,482.4945786667404
22,27,2087.526022135254,52,42,3,6,0.6804782497485731,0.0977277632533235,4,0.3344205255398675,Clothing,West,F,Growers,CUST_00838,77.315778597602,1.8333333333333333,14.727272727272728,4,3,4,11,0.6889163263937449,0.3110836736062551,1325.81,High,1272.7953676072648,1377.6274949077276,1369.6608,1321.8731865050686,53.014632392735166
20,45,1210.4786954687063,18,48,3,8,0.7622703370304906,0.1158622508963094,4,0.1083897954118127,Sports,West,F,Growers,CUST_00682,26.899526565971257,1.6666666666666667,27.0,5,4,4,13,0.8875543441283533,0.1124456558716466,2072.55,High,2865.8714239000683,2814.8252554800424,2165.6743,2625.4154591748993,793.3214239000681
24,10,800.0,145,67,2,6,0.4843193643202874,0.2175979716480521,5,0.3437773308413074,Clothing,North,M,At-Risk,CUST_01716,80.0,2.0,5.0,2,2,3,7,0.27859409715238,0.72140590284762,248.41,Medium,210.24506952359408,143.9055809817776,234.04094,201.2802162319098,38.164930476405914
8,6,25.38248144502836,189,66,2,5,0.2697906007395798,0.4600838043103641,11,0.8933655349140595,Grocery,North,F,Hibernating,CUST_02353,4.2304135741713935,0.6666666666666666,9.0,2,2,1,5,0.3736650333532699,0.62633496664673,21.04,Low,32.49555358677688,63.04859644401303,20.530277,32.39722562996002,11.45555358677688
8,7,79.70101404663377,363,51,2,1,0.3773419399596436,0.244515609049892,18,0.4173011056473943,Pharmacy,West,F,Hibernating,CUST_02362,11.38585914951911,0.6666666666666666,10.5,1,2,1,4,0.33565866210628,0.66434133789372,57.51,Low,56.19048736498298,64.20391627213326,59.177677,58.61386404308098,1.3195126350170199
44,15,640.9754690445371,91,40,1,5,0.2113884903507285,0.2401596923116076,3,0.6367996662665312,Pharmacy,South,M,At-Risk,CUST_02198,42.73169793630248,3.6666666666666665,4.090909090909091,3,3,3,9,0.5988794378548118,0.4011205621451882,135.79,Low,147.43724298639756,196.4298102080809,134.73657,151.9900095312607,11.647242986397572
28,18,1084.8804733991412,53,45,3,6,0.6571604661954558,0.0718423128663059,1,0.286941319285008,Tech,South,F,Growers,CUST_01149,60.2711374110634,2.333333333333333,7.7142857142857135,4,3,3,10,0.6357406785072125,0.3642593214927875,373.43,Medium,446.52870192855147,463.2554860800558,382.42148,429.3926397200668,73.09870192855146
32,187,15000.0,4,64,4,8,0.4358165906371848,0.0478779677415191,2,0.018846523861847,Home,North,F,Champions,CUST_00575,80.21390374331551,2.6666666666666665,70.125,5,5,5,15,0.95,0.05,50000.0,Very High,32908.08214765989,77800.48749656964,47540.7,43648.369429194645,17091.917852340113
60,47,4330.011287771923,28,55,4,10,0.5596122853901025,0.0366693891567879,1,0.0385594038283813,Electronics,South,M,Champions,CUST_00051,92.12789973982817,5.0,9.4,4,4,5,13,0.7850699920228302,0.2149300079771697,1745.25,High,2246.7637557484404,1716.2931359910162,1674.5038,1949.239378737295,501.5137557484404
26,21,1237.883690566566,57,34,3,8,0.5114872440049911,0.14353959541837,4,0.1632084457912903,Clothing,North,F,Growers,CUST_00854,58.94684240793171,2.1666666666666665,9.692307692307692,4,3,4,11,0.6389212254669238,0.3610787745330762,501.88,Medium,642.8603689004921,849.9735340592265,535.09625,643.3946485390048,140.98036890049207
44,10,800.0,169,61,2,5,0.4420940880672653,0.2626924786269448,9,0.6767012551646338,Grocery,North,M,At-Risk,CUST_01983,80.0,3.6666666666666665,2.7272727272727275,2,2,3,7,0.5103006230835507,0.4896993769164492,202.2,Medium,153.07046861798477,154.93052483587255,184.22626,162.2137412818353,49.129531382015216
46,6,578.3467529803876,99,66,1,5,0.5827519782175882,0.1884539486205298,7,0.6659283574344828,Grocery,East,M,At-Risk,CUST_01824,96.39112549673126,3.8333333333333335,1.5652173913043477,3,2,3,8,0.4473413702756122,0.5526586297243878,103.51,Low,111.19901346738989,152.45399720548957,101.04213,115.09781470971011,7.689013467389884
28,22,1084.4018658791688,53,49,2,7,0.7240579221423478,0.0996706129696762,3,0.3035527245957169,Tech,East,M,Growers,CUST_00834,49.29099390359858,2.333333333333333,9.428571428571429,4,3,3,10,0.7439745755642855,0.2560254244357145,682.16,Medium,550.4377765735103,576.4848556977142,573.8128,562.5264942316949,131.72222342648968
35,15,1842.6614868873403,72,42,3,8,0.8394666092261529,0.1342694944222761,1,0.2471729300908511,Clothing,East,M,Growers,CUST_01116,122.84409912582268,2.9166666666666665,5.142857142857143,3,3,4,10,0.5615342949572697,0.4384657050427303,452.82,Medium,673.3256128931173,641.6056289410733,578.97534,637.331998579622,220.5056128931173
16,36,2069.472168431839,17,39,3,7,0.7298725092033161,0.1251616393646276,2,0.2957461623940073,Clothing,West,M,Growers,CUST_01167,57.48533801199552,1.3333333333333333,27.0,5,4,4,13,0.9067913417286912,0.0932086582713088,5395.61,Very High,5394.342518619998,3972.0140204549534,5786.673,5182.042366823493,1.2674813800012998
4,2,78.56694345860419,345,65,1,3,0.2545544171849524,0.3484830988120154,7,0.4919391820199361,Pharmacy,South,M,Hibernating,CUST_02519,39.28347172930209,0.3333333333333333,6.0,1,1,1,3,0.1548909518315912,0.8451090481684087,97.0,Low,95.77250061766725,44.041697678665756,97.87904,82.58536692863562,1.227499382332752
28,19,200.0,123,57,1,6,0.4027536264577,0.22387385661839,11,0.5677718657720539,Grocery,East,M,At-Risk,CUST_01907,10.526315789473683,2.333333333333333,8.142857142857142,2,3,2,7,0.438034790936317,0.561965209063683,39.75,Low,70.53975327802742,82.98421844111886,45.083942,63.740814398439426,30.78975327802742
8,14,800.0,39,32,3,7,0.6397705625531143,0.0593963795410382,2,0.1577044462969454,Tech,South,F,Growers,CUST_00972,57.142857142857146,0.6666666666666666,21.0,4,3,3,10,0.7261101272335704,0.2738898727664296,1425.48,High,1349.4579475015094,1033.6687690819322,1409.6956,1296.271504331676,76.02205249849067
31,45,6898.978032891178,3,46,4,8,0.5462845353766488,0.0314020770213103,0,0.0707439547792892,Luxury,West,F,Champions,CUST_00400,153.31062295313728,2.583333333333333,17.419354838709676,5,4,5,14,0.92026452725672,0.0797354727432799,11730.41,Very High,11226.399793564748,10991.091351576828,11888.619,11372.811879532597,504.01020643525226
10,3,117.03264050974698,247,58,1,6,0.422376161195742,0.3946069353649666,10,0.7815465165800219,Pharmacy,West,F,Hibernating,CUST_02560,39.01088016991566,0.8333333333333334,3.6,1,1,1,3,0.2572324722109532,0.7427675277890468,80.54,Low,60.7192577131696,39.38557188975527,74.09297,59.136122130508895,19.82074228683041
1,3,35.52302464859423,308,51,2,4,0.4303878779341875,0.4528784037629864,6,0.7742001449539749,Pharmacy,South,F,Hibernating,CUST_02369,11.841008216198077,0.0833333333333333,36.0,1,1,1,3,0.1982809034852068,0.8017190965147931,169.66,Low,187.47245928964253,74.08662032204252,176.08124,152.88215938826752,17.812459289642533
45,135,2626.329604393206,9,33,4,10,0.4963653716357081,0.0497582008121256,0,0.0580210863077819,Luxury,South,M,Champions,CUST_00020,19.4542933658756,3.75,36.0,5,5,5,15,0.95,0.05,5537.61,Very High,7904.079831746119,6145.8778972800665,6088.151,6950.061140556463,2366.46983174612
10,56,1169.9342429898816,77,50,2,6,0.5477995624924392,0.1361815176145907,1,0.311276824751353,Tech,North,M,Growers,CUST_00685,20.8916829105336,0.8333333333333334,67.2,3,4,3,10,0.7134173333718518,0.2865826666281482,1258.73,High,1480.3817822716037,2028.0243503565914,1342.9094,1531.1523583507287,221.65178227160368
72,51,8490.922339321382,8,62,4,9,0.35877565007511,0.0504342228041095,2,0.1326718091395138,Electronics,East,M,Champions,CUST_00036,166.4886733200271,6.0,8.5,5,4,5,14,0.9283387340618606,0.0716612659381393,8234.03,Very High,8327.493367897687,4978.227615539168,8185.2173,7474.507084555511,93.46336789768611
9,2,94.9277479760398,362,74,1,2,0.3869483573482759,0.316220816178279,12,0.6332840698892255,Grocery,West,F,Hibernating,CUST_02830,47.46387398801991,0.75,2.6666666666666665,1,1,1,3,0.1320785377446385,0.8679214622553615,44.59,Low,45.685794477187585,37.49337280008713,45.913475,43.984083529567066,1.0957944771875816
45,192,3383.6320194420023,23,37,4,10,0.773580731450124,0.0679907069657293,1,0.1300590273568421,Electronics,West,M,Champions,CUST_00525,17.623083434593763,3.75,51.2,5,5,5,15,0.95,0.05,6440.75,Very High,8376.900784976177,10950.83748504989,6022.395,8005.034355024287,1936.1507849761765
6,5,49.72579000976737,202,26,1,2,0.1678289826127367,0.4066806923025688,7,0.6257717050629881,Pharmacy,South,M,Hibernating,CUST_02456,9.945158001953477,0.5,10.0,2,1,1,4,0.3259839850257988,0.6740160149742012,54.89,Low,56.484818392155816,57.89902957140843,55.14065,56.35634161108333,1.5948183921558154
7,55,818.7832671465907,55,26,3,8,0.4509841844814617,0.1011008835682612,2,0.2310714958436877,Tech,North,F,Growers,CUST_00921,14.886968493574376,0.5833333333333334,94.28571428571428,4,4,3,11,0.7957886118793209,0.204211388120679,2482.75,High,2428.9486148946075,5025.544785395132,2475.3994,2825.172986649896,53.801385105392455
16,8,278.3903055325001,80,32,1,7,0.2963639344922872,0.1369551035955033,8,0.687270561611792,Grocery,East,F,At-Risk,CUST_01842,34.798788191562515,1.3333333333333333,6.0,3,2,2,7,0.5093841567517318,0.4906158432482682,146.58,Low,147.68068150434812,148.07330766958498,153.87454,149.5917933078498,1.1006815043481026
34,10,432.7041477387822,150,40,2,7,0.3328954807511742,0.136281228800438,13,0.3116790088077923,Clothing,West,F,At-Risk,CUST_01891,43.270414773878215,2.833333333333333,3.5294117647058822,2,2,2,6,0.3591753122142903,0.6408246877857097,69.24,Low,81.22699709094356,63.6061269921379,76.37467,75.93812634269456,11.98699709094356
56,72,4160.866756207683,23,56,4,9,0.3394697014732777,0.0128199863144598,4,0.1104709761928609,Home,East,F,Champions,CUST_00538,57.78981605844004,4.666666666666667,15.428571428571429,5,5,5,15,0.95,0.05,5461.69,Very High,7474.274727205282,3751.530802840113,6571.4175,6265.081795165532,2012.5847272052824
20,12,200.0,176,51,1,7,0.3080777837987977,0.2020209881307132,11,0.4944248497291801,Clothing,North,M,At-Risk,CUST_01706,16.666666666666668,1.6666666666666667,7.199999999999999,2,2,2,6,0.4059272945795868,0.5940727054204131,82.1,Low,82.9072286255611,90.79435475555617,75.37283,82.05094306496892,0.807228625561109
20,5,152.6702482355868,204,32,1,5,0.1032292379271371,0.374956236671168,11,0.743894507030511,Pharmacy,North,M,Hibernating,CUST_02932,30.53404964711736,1.6666666666666667,3.0,2,1,1,4,0.240978249005738,0.759021750994262,38.62,Low,40.76540723011185,34.665212692462,39.587444,39.12128920786723,2.14540723011185
77,40,3953.874739720872,25,38,4,8,0.6097631000181516,0.0677045313074544,1,0.0477059417541779,Electronics,West,M,Champions,CUST_00246,98.8468684930218,6.416666666666667,6.233766233766233,4,4,5,13,0.8321274922340296,0.1678725077659704,1264.95,High,2183.839979410613,1210.7730391944515,1281.8236,1654.1762253796392,918.889979410613
33,12,1357.636398690206,27,37,3,7,0.7147551610763249,0.1388786766716217,2,0.155415960771847,Clothing,North,M,Growers,CUST_00785,113.13636655751716,2.75,4.363636363636363,4,2,4,10,0.5149967526541015,0.4850032473458985,284.82,Medium,498.17655105389093,578.9286305848108,309.54697,445.10821880573064,213.35655105389094
12,56,827.592003178963,22,30,3,8,0.8788520535032436,0.1381474776696271,6,0.2058810230752556,Clothing,East,M,Growers,CUST_01410,14.778428628195767,1.0,56.0,5,4,3,12,0.9092119040298842,0.0907880959701158,3629.0,Very High,3633.2367124563625,3461.4668013648193,3612.1565,3591.938646897868,4.236712456362511
14,6,37.34975620250879,317,71,1,4,0.2229616398640631,0.3671469258860709,4,0.4740121679074428,Grocery,East,M,Hibernating,CUST_02538,6.224959367084799,1.1666666666666667,5.142857142857142,1,2,1,4,0.388279634691275,0.611720365308725,15.03,Low,18.782242287801378,52.25748356287146,16.197733,22.123590212916927,3.752242287801378
47,170,8727.2010355334,3,53,4,8,0.7452047586096642,0.0315051491914889,4,0.0181954497008301,Electronics,North,M,Champions,CUST_00155,51.33647667960824,3.9166666666666665,43.40425531914894,5,5,5,15,0.95,0.05,17894.77,Very High,14047.135604159403,15557.89436894535,16615.525,15077.815266285097,3847.634395840598
43,12,567.5787205619974,102,54,2,4,0.4167072013506769,0.1190341895405331,3,0.4137937916829208,Pharmacy,East,F,At-Risk,CUST_01687,47.29822671349979,3.583333333333333,3.3488372093023253,3,2,3,8,0.5337149623018552,0.4662850376981448,101.37,Low,133.15788644731546,161.0942786321968,124.31937,135.51082930701443,31.787886447315458
34,37,1469.3162186274528,22,43,2,6,0.881377673712163,0.1457527227810846,1,0.2390288853718032,Clothing,South,M,Growers,CUST_00626,39.71124915209332,2.833333333333333,13.058823529411764,5,4,4,13,0.8551286662525658,0.1448713337474342,1458.79,High,1827.9801607220963,1597.0291018099465,1525.6675,1685.3387066386147,369.1901607220964
13,7,118.1975909832532,258,29,1,3,0.4733746362131811,0.2842021130781004,19,0.5840620214424325,Pharmacy,West,M,Hibernating,CUST_02877,16.885370140464744,1.0833333333333333,6.461538461538462,1,2,1,4,0.388453102657643,0.611546897342357,62.54,Low,53.52381193227625,51.64054139210027,66.91656,56.82955926842776,9.016188067723746
8,16,2500.0,19,39,3,8,0.7093383545344325,0.1031268004960835,5,0.2123647982959353,Clothing,North,F,Growers,CUST_01347,156.25,0.6666666666666666,24.0,5,3,4,12,0.8688359047301145,0.1311640952698854,9202.05,Very High,5628.274078196104,6303.507725180385,8517.84,6519.344976519917,3573.7759218038955
49,75,7533.085905344729,9,64,4,9,0.7422934441148068,0.0542021154808114,1,0.0108998381371735,Luxury,East,M,Champions,CUST_00570,100.4411454045964,4.083333333333333,18.367346938775512,5,5,5,15,0.95,0.05,16417.72,Very High,14135.697808809218,7881.131332484959,15480.335,12924.43901425651,2282.022191190783
8,6,200.0,337,37,1,6,0.4262397747523098,0.2231010477518648,3,0.4453307599665773,Pharmacy,East,M,Hibernating,CUST_02934,33.333333333333336,0.6666666666666666,9.0,1,2,2,5,0.2762618379092561,0.7237381620907439,143.59,Low,138.43007812208774,101.15170353871338,154.52876,134.38501915405413,5.159921877912268
18,4,740.4255191981305,77,26,2,4,0.5179894540703851,0.1908251151704083,7,0.6468844410061458,Clothing,West,F,At-Risk,CUST_01759,185.10637979953265,1.5,2.6666666666666665,3,1,3,7,0.4627328022463344,0.5372671977536656,304.58,Medium,278.5597261587473,436.5105401250002,315.66953,316.4073244243603,26.020273841252674
23,9,200.0,180,25,2,6,0.4617666095408048,0.1318088494198483,8,0.4379810188012272,Pharmacy,South,F,At-Risk,CUST_01817,22.22222222222222,1.9166666666666667,4.695652173913043,2,2,2,6,0.4898073689158379,0.510192631084162,82.04,Low,78.73147777696036,101.97838767583512,73.84317,81.33979654927667,3.3085222230396454
17,10,200.0,147,24,2,6,0.2580056673289794,0.2031977399941714,12,0.4681153082645402,Pharmacy,East,F,At-Risk,CUST_02066,20.0,1.4166666666666667,7.0588235294117645,2,2,2,6,0.3367656982454856,0.6632343017545144,59.67,Low,85.90837269203486,79.92585170529588,63.965958,77.51525771016078,26.238372692034858
24,122,6561.627108888978,6,62,4,10,0.3343568388619805,0.0315927797042638,1,0.128182108980327,Electronics,East,M,Champions,CUST_00128,53.78382876138507,2.0,61.0,5,5,5,15,0.9498144615137712,0.0501855384862288,15661.77,Very High,16204.471011558466,25032.208392299686,16935.697,17912.595503578064,542.7010115584653
12,5,116.523538531665,258,31,1,3,0.2709958600738635,0.3649517363452186,2,0.7321143724974084,Grocery,South,M,Hibernating,CUST_02978,23.304707706333,1.0,5.0,1,1,1,3,0.1928106621788915,0.8071893378211085,60.11,Low,51.599218929231434,31.668400058917186,55.266155,47.79658305847804,8.510781070768566
47,7,643.5837181767473,198,32,2,5,0.5188555360281568,0.1602039352054242,3,0.4838761168645154,Grocery,South,M,At-Risk,CUST_02007,91.94053116810676,3.9166666666666665,1.7872340425531916,2,2,3,7,0.2914452985278742,0.7085547014721257,71.6,Low,93.28677247326888,96.50240788107692,73.028564,87.27714262222734,21.68677247326889
21,32,2349.5753590572517,20,40,3,6,0.5591576000673883,0.0806058452925144,4,0.3313324342186495,Clothing,East,F,Growers,CUST_00981,73.4242299705391,1.75,18.285714285714285,5,4,4,13,0.9009522580104712,0.0990477419895288,5401.32,Very High,4807.423021856611,3303.031035706546,5295.03,4590.9307374618575,593.8969781433889
9,2,90.3954520823661,352,53,1,2,0.4490273845007415,0.4356109915133268,15,0.5042284619245736,Pharmacy,East,F,Hibernating,CUST_02975,45.19772604118305,0.75,2.6666666666666665,1,1,1,3,0.2592871757014992,0.7407128242985008,57.35,Low,47.95913333783655,48.5638063708669,55.99054,50.367759612921425,9.390866662163454
60,47,13639.709978065855,20,50,4,10,0.4093578064989636,0.0781660289350004,3,0.0055069415224599,Luxury,North,M,Champions,CUST_00191,290.20659527799694,5.0,9.4,5,4,5,14,0.8280681491882126,0.1719318508117874,4663.58,Very High,4676.209523679756,16768.662540395853,4793.0923,6081.893734026725,12.629523679755948
27,35,2500.0,22,39,3,9,0.4371988121859743,0.121886407288381,3,0.1301845881772466,Clothing,North,M,Growers,CUST_01140,71.42857142857143,2.25,15.555555555555555,5,4,4,13,0.9063553482487544,0.0936446517512455,4548.87,Very High,4308.681376222088,2857.0229269906954,4592.3086,4045.4436285489246,240.18862377791174
28,15,865.036137540276,74,37,3,7,0.5811141819693302,0.0860411806351278,2,0.1895213254733445,Sports,South,M,Growers,CUST_00993,57.66907583601839,2.333333333333333,6.428571428571428,3,3,3,9,0.5709114647502344,0.4290885352497656,284.35,Medium,336.82796112118115,300.48204055499946,283.07074,312.493176583219,52.477961121181124
34,24,800.0,83,47,3,7,0.8303008749301453,0.066897215003789,4,0.2124224183423349,Clothing,South,M,Growers,CUST_00700,33.333333333333336,2.833333333333333,8.470588235294118,3,3,3,9,0.6819972974376959,0.3180027025623041,264.39,Medium,325.97582845424245,318.76686915590693,266.3907,305.456216315807,61.58582845424246
31,45,1064.6477633977788,51,27,3,9,0.4051818611735885,0.1078695078717646,3,0.1547960864130829,Clothing,South,M,Growers,CUST_00607,23.658839186617307,2.583333333333333,17.419354838709676,4,4,3,11,0.7715104068933475,0.2284895931066525,539.19,Medium,648.7127337122571,693.2517226698467,571.214,632.7699413479332,109.52273371225704
83,157,15000.0,9,52,3,10,0.6981207252706843,0.0501764906248307,2,0.0987461159259092,Electronics,South,F,Champions,CUST_00181,95.54140127388536,6.916666666666667,22.69879518072289,5,5,5,15,0.95,0.05,11705.99,Very High,14066.085548355224,10419.562171152926,15138.564,13541.982865522628,2360.0955483552243
32,150,12555.299136994428,22,35,3,10,0.5863036164410111,0.0263332975854528,1,0.1327858318061348,Luxury,North,M,Champions,CUST_00302,83.70199424662952,2.6666666666666665,56.25,5,5,5,15,0.95,0.05,35011.53,Very High,29580.480982660887,44031.02751193863,34298.445,33483.96593979978,5431.049017339112
20,3,35.02864036617901,214,60,2,3,0.1310849848014106,0.3243648659443886,6,0.7748862934147304,Grocery,East,M,Hibernating,CUST_02545,11.676213455393004,1.6666666666666667,1.7999999999999998,1,1,1,3,0.2385587902667065,0.7614412097332934,8.4,Low,10.924719176695605,23.521077004336682,8.532434,11.879326506107322,2.524719176695605
3,2,81.2134965973828,214,68,1,4,0.4695910725463762,0.3663682141288323,6,0.4702921000457637,Pharmacy,South,M,Hibernating,CUST_02776,40.6067482986914,0.25,8.0,1,1,1,3,0.2125972809181349,0.7874027190818651,143.65,Low,125.31422920799676,43.17503137936468,139.51784,104.70145585468691,18.335770792003245
20,44,1140.7008468302242,82,31,2,6,0.4991782341246665,0.0881310639952077,4,0.1997091537099389,Clothing,East,M,Growers,CUST_01061,25.92501924614146,1.6666666666666667,26.4,3,4,3,10,0.6930863666742849,0.3069136333257151,759.52,Medium,679.6067817206897,717.1395302661549,716.32025,697.8820490806919,79.91321827931029
23,4,200.0,342,69,1,2,0.3466903797237517,0.4976214651489534,19,0.8572842127354237,Pharmacy,South,F,Hibernating,CUST_02820,50.0,1.9166666666666667,2.0869565217391304,1,1,2,4,0.1604735715473012,0.8395264284526988,37.77,Low,58.76933279041757,47.50092023259804,49.440937,53.4783745272052,20.99933279041757
23,2,37.45732961711808,321,38,2,2,0.1610485231400921,0.468902991240408,19,0.7002578419115586,Grocery,South,M,Hibernating,CUST_02879,18.72866480855904,1.9166666666666667,1.0434782608695652,1,1,1,3,0.2161547710658946,0.7838452289341054,6.94,Low,11.756584151815831,25.129734633228434,7.160533,11.876853856630031,4.816584151815831
14,1,174.5518794368721,346,62,1,6,0.4348011474883674,0.3597836643923009,15,0.4905728724469878,Grocery,East,M,Hibernating,CUST_02566,174.5518794368721,1.1666666666666667,0.8571428571428571,1,1,2,4,0.1779732368757544,0.8220267631242456,93.16,Low,81.73633752438579,121.32762617076995,89.202324,90.81600263032858,11.423662475614208
33,59,1571.5419598141568,67,37,3,8,0.4866091905934503,0.0989644211819016,2,0.2491025066461615,Sports,East,F,Growers,CUST_01070,26.636304403629776,2.75,21.454545454545453,3,5,4,12,0.7655116887595932,0.2344883112404068,846.8,High,974.9491080947341,1140.813100896743,829.78345,958.5750426352859,128.14910809473417
23,6,200.0,313,61,1,2,0.2092666417646307,0.2773213171445058,8,0.7484993555511528,Pharmacy,North,F,Hibernating,CUST_02525,33.333333333333336,1.9166666666666667,3.130434782608696,1,2,2,5,0.373636137068786,0.626363862931214,76.65,Low,63.936161857265745,76.8836722903079,67.01255,67.28248980974406,12.71383814273426
37,5,347.7732488741728,64,51,2,5,0.2236624382149117,0.2694631482381798,11,0.4572957726900776,Pharmacy,East,M,At-Risk,CUST_02206,69.55464977483456,3.083333333333333,1.6216216216216215,3,1,2,6,0.4273765113746613,0.5726234886253386,82.1,Low,72.61980021217752,77.36459298992527,78.535545,75.29387442477262,9.480199787822471
28,12,1610.6016458229258,18,49,2,7,0.8943377715728971,0.0776622277093701,5,0.1787968225384909,Sports,West,M,Growers,CUST_01244,134.21680381857715,2.333333333333333,5.142857142857142,5,2,4,11,0.7321819475953601,0.2678180524046398,859.64,High,951.6289468823511,1537.862274773965,874.67487,1021.3621514510738,91.98894688235112
63,73,7355.400919299511,22,32,4,9,0.7705604062668368,0.0472604313166018,1,0.0083611280381162,Luxury,North,M,Champions,CUST_00017,100.75891670273305,5.25,13.904761904761903,5,5,5,15,0.95,0.05,10077.06,Very High,10779.444560960013,5359.476205185036,10356.471,9261.649061726059,702.3845609600139
16,7,129.71792318385113,313,33,1,1,0.2875043169900896,0.3033124449216032,11,0.9674615774072182,Pharmacy,North,F,Hibernating,CUST_02981,18.531131883407305,1.3333333333333333,5.25,1,2,1,4,0.2907010826458348,0.7092989173541653,49.11,Low,43.0624821387729,42.30102742447852,50.820995,45.098402616962844,6.0475178612270994
29,49,4976.678469948857,10,47,3,8,0.3309042303446113,0.0115446304077603,3,0.0464204323632901,Home,North,M,Champions,CUST_00547,101.56486673365016,2.4166666666666665,20.27586206896552,5,4,5,14,0.8875711666324444,0.1124288333675556,8453.8,Very High,6365.272779482587,7177.065314643924,4626.3306,5924.749369260363,2088.5272205174124
6,15,1746.0080042369354,79,42,3,6,0.4345666679087447,0.1053645217999234,4,0.2387522716187128,Tech,South,F,Growers,CUST_00659,116.4005336157957,0.5,30.0,3,3,4,10,0.6168619456250488,0.3831380543749512,3612.83,Very High,2171.797048269836,2075.0756204076956,3106.5435,2396.0851634255746,1441.0329517301639
20,1,41.645249080073626,193,55,1,1,0.1977019558762027,0.2501440624979329,17,0.4851581573552775,Pharmacy,East,F,Hibernating,CUST_02705,41.645249080073626,1.6666666666666667,0.6,2,1,1,4,0.3320901725921252,0.6679098274078747,11.6,Low,18.2949735711035,41.13372263213385,11.969508,19.02281452866704,6.694973571103501
4,7,125.6410475445987,202,53,1,1,0.4557969382856354,0.4578491752896439,11,0.4072502473086573,Grocery,East,F,Hibernating,CUST_02736,17.948721077799814,0.3333333333333333,21.0,2,2,1,5,0.3984874314844214,0.6015125685155785,231.2,Medium,166.01873240289092,101.97661063621909,225.88013,165.21464114181146,65.18126759710907
29,11,671.2085144174007,99,47,2,7,0.3183778660953321,0.2249973300552676,7,0.566827287300715,Pharmacy,South,M,At-Risk,CUST_01505,61.01895585612733,2.4166666666666665,4.551724137931035,3,2,3,8,0.4603677502909679,0.539632249709032,203.24,Medium,194.87480624328077,203.5875976738633,185.08232,193.5703688558681,8.365193756719236
14,37,1979.1159613365385,82,35,3,9,0.6508149044615471,0.0887986480095322,1,0.1306850136686551,Clothing,East,F,Growers,CUST_00960,53.4896205766632,1.1666666666666667,31.71428571428571,3,4,4,11,0.7380285228513274,0.2619714771486726,1900.09,High,2036.492065346853,2042.8266209096723,1972.6329,2018.3738423396085,136.40206534685308
13,7,47.01386957203913,338,60,1,4,0.4836247107938662,0.3001998259850044,19,0.4626467288523646,Grocery,East,M,Hibernating,CUST_02332,6.716267081719876,1.0833333333333333,6.461538461538462,1,2,1,4,0.3016701934104168,0.6983298065895832,23.42,Low,23.83032929199153,45.56968302419641,22.15474,26.574261830078274,0.4103292919915269
23,19,1971.8915515770348,24,33,2,7,0.5454319675648494,0.1406974293068478,7,0.1464908060145329,Clothing,East,F,Growers,CUST_00798,103.78376587247551,1.9166666666666667,9.91304347826087,4,3,4,11,0.627958181061451,0.372041818938549,1184.3,High,1099.625477701337,1134.5523148269956,1134.3828,1116.9025078084042,84.67452229866285
80,98,6145.23003673601,12,60,4,9,0.7033325265134083,0.0287722057421439,4,0.0673617771202313,Electronics,West,M,Champions,CUST_00226,62.70642894628582,6.666666666666667,14.7,5,5,5,15,0.8932352624960156,0.1067647375039844,2657.11,Very High,3797.8094962550354,2578.1423026105786,2726.8503,3182.2082119047072,1140.6994962550352
28,9,487.15835990789486,75,55,1,5,0.404301446850536,0.2012210297814667,10,0.6914709267278363,Grocery,West,F,At-Risk,CUST_02075,54.12870665643276,2.333333333333333,3.8571428571428568,3,2,2,7,0.5148948587730237,0.4851051412269763,135.23,Low,148.71997247240864,125.06756721109954,141.69576,141.58829823807773,13.489972472408652
12,14,231.17724256149356,176,22,2,4,0.5673582105836201,0.2662441325614777,13,0.4076759564778872,Grocery,North,M,At-Risk,CUST_01800,16.512660182963824,1.0,14.0,2,3,2,7,0.4585263100561147,0.5414736899438852,177.84,Low,142.5515248837216,153.77734831356224,147.6259,146.2562532351462,35.28847511627839
23,2,35.76212408348464,348,28,1,6,0.3781210842726391,0.3187351841574248,2,0.8696962119750694,Grocery,North,F,Hibernating,CUST_02486,17.881062041742318,1.9166666666666667,1.0434782608695652,1,1,1,3,0.2215531064698226,0.7784468935301774,7.95,Low,11.500504921132048,27.240248106860342,8.065121,12.36132635069841,3.550504921132048
2,6,152.22173507530678,267,59,1,6,0.3540076280287498,0.4814478681819377,4,0.654507394724199,Pharmacy,West,M,Hibernating,CUST_02963,25.3702891792178,0.1666666666666666,36.0,1,2,1,4,0.2612190845568032,0.7387809154431968,373.43,Medium,391.47179880300047,94.69836378583348,461.6589,309.9305884161149,18.04179880300046
34,7,319.64933524443927,193,29,2,7,0.2185106042060996,0.1307912604247261,7,0.4835657893058472,Pharmacy,South,M,At-Risk,CUST_02278,45.66419074920561,2.833333333333333,2.4705882352941173,2,2,2,6,0.4066592886247503,0.5933407113752496,75.97,Low,73.50122751526581,74.8149452330449,74.03073,73.92115363114296,2.4687724847341883
39,12,391.4469856605365,145,29,2,4,0.2854226965982728,0.1486964953211642,5,0.3623012562367759,Pharmacy,North,F,At-Risk,CUST_02086,32.62058213837804,3.25,3.692307692307693,2,2,2,6,0.3810799236018954,0.6189200763981045,74.27,Low,67.62986186724885,56.96748394243456,71.49768,66.45135589178955,6.640138132751147
12,15,401.88257297656537,150,49,2,5,0.4463500524819359,0.1201831967108839,3,0.5536187069876994,Pharmacy,South,M,At-Risk,CUST_01694,26.792171531771025,1.0,15.0,2,3,2,7,0.5875960405136652,0.4124039594863348,345.93,Medium,238.6336504037733,220.37577604443754,334.68158,259.96255697500027,107.29634959622672
10,14,2500.0,62,49,2,6,0.7479011574128901,0.0785159029510067,2,0.1711744922218888,Sports,West,M,Growers,CUST_01046,178.57142857142858,0.8333333333333334,16.8,4,3,4,11,0.7475157828909322,0.2524842171090677,4922.83,Very High,3137.9226941345787,3776.010397447424,4621.7124,3657.3821653016957,1784.9073058654212
63,102,10289.676699363585,8,32,4,8,0.7997788516252193,0.0778525268598925,1,0.1441119454157033,Home,East,M,Champions,CUST_00470,100.87918332709395,5.25,19.428571428571427,5,5,5,15,0.95,0.05,16414.56,Very High,14244.460756664552,8383.149853710918,15565.58,13156.943695232141,2170.0992433354495
27,39,1525.578671506273,84,37,3,8,0.463896744128911,0.0900938735996359,2,0.1730442008455112,Sports,South,M,Growers,CUST_00955,39.11740183349418,2.25,17.333333333333332,3,4,4,11,0.7012023884559533,0.2987976115440467,784.42,Medium,828.9016566414418,968.325831482593,791.5123,843.3239845944015,44.48165664144187
12,2,62.73514254337634,251,73,1,4,0.2383056871286152,0.2142922830238214,17,0.7165320376875006,Grocery,West,F,Hibernating,CUST_02977,31.36757127168817,1.0,2.0,1,1,1,3,0.241118046955744,0.7588819530442559,38.91,Low,31.570863952579323,33.031301509947674,35.12665,32.89523721389457,7.3391360474206735
24,15,1835.4387660649256,38,38,3,6,0.8105361115285095,0.0903035488934685,4,0.2204768922090005,Tech,East,F,Growers,CUST_00640,122.3625844043284,2.0,7.5,4,3,4,11,0.704582503880057,0.2954174961199429,1378.77,High,1108.0763037585218,1410.3707363389806,1310.5352,1222.891741262534,270.69369624147816
10,1,36.53647060333565,228,31,2,2,0.4065391855324224,0.3998070325426276,5,0.6922293260098087,Pharmacy,South,F,Hibernating,CUST_02779,36.53647060333565,0.8333333333333334,1.2,1,1,1,3,0.2734795683716863,0.7265204316283137,15.68,Low,22.55963199529422,37.23285669428155,16.030085,22.54705754192759,6.879631995294222
16,25,1978.2056484588256,37,46,3,8,0.4488516055505375,0.0505634759861429,5,0.3201456107802416,Clothing,South,M,Growers,CUST_01219,79.12822593835303,1.3333333333333333,18.75,4,3,4,11,0.6963718967371862,0.3036281032628137,1465.39,High,1524.9101733464138,1662.9669083106612,1518.3109,1549.556000507394,59.520173346413685
15,32,2285.741281290624,71,31,2,6,0.5096328507962901,0.072278496420996,4,0.2406755013427668,Clothing,North,F,Growers,CUST_01159,71.429415040332,1.25,25.6,3,4,4,11,0.6301255329819603,0.3698744670180397,1233.71,High,1763.2890928009372,1509.8115865876587,2131.6409,1809.5157746860036,529.5790928009371
34,24,2202.0516544471798,76,26,3,8,0.7931411536451127,0.1121717185203842,6,0.1879762639396652,Tech,East,M,Growers,CUST_01416,91.75215226863249,2.833333333333333,8.470588235294118,3,3,4,10,0.500068923737303,0.4999310762626969,518.24,Medium,666.4160332251248,542.4991273507544,526.7025,595.9732685995102,148.1760332251248
23,6,142.49288989711118,309,31,1,2,0.1722410025120554,0.3014978810864899,12,0.5438508497832102,Grocery,South,F,Hibernating,CUST_02714,23.748814982851865,1.9166666666666667,3.130434782608696,1,2,1,4,0.3834155559782257,0.6165844440217743,35.19,Low,36.58063345286555,44.11471029086399,37.115635,38.14503139523477,1.3906334528655506
42,17,678.8625873953855,194,67,2,7,0.2991451186221214,0.2204182732939654,11,0.4515216461278288,Grocery,North,M,At-Risk,CUST_01528,39.933093376199146,3.5,4.857142857142857,2,3,3,8,0.523925223707543,0.476074776292457,126.2,Low,145.61193549493902,160.5780922631339,153.35272,150.81527266855193,19.411935494939016
6,7,78.15528284051418,280,53,1,1,0.4267584149087949,0.4490886948808819,7,0.9288828339360646,Grocery,South,F,Hibernating,CUST_02922,11.16504040578774,0.5,14.0,1,2,1,4,0.3272128425020871,0.672787157497913,95.77,Low,83.49528009634278,61.67261199942544,90.73476,80.58155530527202,12.274719903657214
8,50,800.0,75,49,2,9,0.5590553712041585,0.0713497393910995,4,0.2274442111758781,Clothing,North,F,Growers,CUST_01301,16.0,0.6666666666666666,75.0,3,4,3,10,0.774482392114579,0.2255176078854209,1431.37,High,1842.1589179779976,2567.607307532159,2106.8984,2049.5760118419325,410.7889179779977
6,1,114.1157852321096,261,38,1,2,0.1247487043566993,0.3080467068667317,7,0.5717466401272953,Grocery,North,M,Hibernating,CUST_02867,114.1157852321096,0.5,2.0,1,1,1,3,0.1174132528137022,0.8825867471862978,92.29,Low,88.52131514502602,47.78399763988011,100.44438,81.3165463278597,3.7686848549739835
27,18,462.6515830282368,151,67,1,6,0.4850645745254812,0.2739346264605015,5,0.5804953111616911,Clothing,North,F,At-Risk,CUST_01604,25.70286572379093,2.25,8.0,2,3,2,7,0.4820699392384096,0.5179300607615904,141.56,Low,152.66119935215866,110.36725489404184,147.18723,141.52033730008262,11.101199352158659
50,173,8128.189622013518,5,49,4,8,0.744563961970005,0.063009808479285,2,0.0569606107232473,Electronics,East,M,Champions,CUST_00161,46.983755040540565,4.166666666666667,41.52,5,5,5,15,0.95,0.05,13487.64,Very High,12075.56033784355,13269.40030332794,12931.833,12560.935270080854,1412.0796621564496
47,14,800.0,94,57,2,4,0.4221878484041356,0.275174811720089,11,0.4253122917556245,Clothing,North,M,At-Risk,CUST_01705,57.142857142857146,3.9166666666666665,3.5744680851063837,3,3,3,9,0.6371137616603507,0.3628862383396493,200.9,Medium,176.79026259916577,217.69228822838699,174.0206,183.4367434417612,24.109737400834234
24,27,1589.9152471383604,68,49,3,8,0.685941294133055,0.0557435194194943,1,0.238236723394473,Clothing,West,M,Growers,CUST_00957,58.88574989401335,2.0,13.5,3,3,4,10,0.5653679887449559,0.4346320112550441,458.0,Medium,688.3252144970829,677.325781670154,494.86,621.4543486066448,230.32521449708292
10,7,161.88246527088953,336,34,2,6,0.4917927314265851,0.4903316485789545,7,0.6004687071135847,Pharmacy,West,F,Hibernating,CUST_02916,23.126066467269933,0.8333333333333334,8.4,1,2,2,5,0.2399313128242605,0.7600686871757395,79.22,Low,102.01150925281593,83.08257020122664,90.45279,94.44280407215565,22.791509252815928
17,28,1112.235678236472,56,34,3,8,0.629302439836171,0.0760597886371776,6,0.1635631006536359,Clothing,South,M,Growers,CUST_00878,39.72270279415972,1.4166666666666667,19.76470588235294,4,4,3,11,0.7394825674501447,0.2605174325498552,1329.47,High,1084.5044945460359,943.0397405908844,1199.3057,1086.9312451209082,244.96550545396417
23,9,227.62420432131265,193,49,2,4,0.4371452837974072,0.1044442881520765,11,0.6160668548980881,Pharmacy,West,M,At-Risk,CUST_01920,25.29157825792363,1.9166666666666667,4.695652173913043,2,2,2,6,0.457470903813601,0.5425290961863989,64.02,Low,75.39370137758787,97.87997861432166,64.864914,75.93903332576889,11.373701377587878
46,9,213.49932414556687,186,26,2,4,0.3831496208689728,0.1803017800949017,7,0.6558296537905863,Grocery,North,F,At-Risk,CUST_01885,23.722147127285208,3.8333333333333335,2.347826086956521,2,2,2,6,0.3628733953098441,0.6371266046901558,39.29,Low,46.45816325379102,44.919304467183196,38.348446,43.56899411816326,7.168163253791022
40,15,293.61903433455194,88,30,2,6,0.2577122602754996,0.2092251904737869,11,0.4531872932763687,Pharmacy,West,M,At-Risk,CUST_02201,19.57460228897013,3.333333333333333,4.5,3,3,2,8,0.5723991257839094,0.4276008742160906,58.38,Low,69.78318316395995,103.57702003258778,59.591095,72.0423883435988,11.403183163959945
38,156,4691.377903938355,12,47,3,9,0.4668141979184328,0.0489928359292524,4,0.10609183678585,Luxury,East,F,Champions,CUST_00099,30.072935281656125,3.1666666666666665,49.26315789473684,5,5,5,15,0.95,0.05,8247.42,Very High,11025.120825173497,12506.805795383281,8917.214,10609.382598564789,2777.700825173497
22,3,47.46206997557574,350,23,1,6,0.3095438649633145,0.3478671707504596,11,0.911666908171313,Grocery,North,M,Hibernating,CUST_02828,15.82068999185858,1.8333333333333333,1.6363636363636365,1,1,1,3,0.165052729588255,0.834947270411745,9.41,Low,11.957287869045421,24.17346871927047,9.835975,13.025103545082725,2.5472878690454213
9,6,58.7261958842897,250,26,2,3,0.1127229468311771,0.2672201140745637,16,0.6665809215850418,Grocery,South,F,Hibernating,CUST_02558,9.787699314048284,0.75,8.0,1,2,1,4,0.2147525788622178,0.7852474211377821,41.34,Low,37.85091526304291,36.95980383089501,35.49502,36.95207582905261,3.4890847369570963
81,111,6215.490785407651,23,59,4,10,0.5211469027255676,0.0794807256841434,1,0.0514913233596672,Electronics,North,M,Champions,CUST_00254,55.995412481150005,6.75,16.444444444444443,5,5,5,15,0.9209149413137552,0.0790850586862449,3754.64,Very High,4701.468703571939,2894.50195618663,3879.8267,4027.8870105022775,946.8287035719391
80,162,12210.442338458137,13,36,4,10,0.7412799383861737,0.0254312202971793,4,0.0001415122901446,Home,South,F,Champions,CUST_00104,75.37310085467985,6.666666666666667,24.3,5,5,5,15,0.95,0.05,13502.74,Very High,12965.01908815864,8222.677264732989,13424.247,11960.710618034318,537.7209118413593
31,13,1665.1374876293112,54,44,3,6,0.6006985581563471,0.106776122548108,6,0.1372837769618844,Sports,North,F,Growers,CUST_01446,128.08749904840855,2.583333333333333,5.032258064516129,4,2,4,10,0.6248664215182611,0.3751335784817389,608.06,Medium,668.1161930659398,912.5287510847543,598.51215,688.0244508653523,60.05619306593985
29,17,1567.0348644503326,52,54,3,6,0.4158945747775688,0.0636365653851241,3,0.2465300872013742,Tech,East,M,Growers,CUST_01444,92.17852143825486,2.4166666666666665,7.03448275862069,4,3,4,11,0.6898877378074789,0.3101122621925211,725.88,Medium,786.3363480389036,1030.5970400512028,744.069,816.4122608445366,60.45634803890357
22,14,274.4228935751578,88,27,2,6,0.4384831850263481,0.1735051669281092,10,0.6157956707294561,Pharmacy,North,M,At-Risk,CUST_01649,19.60163525536841,1.8333333333333333,7.636363636363637,3,3,2,8,0.6215221351904534,0.3784778648095466,167.57,Low,161.44349806219705,180.6753424040716,157.1435,163.78808688626026,6.126501937802942
48,180,9522.561531347945,21,63,3,9,0.598040977619153,0.0156074008626721,4,0.0362488381228777,Electronics,East,F,Champions,CUST_00587,52.90311961859968,4.0,45.0,5,5,5,15,0.9193581236996182,0.0806418763003817,11600.08,Very High,11051.368708973203,16855.972876118718,9282.97,11412.104038044947,548.711291026797
8,39,2040.023114216879,74,25,3,7,0.5732504436828725,0.1236722426501396,5,0.2072619984930289,Clothing,South,M,Growers,CUST_00628,52.308284979919975,0.6666666666666666,58.5,3,4,4,11,0.6227348229515945,0.3772651770484054,2391.63,High,2706.7336078842072,2909.889273508885,2449.6196,2665.188948292294,315.1036078842071
43,12,213.9201225349124,84,63,2,7,0.4523240185066116,0.2532691450570856,3,0.5286063684094304,Clothing,West,F,At-Risk,CUST_01697,17.826676877909364,3.583333333333333,3.3488372093023253,3,2,2,7,0.612696795814712,0.3873032041852879,51.76,Low,63.01865857359722,92.91644817255252,51.70708,64.20221167188109,11.258658573597224
23,16,452.8562810810908,184,61,1,4,0.3095877385502411,0.1359029404567198,11,0.5173223706266618,Clothing,North,M,At-Risk,CUST_02102,28.30351756756817,1.9166666666666667,8.347826086956522,2,3,2,7,0.561639213606834,0.438360786393166,245.03,Medium,198.96205655883912,152.16873133255604,238.16924,199.04120372113408,46.06794344116088
31,5,237.2089765200172,106,66,2,7,0.4377091242397409,0.1558415077928537,3,0.4933839372119526,Grocery,West,F,At-Risk,CUST_02200,47.44179530400344,2.583333333333333,1.9354838709677415,3,1,2,6,0.4384485945949259,0.5615514054050741,60.04,Low,72.22005961871324,86.51707855736531,60.973747,71.17651890280446,12.180059618713237
56,148,9782.131744657474,20,56,4,9,0.7298973374058229,0.0320667604254615,4,0.1409886559328563,Luxury,South,F,Champions,CUST_00404,66.09548476119915,4.666666666666667,31.71428571428571,5,5,5,15,0.95,0.05,11703.0,Very High,12518.491776824387,11625.48949347089,12880.43,12440.488162399419,815.4917768243868
20,33,1671.731053991411,81,44,3,9,0.4976366666235804,0.1221205124961943,1,0.2050336385457751,Clothing,North,M,Growers,CUST_01155,50.65851678761852,1.6666666666666667,19.8,3,4,4,11,0.6880996904634774,0.3119003095365226,907.31,High,1040.2842850921643,1208.4749723652983,999.6097,1059.18946803586,132.97428509216434
14,9,422.5683753854696,192,23,2,7,0.2040693748184027,0.1846174739707808,11,0.5809911137841408,Pharmacy,North,F,At-Risk,CUST_02256,46.95204170949663,1.1666666666666667,7.7142857142857135,2,2,2,6,0.39991613414332,0.60008386585668,241.43,Medium,201.58643297763444,127.69888750570877,234.34598,192.52283478834144,39.84356702236556
29,5,640.5204555622005,104,32,1,5,0.2136066195384129,0.1733347942908399,9,0.3438656885971193,Pharmacy,West,M,At-Risk,CUST_01683,128.1040911124401,2.4166666666666665,2.0689655172413794,3,1,3,7,0.4657173056858262,0.5342826943141739,192.92,Low,180.78782465934566,255.81022170422176,191.29475,197.10484675690094,12.132175340654328
13,12,531.7748081431504,153,34,2,5,0.4416042117023631,0.1994796702672193,11,0.3698528813984077,Clothing,East,M,At-Risk,CUST_02057,44.31456734526253,1.0833333333333333,11.076923076923078,2,2,3,7,0.4201391383222546,0.5798608616777454,258.04,Medium,281.96899685216414,226.3263781482991,274.19836,267.5920816692357,23.92899685216412
9,7,58.931882803476704,246,44,2,5,0.2102945226542129,0.2388069098637066,3,0.8235077524264895,Pharmacy,East,M,Hibernating,CUST_02845,8.418840400496672,0.75,9.333333333333334,1,2,1,4,0.3262956900643901,0.6737043099356099,45.67,Low,38.661789735913764,49.657249142536045,41.62877,41.56232530240081,7.008210264086237
54,77,5610.513887492809,8,48,4,8,0.5291617972937877,0.0351035107367514,4,0.0231781244985778,Luxury,West,M,Champions,CUST_00453,72.86381672068583,4.5,17.11111111111111,5,5,5,15,0.95,0.05,11093.77,Very High,9732.577465894956,4978.981927802663,10368.935,8674.902450951642,1361.1925341050446
13,4,200.0,361,67,1,2,0.1814138871681709,0.4627594647743384,10,0.7155621250084259,Grocery,South,M,Hibernating,CUST_02302,50.0,1.0833333333333333,3.692307692307693,1,1,2,4,0.2396332533420042,0.7603667466579958,105.75,Low,85.62745020384246,76.8681786549414,101.34972,88.15090878640765,20.122549796157543
30,47,1022.8238352056992,62,28,3,9,0.4680682201752557,0.1037605706726413,6,0.1523570965347334,Clothing,West,F,Growers,CUST_01328,21.762209259695727,2.5,18.8,4,4,3,11,0.8151161373715637,0.1848838626284362,985.23,High,780.2302749011576,806.4774369169185,745.02167,774.6058743459427,204.99972509884242
38,5,800.0,79,23,1,5,0.4523710585993843,0.227535071495363,9,0.3760132319342186,Clothing,North,F,At-Risk,CUST_02050,160.0,3.1666666666666665,1.5789473684210529,3,1,3,7,0.402201136637284,0.597798863362716,160.76,Low,142.1137209008706,210.97811633758613,149.33484,156.11468725002246,18.6462790991294
16,41,1580.97016405792,63,28,3,9,0.561952658281601,0.1137626434946264,2,0.2631722598352314,Clothing,East,M,Growers,CUST_00881,38.56024790385171,1.3333333333333333,30.75,3,4,4,11,0.6628457913906864,0.3371542086093135,1198.54,High,1234.3983890594536,1411.123001327235,1149.5118,1241.067984695018,35.85838905945366
18,1,142.44425711146735,337,41,2,1,0.1594937332329525,0.4339488518549133,10,0.5173694629000126,Grocery,South,M,Hibernating,CUST_02919,142.44425711146735,1.5,0.6666666666666666,1,1,1,3,0.1943214128949184,0.8056785871050816,38.84,Low,38.53523947196003,57.47010337245528,39.54045,42.07700970481587,0.3047605280399708
15,30,2306.1427955427885,22,28,3,8,0.5140888585645855,0.0953156744305026,7,0.1891044637894469,Tech,East,F,Growers,CUST_00624,76.87142651809295,1.25,24.0,5,4,4,13,0.8460233648110023,0.1539766351889977,4182.7,Very High,3653.5432101785927,3732.1995106583554,4267.9585,3844.292742483265,529.1567898214071
7,5,39.15533197477171,197,72,1,6,0.2534749606553699,0.493994241912526,18,0.8506073036530661,Pharmacy,East,M,Hibernating,CUST_02394,7.831066394954343,0.5833333333333334,8.571428571428571,2,1,1,4,0.2979930497006522,0.7020069502993478,29.34,Low,31.21764000596569,49.61094331789792,29.855516,33.80932792502541,1.8776400059656915
19,7,120.900348453983,206,37,1,1,0.2443926116135436,0.2633372582647236,3,0.9486734393608348,Pharmacy,South,M,Hibernating,CUST_02773,17.271478350569,1.5833333333333333,4.421052631578948,1,2,1,4,0.3044455678982449,0.695554432101755,36.41,Low,35.69440260434384,33.697387941978356,37.58483,35.837002890365454,0.7155973956561539
19,7,613.0167341987989,199,43,2,7,0.3164712671601488,0.1589024510875533,5,0.6086232631261145,Grocery,South,M,At-Risk,CUST_01788,87.57381917125699,1.5833333333333333,4.421052631578948,2,2,3,7,0.2797740807696843,0.7202259192303156,227.81,Medium,187.4233892781501,176.33300642959534,205.52647,190.3454103690787,40.386610721849905
79,172,6876.600306121844,7,47,3,10,0.4058179492849306,0.0427376848739413,1,0.0119572609780927,Electronics,West,F,Champions,CUST_00263,39.98023433791769,6.583333333333333,26.126582278481013,5,5,5,15,0.95,0.05,5743.87,Very High,7012.843473769006,4560.070734963586,6265.835,6220.654888141383,1268.973473769006
22,15,483.602376906293,74,65,2,4,0.2760746107640771,0.1588935042314528,4,0.5172096917187983,Clothing,West,F,At-Risk,CUST_01635,32.24015846041953,1.8333333333333333,8.181818181818182,3,3,2,8,0.5412059897697703,0.4587940102302297,159.71,Low,197.34814243721885,165.2455977393643,185.2192,186.8760761063405,37.638142437218846
18,59,957.2626494117832,59,33,2,7,0.6874552941035531,0.095243449511755,6,0.310971241416408,Sports,West,M,Growers,CUST_01439,16.224790667996324,1.5,39.333333333333336,4,5,3,12,0.9249319662758348,0.0750680337241652,3370.21,Very High,3094.8812270383582,2139.391677873651,3233.1519,2912.526130601899,275.3287729616418
23,10,542.7785587129429,82,32,2,4,0.4760973720366775,0.1835634903562248,6,0.3486164277296776,Clothing,South,M,At-Risk,CUST_02199,54.277855871294285,1.9166666666666667,5.217391304347826,3,2,3,8,0.5318579871775497,0.4681420128224502,200.89,Medium,235.9663848464142,254.60287374995866,221.7596,235.16060438453763,35.076384846414214
29,12,200.0,166,56,2,6,0.3541935200201698,0.1037255377048784,12,0.4921472427028874,Clothing,West,M,At-Risk,CUST_01970,16.666666666666668,2.4166666666666665,4.965517241379311,2,2,2,6,0.3786830091167341,0.6213169908832659,34.92,Low,53.6419657007271,66.23514306015655,37.765503,50.38259994740456,18.721965700727097
11,1,84.76699434923712,253,66,2,5,0.3490686336514614,0.2034719619468376,11,0.5594389463065405,Grocery,North,F,Hibernating,CUST_02521,84.76699434923712,0.9166666666666666,1.090909090909091,1,1,1,3,0.2274511043560958,0.7725488956439042,41.51,Low,38.89008416829126,44.91481369694148,42.283817,41.045615434377645,2.619915831708738
47,7,346.62047099529127,145,41,1,4,0.5381448626322052,0.225574356187221,12,0.4593762779449226,Pharmacy,East,F,At-Risk,CUST_01803,49.51721014218447,3.9166666666666665,1.7872340425531916,2,2,2,6,0.429553346816753,0.5704466531832469,52.66,Low,55.99176974354068,54.35713332125897,52.34496,54.54805336889449,3.331769743540683
6,21,1396.715133593495,21,46,2,9,0.6729297005098811,0.144650242140321,7,0.3421657282866843,Clothing,South,M,Growers,CUST_00641,66.51024445683309,0.5,42.0,5,3,4,12,0.7885142080294116,0.2114857919705883,4333.53,Very High,3291.335652886026,4238.044529997251,4181.5503,3719.815040353162,1042.194347113974
15,1,73.59337073611535,333,68,1,6,0.2840701654603739,0.2625027093029143,2,0.7117516317802743,Pharmacy,West,M,Hibernating,CUST_02386,73.59337073611535,1.25,0.8,1,1,1,3,0.2767143487651829,0.7232856512348171,31.58,Low,31.482646318044175,49.647918533262,31.381344,34.46716648770303,0.09735368195582339
3,4,90.9481499356586,245,50,1,2,0.3360103886435451,0.406509816248609,7,0.5865089625562961,Pharmacy,East,M,Hibernating,CUST_02599,22.73703748391465,0.25,16.0,1,1,1,3,0.1637462531496749,0.836253746850325,124.66,Low,132.78603941977002,42.901504729646774,130.96577,105.62024695350408,8.126039419770024
20,3,88.1731319831636,195,74,1,2,0.4506443882191553,0.3781643711643416,10,0.7505667534145994,Grocery,North,F,Hibernating,CUST_02831,29.391043994387868,1.6666666666666667,1.7999999999999998,2,1,1,4,0.3735682851626583,0.6264317148373417,29.62,Low,29.243242114072665,44.361209391934956,30.044916,32.055845925970296,0.3767578859273364
35,8,583.6198173592816,120,47,1,4,0.3323033148801773,0.2822051474313231,5,0.5835691189559467,Clothing,East,M,At-Risk,CUST_01960,72.9524771699102,2.9166666666666665,2.742857142857143,2,2,3,7,0.3887400285408397,0.6112599714591602,111.0,Low,124.12242658689627,123.51963700560356,115.583954,121.37897674118585,13.122426586896268
71,40,7677.576031369656,23,52,4,8,0.3124858310585248,0.0669606340605559,2,0.1042455199682213,Luxury,South,M,Champions,CUST_00489,191.9394007842414,5.916666666666667,6.76056338028169,5,4,5,14,0.8578336823387016,0.1421663176612984,3212.79,Very High,3744.941188645558,4446.038222189358,3209.468,3700.3929842599414,532.1511886455582
19,7,294.9715403714283,142,30,2,7,0.4702839543215764,0.207079420204818,13,0.3823357147981104,Clothing,West,F,At-Risk,CUST_01844,42.138791481632616,1.5833333333333333,4.421052631578948,2,2,2,6,0.3824225762097809,0.6175774237902191,81.42,Low,94.91293894970254,90.6796366958444,90.5958,92.7466727684042,13.492938949702534
13,12,200.0,100,23,2,5,0.5463488193958363,0.1600622313845125,5,0.4863059693202065,Grocery,North,F,At-Risk,CUST_01735,16.666666666666668,1.0833333333333333,11.076923076923078,3,2,2,7,0.4450305386135338,0.5549694613864662,107.65,Low,129.42392585662668,143.32708806506437,137.61578,134.54766468273212,21.773925856626676
32,180,4817.393128398348,3,31,4,10,0.7015010359789186,0.0522470164550784,0,0.0653094485099627,Home,East,M,Champions,CUST_00147,26.7632951577686,2.6666666666666665,67.5,5,5,5,15,0.95,0.05,12683.21,Very High,13458.306488257298,21761.414620147116,12720.599,14567.516948769051,775.0964882572989
37,19,312.09822994815846,178,65,2,6,0.3469507546589538,0.1037222032712314,6,0.3467952942729551,Clothing,West,F,At-Risk,CUST_01535,16.426222628850446,3.083333333333333,6.162162162162162,2,3,2,7,0.4198615510962362,0.5801384489037638,66.23,Low,66.77737871129176,73.49487908977045,67.78542,68.37717500238472,0.5473787112917563
15,8,255.74715140795507,94,55,2,6,0.4841743232963477,0.2212498173588029,3,0.6777850030042163,Grocery,South,F,At-Risk,CUST_01987,31.968393925994384,1.25,6.4,3,2,2,7,0.5694804276884413,0.4305195723115587,219.41,Medium,171.20022093037477,178.53431665310356,200.1736,180.9355948635354,48.20977906962523
7,47,1039.53598061065,61,34,3,8,0.7424018478229282,0.1061672207099557,5,0.1463058327077344,Tech,East,F,Growers,CUST_01370,22.117786821503188,0.5833333333333334,80.57142857142857,4,4,3,11,0.753206639912677,0.246793360087323,2852.07,Very High,2381.252896311317,3667.2720062413423,2902.6377,2754.9354885943653,470.81710368868335
10,2,81.04134738463677,237,71,1,6,0.1453468264937933,0.2551599924343823,14,0.8241592178813941,Pharmacy,South,M,Hibernating,CUST_02451,40.52067369231838,0.8333333333333334,2.4,1,1,1,3,0.2418326685922977,0.7581673314077022,48.11,Low,41.18485821491394,36.190166156101625,47.33076,41.84804871372749,6.925141785086062
9,1,197.04223090074737,330,71,2,3,0.107719350160637,0.35315568431897,2,0.9419611566966904,Pharmacy,West,F,Hibernating,CUST_02937,197.04223090074737,0.75,1.3333333333333333,1,1,2,4,0.2012112930530234,0.7987887069469766,139.3,Low,98.21287454027286,163.29249640443356,128.70752,117.93156914853775,41.08712545972715
14,52,1332.3930284693604,68,29,3,7,0.4736822010774556,0.1346654913502294,4,0.1608635029929414,Sports,North,M,Growers,CUST_00660,25.622942855180007,1.1666666666666667,44.57142857142857,3,4,4,11,0.7135407641524798,0.2864592358475202,1333.21,High,1512.4370211690684,2033.7545113975327,1292.0914,1530.6988794574522,179.2270211690684
15,6,800.0,160,55,2,5,0.206184309881844,0.1305148917347219,12,0.6273035204141797,Pharmacy,South,M,At-Risk,CUST_01795,133.33333333333334,1.25,4.8,2,2,3,7,0.3704978314361318,0.6295021685638682,449.24,Medium,314.7163017368976,288.16070306177676,413.31085,335.5691422730334,134.5236982631024
13,5,62.41873237040442,318,18,1,2,0.3608793848768226,0.2072233004979484,11,0.9807165649639464,Grocery,North,M,Hibernating,CUST_02512,12.483746474080885,1.0833333333333333,4.615384615384616,1,1,1,3,0.2176404000166566,0.7823595999833434,30.49,Low,26.794638747384077,32.946698066405965,29.331163,28.69660369987026,3.695361252615921
75,141,8259.009661898317,2,39,3,10,0.462255900087671,0.031450297589236,1,0.1383967709405358,Electronics,North,M,Champions,CUST_00187,58.574536609207925,6.25,22.56,5,5,5,15,0.95,0.05,8651.66,Very High,9388.578872028813,5141.890775751038,8834.96,8173.1130657642125,736.918872028813
35,13,800.0,23,26,2,6,0.8779308401873691,0.098386135029062,5,0.2137337679493611,Sports,North,F,Growers,CUST_01148,61.53846153846154,2.9166666666666665,4.457142857142857,5,2,3,10,0.6271044465915335,0.3728955534084665,343.57,Medium,354.29646815494755,390.0881019736211,317.13156,349.3744614384053,10.726468154947554
21,37,2500.0,30,50,2,8,0.5969423174708085,0.1295641344885456,3,0.24563792409615,Tech,East,F,Growers,CUST_00609,67.56756756756756,1.75,21.142857142857142,4,4,4,12,0.7518749998533372,0.2481250001466628,2154.84,High,1958.4545402716349,1965.882834880724,2039.6733,1983.9766540375165,196.38545972836528
13,9,508.92794057691503,168,66,2,7,0.5840073672103422,0.1984831228257094,12,0.5311644690239424,Clothing,East,F,At-Risk,CUST_02192,56.54754895299056,1.0833333333333333,8.307692307692308,2,2,2,6,0.3729543944495097,0.6270456055504903,364.35,Medium,248.26861826079622,126.9061282886049,334.6243,237.48888413259084,116.0813817392038
47,19,200.0,178,66,1,7,0.257850357725412,0.2849849429428034,4,0.3976901334397512,Grocery,West,F,At-Risk,CUST_01931,10.526315789473683,3.9166666666666665,4.851063829787234,2,3,2,7,0.4622501740936775,0.5377498259063225,34.78,Low,45.9460878940512,60.64386873506029,33.781864,44.30890307640621,11.166087894051202
59,140,7395.983347513841,22,41,4,9,0.393861202846126,0.0484907993943343,1,0.0727526981286061,Luxury,East,M,Champions,CUST_00198,52.82845248224172,4.916666666666667,28.47457627118644,5,5,5,15,0.95,0.05,9678.69,Very High,10579.180338930857,7546.062557452975,10579.455,9888.025762185993,900.4903389308565
16,2,69.61883452974931,191,69,1,5,0.4924219353641239,0.4885033384096112,7,0.953125552298698,Pharmacy,South,M,Hibernating,CUST_02328,34.809417264874654,1.3333333333333333,1.5,2,1,1,4,0.3003507091923749,0.6996492908076251,23.28,Low,27.143124438831535,41.819367474030805,23.15738,28.236754212720246,3.863124438831534
75,123,15000.0,5,41,4,10,0.6498197848110608,0.0522205084086062,3,0.0305302310830344,Electronics,West,M,Champions,CUST_00294,121.95121951219512,6.25,19.68,5,5,5,15,0.95,0.05,15927.03,Very High,14435.100067430903,11941.081455872205,15468.3955,14189.019390836662,1491.9299325690972
33,48,2269.154488966795,30,48,3,6,0.6181249558549082,0.083898308933817,6,0.2186819463176208,Tech,East,F,Growers,CUST_00767,47.274051853474894,2.75,17.454545454545453,4,4,4,12,0.7754615087998481,0.2245384912001519,1180.57,High,1280.6249213087976,1357.3777795244287,1208.8439,1273.393254330248,100.0549213087977
30,65,6992.18048261711,24,41,4,10,0.5415904316568343,0.0381892604696192,1,0.0341222405540309,Electronics,East,F,Champions,CUST_00401,107.57200742487862,2.5,26.0,4,5,5,14,0.8747768458226467,0.1252231541773533,9459.75,Very High,8557.35809039482,8816.838456439033,9515.05,8887.014038238027,902.3919096051795
24,176,7689.812422764644,7,53,4,10,0.5795296424733011,0.0740542512762055,3,0.0491764256828727,Luxury,West,M,Champions,CUST_00123,43.69211603843548,2.0,88.0,5,5,5,15,0.95,0.05,26797.62,Very High,19072.196829784105,53034.381081468644,27452.506,26102.832359260057,7725.423170215894
74,180,15000.0,14,32,4,8,0.3155745463966955,0.0257022991197468,0,0.0354914674061261,Electronics,East,M,Champions,CUST_00203,83.33333333333333,6.166666666666667,29.18918918918919,5,5,5,15,0.94623352976402,0.05376647023598,12429.48,Very High,13980.454190897968,14666.192337965424,13385.292,13931.96868990295,1550.9741908979686
18,49,940.2297660327372,46,48,2,7,0.5152753245351834,0.0983248694044624,6,0.3007480044667882,Tech,South,M,Growers,CUST_00836,19.18836257209668,1.5,32.666666666666664,4,4,3,11,0.7593034444701341,0.2406965555298659,941.06,High,1046.6161783673451,1135.7051897772562,971.98596,1040.5081716368652,105.55617836734518
16,8,670.2090393881278,174,31,2,6,0.3374131778325966,0.2546332031714513,13,0.3231116768252437,Grocery,South,M,At-Risk,CUST_02295,83.77612992351598,1.3333333333333333,6.0,2,2,3,7,0.4383303455582105,0.5616696544417894,319.18,Medium,302.86229885875446,259.36411201697285,311.41437,296.08036142268753,16.31770114124555
34,42,800.0,88,28,3,9,0.5062073662616076,0.1476543106344564,5,0.268252275240763,Sports,East,M,Growers,CUST_01440,19.047619047619047,2.833333333333333,14.823529411764705,3,4,3,10,0.7092671551683456,0.2907328448316544,316.84,Medium,402.13681201303893,416.60768522435217,325.2055,380.00209341060344,85.29681201303896
44,17,287.0942839529446,111,52,1,7,0.3179425250800942,0.1440198775351102,12,0.5195095595731052,Pharmacy,South,M,At-Risk,CUST_01734,16.887899056055563,3.6666666666666665,4.636363636363637,3,3,2,8,0.59238312267299,0.40761687732701,69.98,Low,69.2496799939459,101.71335706540711,69.675606,74.93262900754613,0.7303200060541002
47,17,301.6828013407809,92,24,2,7,0.3168032197881826,0.1294200021006594,11,0.5671641204582707,Grocery,West,F,At-Risk,CUST_01696,17.746047137692994,3.9166666666666665,4.340425531914894,3,3,2,8,0.6001311408657549,0.3998688591342451,66.97,Low,71.52942256534713,94.67419325323237,66.21867,73.9312661632652,4.559422565347134
9,2,166.70947563811447,363,18,1,5,0.287041405807378,0.2370320029079292,10,0.6269535469315897,Pharmacy,East,M,Hibernating,CUST_02929,83.35473781905723,0.75,2.6666666666666665,1,1,2,4,0.1977219621712294,0.8022780378287705,106.64,Low,94.27771741154031,90.04975568366066,101.776276,95.58714553108628,12.362282588459692
44,19,368.4847538921072,187,48,1,7,0.2051094840016224,0.2243191541889395,11,0.6738275786841821,Clothing,West,M,At-Risk,CUST_01708,19.393934415374066,3.6666666666666665,5.181818181818182,2,3,2,7,0.4895434447634178,0.5104565552365822,75.11,Low,71.67202188941862,73.92483180343089,72.91936,72.49135564547696,3.4379781105813834
13,6,200.0,316,42,1,4,0.3244532225435693,0.279123858583048,17,0.4737173179492714,Grocery,North,F,Hibernating,CUST_02914,33.333333333333336,1.0833333333333333,5.538461538461539,1,2,2,5,0.3258552419353739,0.674144758064626,101.24,Low,97.15713771406506,89.19999386364589,104.26488,97.556968176987,4.082862285934937
35,58,2057.8507387162304,86,48,3,8,0.834481886424147,0.1159813320288059,3,0.1978192138517364,Sports,South,M,Growers,CUST_01154,35.48018515027984,2.9166666666666665,19.88571428571429,3,5,4,12,0.8221579992923963,0.1778420007076037,1142.74,High,1309.445923982287,1359.6114798535696,1208.3414,1287.9055782443788,166.705923982287
15,19,630.2597272681443,121,40,2,6,0.4528292442268143,0.2145247902585009,3,0.629441293286157,Pharmacy,East,M,At-Risk,CUST_01662,33.171564593060225,1.25,15.2,2,3,3,8,0.4214118513386392,0.5785881486613608,419.13,Medium,332.87993053721806,240.51001319531554,380.52292,324.71550332928956,86.25006946278194
3,3,66.73226790277795,325,26,2,1,0.4070537928624662,0.2160278382342649,10,0.8652637778360039,Grocery,South,F,Hibernating,CUST_02433,22.24408930092598,0.25,12.0,1,1,1,3,0.1934218907045378,0.8065781092954621,91.72,Low,110.13162410356892,48.07937710521015,95.49051,89.45738296673412,18.411624103568926
41,5,650.2528617683613,96,49,2,4,0.2077678784789579,0.2741804743267848,6,0.4674203900667106,Grocery,North,M,At-Risk,CUST_01760,130.0505723536723,3.4166666666666665,1.4634146341463414,3,1,3,7,0.3247090300329617,0.6752909699670382,96.75,Low,105.8319169333384,143.1857620032561,99.43291,110.35195289599675,9.081916933338405
18,42,1335.0151627433347,40,45,3,8,0.6035706922779558,0.1368504390596771,2,0.2572151463361255,Tech,West,M,Growers,CUST_00855,31.78607530341273,1.5,28.0,4,4,4,12,0.8317788601727854,0.1682211398272146,1571.4,High,1742.6333959494766,2194.154996823581,1618.5892,1784.8384862057258,171.23339594947652
34,13,653.1723458055052,116,69,2,6,0.429492617528876,0.1750529751471171,11,0.4653453583775778,Clothing,South,M,At-Risk,CUST_01590,50.244026600423474,2.833333333333333,4.588235294117647,2,2,3,7,0.4383833278425142,0.5616166721574858,152.47,Low,147.34417655874236,130.3668757524577,150.3729,144.66221269222652,5.125823441257637
20,6,575.451404038627,98,39,1,4,0.4343536520208436,0.1522777361602051,8,0.6703360433192416,Pharmacy,North,F,At-Risk,CUST_02268,95.90856733977115,1.6666666666666667,3.6,3,2,3,8,0.4694610551179152,0.5305389448820848,232.56,Medium,231.10031528202944,290.45093522229377,232.9137,242.48245008257203,1.4596847179705605
29,36,992.3856674013532,52,40,3,6,0.5690717691120981,0.0746521295839368,1,0.2680371717331017,Clothing,North,F,Growers,CUST_00642,27.56626853892648,2.4166666666666665,14.896551724137932,4,4,3,11,0.7941620522332643,0.2058379477667357,680.79,Medium,712.2003936653806,714.72735776183,710.51105,712.1975337406309,31.41039366538064
75,125,7433.924235780334,11,49,4,8,0.4445937231479749,0.0328756294100444,2,0.0901418226806578,Electronics,East,M,Champions,CUST_00002,59.47139388624267,6.25,20.0,5,5,5,15,0.8944279851438877,0.1055720148561123,4951.44,Very High,5033.591345040311,3877.5905191630977,4423.395,4595.9850800653,82.15134504031175
34,8,800.0,138,55,2,6,0.3754835605970102,0.1984274527312339,5,0.6267767994680083,Clothing,South,M,At-Risk,CUST_02161,100.0,2.833333333333333,2.8235294117647056,2,2,3,7,0.4486394907046013,0.5513605092953986,211.66,Medium,172.30806673347143,178.7015443158187,205.3605,182.95336838190076,39.35193326652856
13,57,1003.3529605733304,73,40,3,9,0.7860761657465578,0.0830962904358448,6,0.2879565971065633,Sports,West,M,Growers,CUST_00699,17.602683518830357,1.0833333333333333,52.61538461538462,3,5,3,11,0.8354836870125701,0.1645163129874298,1876.04,High,1981.9791975358294,2012.9796936957202,1964.8522,1982.971533818071,105.93919753582941
27,12,800.0,150,29,2,6,0.2555158534944057,0.1995240130649294,12,0.4435700191528476,Pharmacy,East,M,At-Risk,CUST_01637,66.66666666666667,2.25,5.333333333333333,2,2,3,7,0.4575042630868763,0.5424957369131237,258.8,Medium,221.77995889332254,188.3817120876916,234.89572,218.39246117314818,37.02004110667747
17,14,2050.922044543582,29,50,3,9,0.8419461187705525,0.0896606125350972,1,0.1244165795315307,Clothing,South,F,Growers,CUST_01292,146.49443175311302,1.4166666666666667,9.88235294117647,4,3,4,11,0.774327207016855,0.225672792983145,2839.23,Very High,1812.032337636341,2322.7011989676444,2688.1958,2143.497867854269,1027.197662363659
4,5,33.77559838536159,232,53,1,2,0.3868599532335243,0.3925854712712914,13,0.823715408978893,Grocery,South,F,Hibernating,CUST_02857,6.755119677072318,0.3333333333333333,15.0,1,1,1,3,0.1387945353511612,0.8612054646488387,48.58,Low,58.02256965402187,34.07989081558175,47.28849,49.08109661241883,9.442569654021874
6,1,165.07746022394255,269,72,2,4,0.2085845535596695,0.245011929287263,15,0.4621844850994335,Grocery,South,F,Hibernating,CUST_02490,165.07746022394255,0.5,2.0,1,1,2,4,0.2444022100819221,0.7555977899180779,149.84,Low,131.93768465761053,143.01194904854177,150.88066,139.59002898421465,17.90231534238947
15,14,518.1412321530474,175,38,1,7,0.2145757944413576,0.1123499408335555,5,0.5232556395168076,Clothing,West,M,At-Risk,CUST_01521,37.01008801093196,1.25,11.2,2,3,2,7,0.5739652222209229,0.426034777779077,268.26,Medium,287.32579436526134,205.6417440142878,296.61914,271.32256380819916,19.065794365261354
12,9,313.68815508730586,172,26,1,7,0.3696883687810964,0.2665432582875121,14,0.6769805778936263,Grocery,West,M,At-Risk,CUST_01854,34.854239454145095,1.0,9.0,2,2,2,6,0.3252711064485382,0.6747288935514618,170.84,Low,158.98948495891912,101.87565720880205,175.89505,149.94647114903182,11.850515041080882
16,20,1070.6092874956942,53,35,3,7,0.4423135977600452,0.100525539025091,7,0.1365226749432715,Clothing,West,M,Growers,CUST_01137,53.53046437478471,1.3333333333333333,15.0,4,3,3,10,0.6914394394077142,0.3085605605922857,1006.88,High,886.7144133206762,748.7122642951432,924.8841,868.125725268872,120.16558667932384
4,5,43.42756126615432,360,28,2,2,0.3399645050495659,0.3166708921674495,3,0.8652503412221237,Pharmacy,North,M,Hibernating,CUST_02899,8.685512253230865,0.3333333333333333,15.0,1,1,1,3,0.1818299008385288,0.8181700991614712,49.66,Low,65.11224870166932,48.597632882743056,50.45283,56.896987618752505,15.452248701669319
29,11,572.2369709062398,196,68,2,7,0.4965201713106503,0.2014648298361905,3,0.547495256487053,Clothing,West,F,At-Risk,CUST_01632,52.021542809658165,2.4166666666666665,4.551724137931035,2,2,3,7,0.4427730932095749,0.5572269067904251,149.23,Low,162.146605016729,169.6870206179524,154.14641,161.16295344436614,12.916605016729022
33,10,250.51179813994312,135,65,2,4,0.559120147878641,0.1942255769993909,12,0.4599335990570599,Clothing,West,F,At-Risk,CUST_01999,25.051179813994317,2.75,3.636363636363636,2,2,2,6,0.280302946682796,0.719697053317204,43.75,Low,53.812788964033956,46.91282618109699,43.83894,49.23749002060434,10.062788964033956
9,49,2225.5108660484034,21,28,2,7,0.5111455269147773,0.1323095580295633,3,0.1496001823114291,Tech,West,F,Growers,CUST_00664,45.41858910302864,0.75,65.33333333333333,5,4,4,13,0.95,0.05,25578.07,Very High,10921.037935915754,10345.890727243936,23970.512,13676.997078384018,14657.032064084246
21,59,1276.6700160384116,30,49,2,7,0.5411830337760286,0.1372146859858874,5,0.1745493245377323,Tech,East,F,Growers,CUST_00684,21.63847484810867,1.75,33.714285714285715,4,5,4,13,0.8943731467902704,0.1056268532097296,3192.27,Very High,3005.761784873885,2810.7722275546857,2524.012,2814.299542660729,186.50821512611492
23,51,886.7298452031552,74,54,2,7,0.4692213172327702,0.0706338878582088,4,0.1173979618490772,Sports,West,M,Growers,CUST_01258,17.38685970986579,1.9166666666666667,26.60869565217391,3,4,3,10,0.7458047201008573,0.2541952798991427,759.81,Medium,690.8906963608143,717.8484247520108,706.29285,700.8204475527751,68.91930363918561
55,161,5007.337505403829,21,52,3,9,0.743046717656604,0.0157119104003386,1,0.1147974449288079,Home,East,F,Champions,CUST_00318,31.101475188843654,4.583333333333333,35.12727272727273,5,5,5,15,0.95,0.05,7550.05,Very High,7744.748446324524,7161.084237560832,7833.605,7650.467739226716,194.6984463245235
29,37,2500.0,29,53,3,7,0.6664451641957994,0.060434661332556,5,0.3360435908764154,Clothing,North,M,Growers,CUST_00649,67.56756756756756,2.4166666666666665,15.310344827586208,4,4,4,12,0.8246062525489838,0.1753937474510162,2452.13,High,1998.8511181334263,1743.271519477525,2292.2117,2026.472312433447,453.2788818665738
15,24,823.5453603868971,78,48,2,8,0.6017947353825739,0.0619940183857535,1,0.2901255011043099,Clothing,East,F,Growers,CUST_01435,34.31439001612071,1.25,19.2,3,3,3,9,0.4839290870691924,0.5160709129308075,492.49,Medium,593.329498469826,375.8864375458743,479.64706,508.10064999091503,100.83949846982603
25,35,1311.8325409145066,56,45,2,9,0.459336246035902,0.1115904733666576,3,0.2552185468892003,Clothing,East,F,Growers,CUST_01480,37.48092974041448,2.083333333333333,16.799999999999997,4,4,4,12,0.7807558813599645,0.2192441186400354,993.99,High,1111.0133329443663,1395.5694899818488,1039.1003,1139.7491831784123,117.0233329443663
30,15,1294.2769522135509,37,36,3,9,0.5309646224241145,0.0729587308892516,5,0.260700877195719,Sports,West,F,Growers,CUST_00710,86.28513014757004,2.5,6.0,4,3,4,11,0.7423880605671839,0.2576119394328161,962.71,High,849.0715726324737,1015.4884810247815,876.3496,888.4060595081419,113.63842736752633
17,28,1321.157846403722,53,44,3,8,0.6010042358254307,0.1265068574377037,6,0.2753744751414458,Sports,North,F,Growers,CUST_01283,47.18420880013293,1.4166666666666667,19.76470588235294,4,4,4,12,0.8144366173356847,0.1855633826643152,1574.65,High,1553.2174007790798,1938.3912049994033,1549.6261,1622.4584608248026,21.432599220920338
40,13,698.8882183180168,198,28,2,5,0.4718806081484728,0.2312496556274229,8,0.426584989731057,Grocery,East,F,At-Risk,CUST_01769,53.76063217830899,3.333333333333333,3.9,2,2,3,7,0.3181579453636621,0.6818420546363378,117.83,Low,118.41874527096759,101.83837080411396,115.69803,114.1029274596158,0.5887452709675927
14,35,1797.659862802014,17,43,3,7,0.8058567988604171,0.1121074088470433,6,0.3121840819384919,Clothing,East,M,Growers,CUST_00973,51.36171036577183,1.1666666666666667,30.0,5,4,4,13,0.9030712446938308,0.0969287553061692,6310.57,Very High,5605.412005419983,4054.03149390456,5750.89,5294.226285768546,705.1579945800167
23,5,141.3172582006604,362,44,1,3,0.2447875930142983,0.3273426683212121,16,0.4656071243881018,Grocery,South,M,Hibernating,CUST_02676,28.26345164013208,1.9166666666666667,2.608695652173913,1,1,1,3,0.1590628837069247,0.8409371162930752,29.39,Low,33.023979865647,26.348611672966033,30.230785,30.743477995909874,3.6339798656469995
3,2,106.13858182595872,311,47,1,5,0.1575161903362932,0.2644545528560804,3,0.6800235309529585,Pharmacy,West,M,Hibernating,CUST_02681,53.06929091297936,0.25,8.0,1,1,1,3,0.1547290374413281,0.8452709625586718,191.17,Low,155.15255636484937,48.1891846617095,185.86363,129.79946294299992,36.01744363515061
30,57,1015.0115582528496,27,32,3,8,0.8283265079031561,0.1293170819994041,5,0.2896684711716952,Sports,East,M,Growers,CUST_01307,17.80722032022543,2.5,22.8,4,5,3,12,0.8239652863341641,0.1760347136658359,930.24,High,1014.3251651417502,931.3264954584295,946.24304,976.585215957186,84.08516514175017
17,42,919.1371330090686,48,47,3,8,0.7378726275820917,0.1211607727605029,2,0.1931167369564183,Sports,East,M,Growers,CUST_01401,21.88421745259687,1.4166666666666667,29.64705882352941,4,4,3,11,0.8309351310953565,0.1690648689046434,1393.36,High,1332.4956372160884,1297.4229246423247,1318.8453,1321.3181742077588,60.864362783911474
20,54,800.0,53,42,3,6,0.5262975465595667,0.1064999971181915,7,0.1375864686829416,Tech,West,M,Growers,CUST_01409,14.814814814814817,1.6666666666666667,32.4,4,4,3,11,0.8556507221967818,0.1443492778032181,1249.32,High,1211.4422556477898,1342.5910812643463,897.68054,1130.2683065213387,37.87774435221013
43,8,280.5834420276471,92,31,2,5,0.4568744224139184,0.1335908408734828,5,0.6890988121686169,Pharmacy,East,M,At-Risk,CUST_02238,35.07293025345589,3.583333333333333,2.232558139534884,3,2,2,7,0.6060071567081422,0.3939928432918578,70.67,Low,74.84226996801402,98.4836771049921,69.40873,77.30580950003369,4.172269968014021
7,47,2221.611415783051,18,46,3,8,0.6122806191032786,0.0776136416303193,2,0.3298574001396018,Sports,East,M,Growers,CUST_01497,47.26832799538407,0.5833333333333334,80.57142857142857,5,4,4,13,0.8262975804128536,0.1737024195871463,8649.03,Very High,5075.679604379256,10918.817051662569,8217.257,6836.020902707902,3573.350395620745
42,18,800.0,99,37,2,7,0.481725611031615,0.2836023121930884,4,0.3032650845828864,Clothing,North,M,At-Risk,CUST_02039,44.44444444444444,3.5,5.142857142857143,3,3,3,9,0.6383686080613238,0.3616313919386762,213.75,Medium,205.4046536649197,242.81278240262796,203.61649,211.83999186893993,8.345346335080308
42,14,786.6137157386919,165,30,2,4,0.2744928819056855,0.1298602398287082,11,0.4446711540130105,Pharmacy,East,M,At-Risk,CUST_01530,56.18669398133513,3.5,4.0,2,3,3,8,0.5416585685210454,0.4583414314789545,163.78,Low,153.6551294409955,170.98981163488108,163.00867,159.78398765250964,10.124870559004506
21,16,495.53945588093626,128,24,2,7,0.3258994797833851,0.2471433694209875,12,0.4867709552961298,Grocery,South,F,At-Risk,CUST_01664,30.97121599255852,1.75,9.142857142857142,2,3,2,7,0.4709747661390996,0.5290252338609004,187.92,Low,188.51376489921356,122.97869300082813,184.65999,172.0235865935457,0.5937648992135678
26,32,1803.1665799002876,47,44,3,8,0.600667971549713,0.105355879383726,7,0.1543116431202201,Clothing,West,M,Growers,CUST_01355,56.34895562188398,2.1666666666666665,14.76923076923077,4,4,4,12,0.7541210807295335,0.2458789192704664,1414.81,High,1308.3523600065803,1401.7473398852187,1286.0452,1319.694515014131,106.45763999341966
18,6,45.74265118551271,361,62,1,5,0.1278783118276583,0.2596462072552262,13,0.8732678989702367,Grocery,West,F,Hibernating,CUST_02925,7.623775197585451,1.5,4.0,1,2,1,4,0.2457128839516534,0.7542871160483465,10.89,Low,13.610542181450894,35.86464896566194,11.511593,15.782203668305943,2.7205421814508934
22,3,64.33610473939659,331,52,1,6,0.2002025421247332,0.4526525343633368,5,0.4790347584166323,Pharmacy,South,F,Hibernating,CUST_02945,21.44536824646553,1.8333333333333333,1.6363636363636365,1,1,1,3,0.1736323378269892,0.8263676621730107,12.97,Low,16.64868942504897,25.162578443468163,12.940796,16.79010928931905,3.6786894250489706
44,9,406.1007664161386,118,56,1,4,0.2295721563032626,0.1689167589319264,13,0.5390573386653533,Clothing,West,F,At-Risk,CUST_01644,45.12230737957096,3.6666666666666665,2.4545454545454546,2,2,2,6,0.4101310797927975,0.5898689202072025,92.45,Low,76.86552519760102,52.84340953518455,86.902245,74.00653674893786,15.584474802398987
19,25,1374.9572988391844,41,26,2,8,0.8961242895777877,0.0810912028862178,5,0.1257021404339635,Tech,North,F,Growers,CUST_01052,54.998291953567374,1.5833333333333333,15.789473684210527,4,3,4,11,0.7680056005253406,0.2319943994746593,1365.32,High,1179.5158764876835,1437.0581977737043,1261.925,1252.1543395603592,185.80412351231644
10,41,2500.0,35,41,3,9,0.6902596383381852,0.089939534804355,2,0.2972684957204233,Sports,West,M,Growers,CUST_00796,60.97560975609756,0.8333333333333334,49.2,4,4,4,12,0.8552669169005058,0.1447330830994941,6825.04,Very High,5110.436606001194,5276.580716374762,6933.644,5636.229543645041,1714.6033939988056
3,2,102.18361711499948,338,65,1,2,0.1348026348224241,0.2987533067603364,9,0.9627633639088324,Grocery,East,F,Hibernating,CUST_02694,51.09180855749974,0.25,8.0,1,1,1,3,0.1192291527865668,0.8807708472134331,182.99,Low,145.66199065941288,45.201064152103044,178.89009,122.76315475765607,37.32800934058713
12,10,442.12345497092224,157,52,2,6,0.5193400692624257,0.1425384121540259,13,0.6335797023785255,Pharmacy,East,M,At-Risk,CUST_01598,44.21234549709222,1.0,10.0,2,2,2,6,0.3605578375699744,0.6394421624300256,215.11,Medium,212.18197597428102,118.2687707082367,223.41039,191.74960568359376,2.9280240257189973
2,6,68.06400498824696,204,52,1,1,0.1878551965739618,0.2697103172718946,8,0.9911015986309214,Pharmacy,East,F,Hibernating,CUST_02605,11.344000831374494,0.1666666666666666,36.0,2,2,1,5,0.4649820187154735,0.5350179812845264,194.89,Low,171.58023990927563,156.4897623619757,202.48325,177.0346898243848,23.309760090724353
2,7,162.7073480584617,208,51,1,5,0.4390530793542851,0.2643824575195105,14,0.4159601382778032,Grocery,South,F,Hibernating,CUST_02730,23.243906865494527,0.1666666666666666,42.0,1,2,2,5,0.2634453583702466,0.7365546416297535,489.25,Medium,368.2973947238573,154.91747666774003,479.9185,335.42522838545403,120.95260527614272
22,4,68.44098630244076,351,39,1,5,0.1145258957342941,0.3934170468886097,19,0.5168421136017726,Grocery,West,F,Hibernating,CUST_02626,17.11024657561019,1.8333333333333333,2.181818181818182,1,1,1,3,0.1971542918294912,0.8028457081705088,14.58,Low,16.670747933200474,26.426848495737147,14.033343,17.381431412151404,2.0907479332004737
17,7,305.81895592871814,168,68,2,6,0.5629060322377908,0.17826280869136,11,0.6006967518023771,Grocery,South,F,At-Risk,CUST_01820,43.68842227553116,1.4166666666666667,4.941176470588235,2,2,2,6,0.3147355532692957,0.6852644467307043,111.95,Low,98.09990533693617,86.61315495598829,106.48973,98.07420368125722,13.850094663063828
21,7,493.17719826528753,126,29,1,7,0.5385372235500794,0.2559182192015088,4,0.6921919396042188,Grocery,South,F,At-Risk,CUST_01723,70.45388546646964,1.75,4.0,2,2,2,6,0.4576516707756474,0.5423483292243525,191.08,Low,165.158058304247,119.94310928761493,192.33562,162.1813595314467,25.92194169575302
7,14,1035.3489470141226,16,42,3,7,0.6889748704239215,0.1291964991964602,2,0.1928069119393576,Tech,North,F,Growers,CUST_01184,73.95349621529446,0.5833333333333334,24.0,5,3,3,11,0.7043625897074306,0.2956374102925694,2146.53,High,1953.2336121300095,1480.6625822923472,2110.9226,1891.5246559086925,193.29638786999067
11,2,90.90427581905789,362,62,1,3,0.4208130924265473,0.3818503104005286,6,0.7879469682746901,Pharmacy,East,F,Hibernating,CUST_02573,45.452137909528936,0.9166666666666666,2.181818181818182,1,1,1,3,0.117859470960669,0.8821405290393309,30.45,Low,34.338067171604976,34.365686051895395,32.302174,33.719992555626916,3.888067171604977
11,50,2500.0,21,25,3,9,0.8434935347616599,0.0585466801487481,5,0.2244845133489015,Clothing,East,F,Growers,CUST_01060,50.0,0.9166666666666666,54.54545454545455,5,4,4,13,0.95,0.05,19166.32,Very High,9493.519181322554,8578.412626627616,14125.141,10480.78094428237,9672.800818677446
83,77,11261.633615886769,12,44,4,8,0.4716933510888221,0.0506451658136743,1,0.0579431557718317,Luxury,West,M,Champions,CUST_00541,146.25498202450348,6.916666666666667,11.132530120481928,5,5,5,15,0.95,0.05,12183.32,Very High,12967.739058904177,6017.2294238851655,13175.256,11174.843102362924,784.4190589041773
33,12,689.9100577719456,105,29,2,6,0.2542526423377106,0.1988926653002378,11,0.373457539947359,Pharmacy,North,F,At-Risk,CUST_01679,57.4925048143288,2.75,4.363636363636363,3,2,3,8,0.4854694457637543,0.5145305542362457,138.33,Low,162.03591042507276,194.63634113456325,148.28148,163.6771451850285,23.705910425072744
9,3,111.9126958483102,180,33,1,4,0.1940293642256341,0.2442309308967596,5,0.605640561920426,Grocery,East,F,Hibernating,CUST_02797,37.30423194943673,0.75,4.0,2,1,1,4,0.2976568594068587,0.7023431405931413,59.21,Low,61.200913357580745,51.23265352537364,66.31885,60.50746661651063,1.9909133575807445
18,3,80.23360541137684,190,44,2,2,0.3642429327243911,0.3981105168912161,3,0.9045539568780756,Pharmacy,South,F,Hibernating,CUST_02956,26.744535137125613,1.5,2.0,2,1,1,4,0.3454139779891494,0.6545860220108506,24.36,Low,26.53137419826481,43.36184422652876,25.144945,28.821687407847637,2.171374198264811
12,5,200.0,202,57,1,3,0.3299413251736391,0.2544567900361874,4,0.438862816289702,Pharmacy,North,F,Hibernating,CUST_02533,40.0,1.0,5.0,2,1,2,5,0.3144723907348691,0.6855276092651309,114.21,Low,102.84752256152154,90.37592496659967,108.05892,101.7218451409716,11.36247743847845
18,6,412.54288232772245,164,46,2,4,0.4182367077138814,0.2704277800519116,11,0.5222046824289608,Grocery,East,M,At-Risk,CUST_01758,68.7571470546204,1.5,4.0,2,2,2,6,0.3813390910311668,0.6186609089688332,115.3,Low,129.68385678030108,111.7146284473737,132.35597,126.6470592371453,14.383856780301087
47,5,646.4279016018036,159,53,2,6,0.5343684344748629,0.1953327999239148,5,0.5137519261373037,Pharmacy,West,F,At-Risk,CUST_01924,129.2855803203607,3.9166666666666665,1.2765957446808511,2,1,3,6,0.2757273189307153,0.7242726810692847,90.33,Low,91.6344095199589,96.44592286385314,84.175354,90.250052732934,1.3044095199588952
37,122,8867.836331563702,12,35,4,9,0.7106941814503471,0.0393428013131485,2,0.071265051103758,Home,East,F,Champions,CUST_00096,72.68718304560412,3.083333333333333,39.567567567567565,5,5,5,15,0.9216601021257508,0.0783398978742492,13627.69,Very High,14116.479530943436,16382.337730599402,13755.481,14430.494071821004,488.78953094343524
13,25,977.7865206830712,69,47,2,6,0.6523212188295282,0.1116738080574902,3,0.2616493209506175,Sports,South,M,Growers,CUST_01021,39.11146082732285,1.0833333333333333,23.07692307692308,3,3,3,9,0.611647088606011,0.388352911393989,782.62,Medium,830.8679514817454,576.840572482848,875.10254,784.5164865115179,48.24795148174542
40,107,13533.965810149111,21,50,4,10,0.3278027608402303,0.067843856766513,4,0.0045530708299506,Electronics,North,M,Champions,CUST_00564,126.48566177709452,3.333333333333333,32.1,5,5,5,15,0.95,0.05,22760.93,Very High,25178.099334843868,27898.850687023427,24448.904,25474.556520291866,2417.1693348438675
23,6,200.0,181,30,1,4,0.1797437878312099,0.4686055601636785,8,0.4401421774074743,Grocery,East,M,Hibernating,CUST_02791,33.333333333333336,1.9166666666666667,3.130434782608696,2,2,2,6,0.378107691044366,0.6218923089556341,52.11,Low,63.24990397637882,80.77165965290635,54.024925,63.36128020542468,11.139903976378818
21,46,1549.5716374729775,88,42,3,9,0.844592849920438,0.0951732584876041,1,0.1029066503213416,Clothing,North,F,Growers,CUST_00864,33.68633994506473,1.75,26.285714285714285,3,4,4,11,0.6499092602218806,0.3500907397781194,995.4,High,995.1748076408786,1171.5729787563657,928.6094,1007.0588886332133,0.22519235912136537
29,42,2135.7084004764592,84,27,2,9,0.5446412122209815,0.1376833028946372,5,0.2679890351237279,Clothing,South,F,Growers,CUST_01485,50.85020001134427,2.4166666666666665,17.379310344827587,3,4,4,11,0.6549734573353284,0.3450265426646716,1082.45,High,1048.7974253399327,943.5062568240049,1056.1619,1028.9976467537672,33.65257466006733
38,14,339.82042091627824,169,29,1,6,0.3532945377636554,0.1967583812259435,5,0.4941879283142856,Grocery,East,F,At-Risk,CUST_01882,24.272887208305587,3.1666666666666665,4.421052631578948,2,3,2,7,0.530918846025335,0.469081153974665,68.59,Low,72.53179081732281,90.25450979984561,71.592186,75.48132983587472,3.9417908173228113
19,46,1322.12353694635,60,40,2,8,0.5903477678386719,0.1255927344997237,1,0.2499215785570148,Clothing,West,M,Growers,CUST_01039,28.741816020572827,1.5833333333333333,29.05263157894737,4,4,4,12,0.8440831824204524,0.1559168175795475,2224.64,High,1912.0045182189263,2309.4013232020275,1658.5422,1902.6714615864107,312.6354817810736
65,121,7191.606702579726,29,30,4,8,0.4216983416092652,0.0166752644891102,3,0.01592405303212,Luxury,North,F,Champions,CUST_00207,59.43476613702253,5.416666666666667,22.338461538461537,4,5,5,14,0.8836441921854692,0.1163558078145308,4426.44,Very High,5112.695123261441,3784.5355653398733,4832.2363,4733.392886642033,686.2551232614414
27,73,9794.666331830049,25,30,3,10,0.7200540392196,0.0410872489834633,4,0.0704110262983887,Electronics,North,F,Champions,CUST_00393,134.17351139493215,2.25,32.44444444444444,4,5,5,14,0.8783760213376811,0.1216239786623188,12514.42,Very High,9094.268130797676,16249.44413730939,14447.946,11735.314429485801,3420.1518692023237
9,7,66.54406480933513,284,39,1,1,0.3714495426961114,0.4975266948513627,9,0.7309465014150733,Pharmacy,South,M,Hibernating,CUST_02843,9.50629497276216,0.75,9.333333333333334,1,2,1,4,0.2573175976692898,0.7426824023307101,37.43,Low,39.856518531191696,44.8138903047518,37.950115,40.20811509081873,2.4265185311916966
27,38,1483.621046823195,56,26,2,8,0.8840790831137582,0.0619956207748191,7,0.1729146926252342,Clothing,East,F,Growers,CUST_00871,39.04265912692618,2.25,16.88888888888889,4,4,4,12,0.8468410021787129,0.153158997821287,1380.99,High,1504.6020864381612,1597.284453713516,1426.1339,1498.4271005314145,123.61208643816121
43,81,6617.85841343133,19,54,4,9,0.5446962687032944,0.066873167473092,0,0.0446789097585316,Luxury,South,M,Champions,CUST_00398,81.70195572137445,3.583333333333333,22.60465116279069,5,5,5,15,0.95,0.05,16993.43,Very High,13717.732312632039,8387.189873366893,14242.643,12573.101430172059,3275.6976873679614
3,4,49.406535239503214,235,32,2,6,0.2582808579336126,0.3108657262018463,18,0.9162499669488072,Grocery,North,F,Hibernating,CUST_02815,12.351633809875803,0.25,16.0,1,1,1,3,0.2183950489663632,0.7816049510336367,90.9,Low,94.20137285149052,44.078422133096126,85.65908,78.70023022770975,3.3013728514905125
10,7,87.88897503611545,357,49,2,2,0.3877291277244568,0.3575777341239775,10,0.6914524017942563,Pharmacy,North,F,Hibernating,CUST_02883,12.555567862302208,0.8333333333333334,8.4,1,2,1,4,0.3179235065046731,0.6820764934953268,66.07,Low,48.40402140754561,57.37171485384196,58.532284,53.01911282925825,17.66597859245438
13,52,1556.693317154448,76,50,3,9,0.5260711303323262,0.1233558352935506,3,0.3409883563470717,Sports,East,M,Growers,CUST_01029,29.93640994527785,1.0833333333333333,48.0,3,4,4,11,0.6846149189733031,0.3153850810266969,1653.5,High,1642.883374403484,2202.2452904614297,1587.7036,1724.2854568176504,10.616625596516087
10,5,36.63685373143662,333,59,1,1,0.3483031367133575,0.3268121067591003,11,0.8656576083034291,Pharmacy,North,M,Hibernating,CUST_02691,7.327370746287324,0.8333333333333334,6.0,1,1,1,3,0.1417319950078289,0.858268004992171,16.75,Low,19.459896947158946,30.211419022847263,16.934301,20.400296265050372,2.7098969471589456
11,43,800.0,40,41,2,8,0.8248376537005624,0.1319517604750586,1,0.1248653993630474,Tech,West,F,Growers,CUST_01486,18.6046511627907,0.9166666666666666,46.909090909090914,4,4,3,11,0.7501933422157041,0.2498066577842959,1334.73,High,1531.6485515877616,1630.3532139929353,1349.6962,1493.163961420485,196.9185515877616
2,2,38.96788672890713,255,36,1,6,0.3915569504598998,0.2214320901826471,7,0.837896987737138,Pharmacy,South,M,Hibernating,CUST_02661,19.48394336445357,0.1666666666666666,12.0,1,1,1,3,0.2563942766323726,0.7436057233676274,152.11,Low,144.09189187279165,49.43374281923201,141.82196,115.89726394679997,8.018108127208365
9,17,2392.1600410656274,47,25,3,9,0.411643539721291,0.0883581252543257,4,0.3407786648462199,Sports,West,M,Growers,CUST_00961,140.7152965332722,0.75,22.666666666666668,4,3,4,11,0.6637157842574714,0.3362842157425286,3013.91,Very High,2950.5413860856543,2816.850367012664,3814.0676,3157.3392320648654,63.36861391434559
34,18,327.30167633775085,76,61,1,6,0.5669625833476754,0.2275306567763795,12,0.4349201991360088,Clothing,North,F,At-Risk,CUST_01571,18.18342646320838,2.833333333333333,6.352941176470588,3,3,2,8,0.5794818840125825,0.4205181159874175,110.27,Low,103.11594554615586,121.62594766985552,105.62218,107.35011306714317,7.1540544538441395
11,2,43.692289090563335,198,52,1,5,0.3652284447656903,0.3400470633221958,9,0.5658035759778121,Grocery,West,M,Hibernating,CUST_02774,21.846144545281668,0.9166666666666666,2.181818181818182,2,1,1,4,0.2432804732314394,0.7567195267685605,22.68,Low,25.983880396670653,38.813657036675686,21.490696,26.61591971053923,3.303880396670653
46,13,364.1366798226328,89,32,1,6,0.3854408718253375,0.1918666991222314,13,0.3049565855924677,Pharmacy,South,M,At-Risk,CUST_01896,28.010513832510217,3.8333333333333335,3.391304347826087,3,2,2,7,0.4391966740536797,0.5608033259463203,47.7,Low,58.485662646898234,62.309832564793005,48.88198,56.13254069375848,10.785662646898231
16,5,64.67911142687078,224,30,1,3,0.3005749440844929,0.4036563331502187,5,0.6826163457593646,Grocery,South,M,Hibernating,CUST_02732,12.935822285374154,1.3333333333333333,3.75,1,1,1,3,0.1615417501485638,0.8384582498514361,16.24,Low,19.37348457828358,23.084724798052292,17.278944,19.392305857399936,3.133484578283582
47,14,330.82536624610583,146,67,2,4,0.3390706693258,0.1253940298967865,13,0.6558510679629137,Clothing,South,M,At-Risk,CUST_02147,23.630383303293275,3.9166666666666665,3.5744680851063837,2,3,2,7,0.5844203592122229,0.4155796407877771,66.47,Low,68.9617610896953,77.83192910597417,66.890816,70.00911736358094,2.491761089695302
26,36,2500.0,48,44,3,7,0.6972741913058287,0.0772594286379985,3,0.2642055766285525,Tech,West,M,Growers,CUST_00805,69.44444444444444,2.1666666666666665,16.615384615384617,4,4,4,12,0.8329018695596215,0.1670981304403784,2546.13,Very High,2338.0684392491808,2028.3022648901133,2632.1084,2354.762546002438,208.06156075081935
19,12,459.0445709545588,100,35,2,6,0.2488126060714339,0.2558023044065693,9,0.5144567711187777,Grocery,North,F,At-Risk,CUST_01752,38.25371424621324,1.5833333333333333,7.578947368421053,3,2,2,7,0.4736605564288188,0.5263394435711812,219.94,Medium,199.18600719574007,144.5242510482507,226.09238,194.05842745076987,20.753992804259923
9,5,80.14157577669249,185,24,1,5,0.1810795633400842,0.2877711777616104,18,0.5859845029189006,Pharmacy,North,F,Hibernating,CUST_02455,16.028315155338497,0.75,6.666666666666667,2,1,1,4,0.3541438397275998,0.6458561602724002,45.75,Low,51.34652453199382,53.661939354800225,53.137512,52.33722924659092,5.596524531993822
80,44,4195.6743486507785,7,52,4,8,0.6863857098325395,0.0246181654846213,2,0.0513104151986333,Electronics,North,F,Champions,CUST_00503,95.3562351966086,6.666666666666667,6.6,5,4,5,14,0.8923850563351777,0.1076149436648222,2257.4,High,3452.1383164753206,1656.6248678999766,2183.6594,2598.0783756499045,1194.7383164753205
13,28,2035.8078933163736,85,29,2,6,0.8852762574425508,0.0811683256845961,7,0.2967641634975915,Clothing,West,F,Growers,CUST_00780,72.70742476129907,1.0833333333333333,25.846153846153847,3,4,4,11,0.7677170023495918,0.2322829976504081,2781.72,Very High,2281.2924332686334,2130.886385105137,2689.3027,2364.259956645382,500.42756673136637
45,14,405.1145151795018,185,59,2,6,0.2758072818301828,0.1355425356771014,13,0.4477017896600564,Clothing,West,M,At-Risk,CUST_01864,28.93675108425013,3.75,3.733333333333333,2,3,2,7,0.6105865175198106,0.3894134824801893,97.14,Low,88.73796162392541,96.32904124074827,96.86184,92.60964488348796,8.402038376074586
30,184,6715.211148326193,14,45,4,9,0.4841736068971756,0.0682654477762696,1,0.0777015647064146,Electronics,South,F,Champions,CUST_00201,36.49571276264236,2.5,73.6,5,5,5,15,0.95,0.05,20538.2,Very High,16458.155824049783,32799.37702582019,19821.07,19975.724140618488,4080.0441759502173
45,17,258.6606260778264,155,35,2,5,0.5496799082404087,0.1916902121898326,3,0.4951366573911111,Pharmacy,West,F,At-Risk,CUST_02183,15.215330945754497,3.75,4.533333333333333,2,3,2,7,0.5047275477611288,0.4952724522388712,63.34,Low,57.872919057832526,68.744230437755,58.035717,59.95283303308914,5.4670809421674775
47,19,378.3277397028874,149,42,1,5,0.4326350931842758,0.1093138939724874,6,0.3531673981605411,Grocery,West,F,At-Risk,CUST_02089,19.91198630015197,3.9166666666666665,4.851063829787234,2,3,2,7,0.534965493675818,0.465034506324182,76.09,Low,74.43761642144185,72.58355227257887,74.44334,74.06481350307389,1.6523835785581582
36,19,451.1456700581125,95,43,2,4,0.2602321976413691,0.1631535118450341,7,0.4063887775056903,Pharmacy,East,F,At-Risk,CUST_02279,23.74450895042697,3.0,6.333333333333333,3,3,2,8,0.6007535609641106,0.3992464390358894,107.56,Low,115.90804589200843,133.92664995622343,112.84002,118.3521534399927,8.348045892008429
42,14,800.0,88,38,1,7,0.2999764338474237,0.2330782943532293,6,0.5718401567300334,Pharmacy,West,F,At-Risk,CUST_01797,57.142857142857146,3.5,4.0,3,3,3,9,0.5082000818012479,0.4917999181987521,158.17,Low,157.19355122753961,181.60024154012308,155.51877,161.27985247777062,0.9764487724603725
48,125,6344.327947331906,17,58,4,8,0.3411361621385309,0.0770342152390811,1,0.0124834599312108,Home,East,M,Champions,CUST_00379,50.75462357865525,4.0,31.25,5,5,5,15,0.95,0.05,12616.39,Very High,9854.868834175062,8507.252856464249,9994.291,9609.682110389382,2761.5211658249373
8,5,64.31592322745941,193,52,2,2,0.2357430974687383,0.2987663183020346,19,0.7601408618679429,Grocery,South,F,Hibernating,CUST_02337,12.86318464549188,0.6666666666666666,7.5,2,1,1,4,0.2524204202173391,0.7475795797826609,51.58,Low,44.90289517068181,43.908845947321055,48.173355,45.65577059004051,6.677104829318189
31,176,4799.699708898034,26,38,4,10,0.4860866276234485,0.0410123594436333,0,0.0032770067979302,Electronics,North,F,Champions,CUST_00419,27.271021073284285,2.583333333333333,68.12903225806451,4,5,5,14,0.8661604479084564,0.1338395520915436,5368.98,Very High,6188.132543909169,14853.855812069653,5426.1675,7087.602513938711,819.1525439091693
42,19,421.4316079812984,165,54,1,7,0.4417306449187592,0.2249083594679622,10,0.5487498243928002,Grocery,North,F,At-Risk,CUST_01699,22.180610946384125,3.5,5.428571428571429,2,3,2,7,0.5896835716319722,0.4103164283680278,95.14,Low,98.17235290398048,96.1734324902283,102.89652,99.15788882838122,3.032352903980481
56,150,12140.5077829483,8,56,4,8,0.5690113526819515,0.0791135311005682,4,0.0436315281347373,Luxury,South,M,Champions,CUST_00392,80.93671855298867,4.666666666666667,32.14285714285714,5,5,5,15,0.95,0.05,14832.77,Very High,15712.187382336322,15515.290658732652,16126.099,15795.34599997511,879.4173823363217
3,2,87.99288797304065,285,55,2,6,0.1503269871659348,0.2948271342259906,6,0.7763253450661508,Pharmacy,South,M,Hibernating,CUST_02641,43.996443986520326,0.25,8.0,1,1,1,3,0.2220442400720823,0.7779557599279177,172.99,Low,131.56039423052195,50.9737353383946,155.14694,114.45793122107183,41.42960576947806
36,14,515.5415379712974,149,35,2,4,0.4911273626042952,0.213277845915405,4,0.6179742547163174,Clothing,East,F,At-Risk,CUST_01523,36.82439556937839,3.0,4.666666666666667,2,3,2,7,0.5406171475225678,0.4593828524774321,109.13,Low,110.23653692037773,102.79991529274027,113.77507,109.74328905504402,1.106536920377735
29,53,1118.1075156838638,37,40,2,6,0.756095864126602,0.0752447519609859,3,0.2748447164333052,Sports,East,F,Growers,CUST_01163,21.09636822045026,2.4166666666666665,21.931034482758623,4,4,3,11,0.7053943257047073,0.2946056742952927,609.87,Medium,646.6983238758087,670.2597558201037,603.2378,637.8911759161879,36.82832387580868
27,20,1521.883020280963,27,40,3,8,0.7764650330024307,0.1460206207186473,1,0.3146623947256577,Sports,North,F,Growers,CUST_01496,76.09415101404814,2.25,8.88888888888889,4,3,4,11,0.7364091856544764,0.2635908143455235,996.55,High,938.7631084812522,1097.2132792778382,985.01025,982.5830710255492,57.78689151874778
3,3,103.30821354469198,292,29,1,2,0.2576523395090506,0.4815398942056629,8,0.5445789107318306,Grocery,North,F,Hibernating,CUST_02696,34.436071181564,0.25,12.0,1,1,1,3,0.2469812158101084,0.7530187841898917,179.06,Low,167.5149516051352,55.589950626766736,178.75453,137.12460825101036,11.545048394864807
30,18,646.8782863468361,169,21,2,7,0.4478601800673263,0.2694132756330626,14,0.4461386128576909,Grocery,East,M,At-Risk,CUST_02028,35.93768257482423,2.5,7.2,2,3,3,8,0.3880126406156358,0.6119873593843641,145.51,Low,161.3373053275663,149.65112444439367,142.60121,153.15268361499585,15.827305327566307
18,36,1784.347128151151,21,28,3,7,0.4091339908048383,0.1363303514845124,2,0.3391501419418269,Tech,South,M,Growers,CUST_01153,49.56519800419864,1.5,24.0,5,4,4,13,0.93826183768897,0.06173816231103,6947.77,Very High,5692.363309797,3618.988735441429,6672.289,5453.1608125906405,1255.4066902030008
18,54,1377.690675871798,36,44,2,8,0.4095496399208574,0.0640833689150383,7,0.2633912881702754,Sports,East,F,Growers,CUST_01368,25.512790293922187,1.5,36.0,4,4,4,12,0.7287963178666458,0.2712036821333542,1080.89,High,1311.3964526038333,2000.8531314002776,1107.8444,1356.6262316798397,230.50645260383317
12,5,73.65219508143721,262,55,1,4,0.312493224395838,0.3962763382296885,5,0.9919677140105853,Grocery,East,F,Hibernating,CUST_02569,14.730439016287445,1.0,5.0,1,1,1,3,0.1014997321776984,0.8985002678223016,23.32,Low,26.477410352296836,24.234771618458094,24.816332,25.512833691002186,3.1574103522968358
49,140,4180.505154529409,29,49,4,8,0.6510730480909147,0.0212853168382585,3,0.1217710077526329,Luxury,West,F,Champions,CUST_00065,29.86075110378149,4.083333333333333,34.285714285714285,4,5,5,14,0.95,0.05,7124.54,Very High,7033.880690449583,5398.268782366594,7230.335,6726.6118369790765,90.65930955041676
23,5,410.9800057101752,164,26,2,4,0.4301555832218424,0.1373403969116615,13,0.6845204277582927,Clothing,West,M,At-Risk,CUST_02063,82.19600114203504,1.9166666666666667,2.608695652173913,2,1,2,5,0.2496475476193828,0.7503524523806171,101.0,Low,105.6148200376363,70.37891861759711,105.03622,97.23337795939685,4.614820037636306
30,15,2349.357340227983,62,38,3,9,0.5389097473526903,0.1252059368450368,4,0.3464904211003543,Clothing,West,M,Growers,CUST_01181,156.62382268186553,2.5,6.0,4,3,4,11,0.6642026630307811,0.3357973369692189,1201.34,High,965.4319656927179,1457.1373351730083,1181.0219,1113.6359963252269,235.90803430728204
78,99,9288.713104746925,9,47,4,9,0.6622991434238145,0.0206002620058974,4,0.0556460568888253,Electronics,North,M,Champions,CUST_00493,93.8253848964336,6.5,15.23076923076923,5,5,5,15,0.95,0.05,8896.07,Very High,10132.533979839225,4857.965674839718,8933.593,8422.869967894252,1236.4639798392254
58,165,7923.235066503301,28,33,3,9,0.5297920286068115,0.0496021465429302,1,0.1294439434969527,Luxury,West,F,Champions,CUST_00380,48.019606463656366,4.833333333333333,34.13793103448276,4,5,5,14,0.8847380863873799,0.11526191361262,5843.11,Very High,5360.427787647596,6469.985108218875,5499.89,5609.017544044152,482.68221235240344
43,10,800.0,176,57,2,6,0.3951035050510913,0.1733053717364059,13,0.4827669401326951,Grocery,East,F,At-Risk,CUST_02236,80.0,3.583333333333333,2.7906976744186047,2,2,3,7,0.3909917313135459,0.6090082686864541,108.02,Low,134.03343512909169,121.7986387242002,133.72388,131.40145597428867,26.01343512909169
22,33,1538.793804335462,67,49,2,9,0.5748862284475391,0.0713895736374791,5,0.2779759356103263,Clothing,West,M,Growers,CUST_00764,46.63011528289279,1.8333333333333333,18.0,3,4,4,11,0.6898956546781035,0.3101043453218964,774.29,Medium,888.7013788712283,1043.9752012191263,846.92255,904.6288359660441,114.4113788712283
42,15,215.26252120640328,141,69,2,7,0.3348750779341559,0.2997558575708612,12,0.4901373894946211,Grocery,West,F,At-Risk,CUST_02265,14.350834747093552,3.5,4.285714285714286,2,3,2,7,0.5173799385487393,0.4826200614512607,42.63,Low,49.58833614551013,71.1742709257978,42.73973,50.99535231217276,6.958336145510124
24,39,2205.830539204715,74,45,3,6,0.8113819677336851,0.1357200334324534,6,0.1529953801998153,Clothing,North,F,Growers,CUST_00792,56.55975741550552,2.0,19.5,3,4,4,11,0.6886832791804661,0.3113167208195339,1076.75,High,1183.3782237718965,1197.2002709764463,1164.9214,1180.5493468020338,106.6282237718965
17,52,2500.0,66,36,2,8,0.4898465473256515,0.1275298018397503,2,0.1663683062494122,Clothing,West,F,Growers,CUST_01077,48.07692307692308,1.4166666666666667,36.70588235294117,3,4,4,11,0.705706303717955,0.294293696282045,1711.8,High,1727.7860860565736,2026.007562407459,1759.6625,1793.5045998534817,15.98608605657364
15,56,999.2014100177516,61,46,3,6,0.7484966170354004,0.103820039140982,1,0.1647496136320249,Tech,West,F,Growers,CUST_00879,17.842882321745563,1.25,44.8,4,4,3,11,0.7748220937293647,0.2251779062706352,1663.21,High,1502.3266588480003,1681.9431772244156,1500.2982,1536.0242582905662,160.88334115199973
30,65,6643.806790527539,28,64,4,10,0.4927987962566666,0.038461337615163,2,0.0489330760471397,Home,North,F,Champions,CUST_00338,102.21241216196216,2.5,26.0,4,5,5,14,0.9175909794939682,0.0824090205060318,10547.46,Very High,10416.66417738256,9170.75225927312,10587.57,10204.32498569486,130.79582261743963
8,3,43.0810346871601,313,39,1,1,0.2802592984403699,0.3790510135987825,4,0.6452983699092874,Grocery,North,F,Hibernating,CUST_02768,14.360344895720033,0.6666666666666666,4.5,1,1,1,3,0.2156921515952283,0.7843078484047716,40.79,Low,27.339027098517548,37.01099850958348,27.584293,29.130932193790642,13.450972901482452
14,7,54.15866307224506,350,69,2,3,0.1347949622724354,0.2470556875689111,2,0.4799082776229177,Grocery,North,M,Hibernating,CUST_02344,7.73695186746358,1.1666666666666667,6.0,1,2,1,4,0.3948942918842091,0.6051057081157909,23.13,Low,24.60216999114337,58.308980364637755,23.22814,28.789178371716492,1.472169991143371
7,47,2500.0,86,40,2,9,0.7840432706538581,0.1349404254967207,4,0.3408006602428541,Sports,North,M,Growers,CUST_01017,53.191489361702125,0.5833333333333334,80.57142857142857,3,4,4,11,0.6809374525163149,0.3190625474836851,3638.43,Very High,3392.2145906369074,5606.227223161499,3740.4558,3862.3812106135906,246.21540936309248
9,43,1222.8864058618794,54,31,2,6,0.640310366808322,0.0775508019931995,2,0.3183423599123546,Clothing,East,F,Growers,CUST_01276,28.439218740973946,0.75,57.333333333333336,4,4,4,12,0.7907917241097511,0.2092082758902489,3310.81,Very High,3115.0958704104773,4155.608582446295,3177.9592,3319.770020318945,195.7141295895226
56,178,4833.029782331199,13,62,3,8,0.543065242607462,0.0321041205874647,1,0.0388188612546786,Electronics,East,F,Champions,CUST_00456,27.15185270972584,4.666666666666667,38.14285714285714,5,5,5,15,0.95,0.05,6500.9,Very High,7494.366220655532,7512.40580936145,6882.0737,7308.683396560441,993.4662206555322
33,13,814.0661861188368,84,33,3,9,0.6131157291323821,0.090881389007341,4,0.1586360251870132,Sports,South,F,Growers,CUST_00816,62.62047585529513,2.75,4.727272727272728,3,2,3,8,0.548221782215736,0.4517782177842639,234.16,Medium,257.59394587461765,233.2631963123016,229.20168,243.84010991296722,23.43394587461765
11,3,27.084690566744957,233,46,1,2,0.2817739466299138,0.452867802184069,17,0.9544540779581618,Pharmacy,West,M,Hibernating,CUST_02318,9.028230188914984,0.9166666666666666,3.272727272727273,1,1,1,3,0.1454207423411399,0.85457925765886,9.87,Low,14.722306852184595,23.541134379868573,10.020923,14.449074358872375,4.852306852184595
35,26,2231.0984212353424,28,33,3,7,0.553500091424167,0.0571401201086907,7,0.3450805181819564,Sports,West,F,Growers,CUST_00996,85.81147773982086,2.9166666666666665,8.914285714285715,4,3,4,11,0.7051788260887534,0.2948211739112466,902.94,High,906.4377067621292,978.5686619126716,909.66327,921.4074858399997,3.4977067621291553
18,9,284.416464472795,154,60,2,5,0.3348678411337262,0.1011612521818485,9,0.4293479020937413,Clothing,East,M,At-Risk,CUST_01982,31.60182938586611,1.5,6.0,2,2,2,6,0.2746086981972466,0.7253913018027534,74.47,Low,96.98395376031431,72.57642577333971,83.79197,87.59958163221184,22.51395376031431
82,196,4977.399189896947,1,32,4,8,0.5161731132016736,0.0663954163754339,1,0.0921279366478517,Luxury,South,F,Champions,CUST_00202,25.394893826004832,6.833333333333333,28.682926829268293,5,5,5,15,0.95,0.05,5042.59,Very High,5937.8599414351675,3800.891088330317,5096.895,5187.822555799771,895.2699414351673
58,97,8036.397681888343,20,55,4,8,0.5894033772559703,0.0728575252793451,0,0.092579134067545,Luxury,North,F,Champions,CUST_00162,82.84946063802415,4.833333333333333,20.06896551724138,5,5,5,15,0.95,0.05,10840.24,Very High,11723.136748383607,7015.21535089532,11031.665,10387.796288778794,882.8967483836077
37,10,345.0598904853266,80,28,2,5,0.2609135807052932,0.212473399724242,3,0.6603576832941291,Pharmacy,South,F,At-Risk,CUST_01580,34.50598904853266,3.083333333333333,3.243243243243243,3,2,2,7,0.4636928781826341,0.5363071218173658,75.6,Low,71.51742567582265,82.43508653843506,65.85739,71.78398029433177,4.082574324177344
13,5,54.4856936861175,247,62,2,2,0.1882563359027053,0.4440108458939168,5,0.6423730260922633,Pharmacy,West,F,Hibernating,CUST_02778,10.8971387372235,1.0833333333333333,4.615384615384616,1,1,1,3,0.2088418807642656,0.7911581192357344,24.44,Low,23.814450456135877,28.99659749544385,23.81724,24.77465001016044,0.6255495438641248
20,3,108.39956521196795,215,34,1,4,0.3700043984344114,0.4401200063851486,2,0.6776249776609774,Pharmacy,East,M,Hibernating,CUST_02450,36.13318840398932,1.6666666666666667,1.7999999999999998,1,1,1,3,0.1735547212808199,0.82644527871918,28.56,Low,29.207935143201887,23.676315107437862,27.032104,27.36699222644039,0.647935143201888
7,37,1331.043042656272,71,33,3,9,0.4095488278016022,0.0836108489221143,2,0.2281841175713062,Clothing,North,M,Growers,CUST_00703,35.97413628800735,0.5833333333333334,63.42857142857142,3,4,4,11,0.6570298901133158,0.3429701098866842,2491.55,High,2410.976078997215,2994.2279782228584,2372.543,2505.6384161583787,80.57392100278503
37,10,249.8594325374092,72,57,2,6,0.5650470792815455,0.1788416309701498,6,0.3183929664025489,Grocery,East,M,At-Risk,CUST_01501,24.98594325374092,3.083333333333333,3.243243243243243,3,2,2,7,0.5485742999134051,0.4514257000865949,61.81,Low,63.85226164105116,92.48890488470772,61.045895,67.85389238520223,2.042261641051155
21,53,2500.0,74,26,2,7,0.4183420026972712,0.0569521540253195,6,0.1811379765081249,Clothing,West,F,Growers,CUST_01130,47.16981132075472,1.75,30.285714285714285,3,4,4,11,0.6477370655077173,0.3522629344922827,1329.67,High,1415.662841507066,1450.869594414605,1363.9994,1406.8568911143198,85.99284150706603
10,1,185.12323919415533,239,33,2,2,0.2235590409181616,0.2202711608455987,4,0.9844408698398208,Pharmacy,North,F,Hibernating,CUST_02614,185.12323919415533,0.8333333333333334,1.2,1,1,2,4,0.2146482646931546,0.7853517353068453,106.24,Low,91.51870419412276,130.66235390404054,106.25611,102.7847991134218,14.721295805877233
15,38,2051.6299063882384,70,41,3,9,0.8427619193765985,0.1125900232923992,2,0.1876796273635627,Tech,West,M,Growers,CUST_01022,53.99026069442733,1.25,30.4,3,4,4,11,0.7154175810383079,0.2845824189616921,1985.13,High,1938.5786276152128,1837.7021210671749,2097.3423,1963.8027121140344,46.55137238478733
20,13,499.978603932656,173,44,2,6,0.5744346943650905,0.2144198652100514,3,0.433285089236642,Clothing,North,M,At-Risk,CUST_01586,38.45989261020431,1.6666666666666667,7.8,2,2,2,6,0.3574100241480688,0.6425899758519311,161.61,Low,167.32279859093686,97.82113505312849,163.82411,149.36532305688687,5.712798590936842
47,4,800.0,158,64,2,7,0.3259888802202907,0.184291209275356,11,0.4055833872988166,Pharmacy,West,M,At-Risk,CUST_01956,200.0,3.9166666666666665,1.021276595744681,2,1,3,6,0.3077842628478814,0.6922157371521186,109.63,Low,115.44001081845678,154.47094721920539,112.332466,121.37347792592114,5.810010818456789
19,8,576.2239277803706,114,53,2,6,0.5199436404592339,0.2912763489667771,13,0.3945457682822781,Pharmacy,South,F,At-Risk,CUST_02254,72.02799097254632,1.5833333333333333,5.052631578947369,2,2,3,7,0.3532526081266011,0.6467473918733988,168.67,Low,207.69544004551528,165.22136096309737,177.01598,189.12165448905728,39.025440045515296
48,140,4681.3669115541,4,59,4,10,0.4147990803769843,0.0277000682775077,4,0.0820015897345967,Luxury,North,M,Champions,CUST_00035,33.438335082529285,4.0,35.0,5,5,5,15,0.95,0.05,10151.77,Very High,8619.364185352637,7355.014518452027,9327.603,8550.383550048571,1532.4058146473635
9,18,2500.0,51,52,3,9,0.7665121074318291,0.0996121694141444,3,0.130513441770329,Sports,East,F,Growers,CUST_00776,138.88888888888889,0.75,24.0,4,3,4,11,0.6342527142678552,0.3657472857321447,3072.71,Very High,3164.9256401355337,2743.4778103540943,3274.697,3107.375229204275,92.2156401355337
21,7,26.071038995837,283,38,1,5,0.3295476867628822,0.456128901237456,10,0.9241205206391891,Pharmacy,West,M,Hibernating,CUST_02557,3.724434142262428,1.75,4.0,1,2,1,4,0.2830197248404079,0.7169802751595921,7.41,Low,10.12575429252839,31.573787168290913,7.281145,11.623084814806122,2.7157542925283895
26,25,1129.2849109642673,17,52,3,9,0.5750947028654222,0.1072075404035431,4,0.2835267452202816,Clothing,West,M,Growers,CUST_01479,45.17139643857069,2.1666666666666665,11.53846153846154,5,3,3,11,0.787361417017105,0.2126385829828949,852.19,High,856.6197123340752,834.7319903226049,866.24475,855.0583588990014,4.429712334075134
10,50,888.3782437834138,32,33,3,6,0.8105710457486051,0.0792402900726697,1,0.1742130085699962,Tech,East,F,Growers,CUST_01391,17.767564875668278,0.8333333333333334,60.0,4,4,3,11,0.8556477669105336,0.1443522330894664,2850.66,Very High,2653.6379619349095,2748.7847782530007,2878.072,2738.2912651134525,197.02203806509033
39,7,200.0,91,47,2,7,0.2572677685538528,0.2779218054631294,7,0.3842254613050291,Pharmacy,West,F,At-Risk,CUST_02140,28.571428571428573,3.25,2.1538461538461537,3,2,2,7,0.5070021535855946,0.4929978464144053,45.97,Low,55.92431339588847,81.77515389689201,45.449482,56.7195828236141,9.95431339588847
12,56,800.0,16,36,3,7,0.6145488917427948,0.0571886122852203,3,0.2624476818781561,Sports,East,F,Growers,CUST_01364,14.285714285714286,1.0,56.0,5,4,3,12,0.947750674505603,0.0522493254943969,5318.94,Very High,3993.896608901417,3727.097129855748,5014.864,4217.460835283947,1325.0433910985826
21,2,108.6051784941911,219,64,2,6,0.3015101735356283,0.2329774919897506,18,0.5882204354950678,Pharmacy,North,F,Hibernating,CUST_02613,54.30258924709555,1.75,1.1428571428571428,1,1,1,3,0.2277345524244939,0.7722654475755061,34.95,Low,32.59875939209328,28.23971942063387,34.16281,32.126942360233194,2.3512406079067247
13,7,85.27747613545122,210,70,2,4,0.3027728413583939,0.4869986242234309,3,0.8746062268853649,Pharmacy,North,M,Hibernating,CUST_02825,12.182496590778744,1.0833333333333333,6.461538461538462,1,2,1,4,0.3274151500447879,0.6725848499552121,25.33,Low,33.474277224533516,41.650256550654085,30.453625,33.99718918481044,8.144277224533518
36,19,668.8886948780989,146,33,1,7,0.3109550008649572,0.1729957080937493,7,0.3913140248477613,Pharmacy,North,M,At-Risk,CUST_02042,35.20466815147889,3.0,6.333333333333333,2,3,3,8,0.4834033404884966,0.5165966595115035,182.01,Low,159.72917622274264,155.36509576372845,163.9698,160.10043598113717,22.280823777257353
67,184,6129.2117241888745,5,35,3,10,0.6118715424320045,0.0268372109626104,3,0.0683474324159816,Electronics,West,F,Champions,CUST_00242,33.31093328363519,5.583333333333333,32.95522388059702,5,5,5,15,0.95,0.05,8821.77,Very High,7427.231526676799,6285.270179028046,8412.861,7456.95868887643,1394.5384733232013
22,6,296.23528653022635,155,29,2,7,0.5632595433769607,0.1852222872720271,4,0.6732662299886036,Grocery,South,F,At-Risk,CUST_02062,49.37254775503772,1.8333333333333333,3.272727272727273,2,2,2,6,0.3821914795348999,0.6178085204651,69.51,Low,84.14167587741542,89.40041919360372,74.81446,82.22059160744836,14.631675877415418
10,3,57.38631072072138,354,45,2,1,0.2824151459257818,0.2096334386833464,8,0.9344832242207404,Pharmacy,East,F,Hibernating,CUST_02364,19.12877024024046,0.8333333333333334,3.6,1,1,1,3,0.1135087260034946,0.8864912739965054,31.26,Low,28.801666195253762,30.152541329557412,30.426384,29.549725008257518,2.458333804746239
18,54,2171.7272528911653,75,27,3,6,0.4509669026913043,0.1323450808189573,2,0.3085638758962929,Sports,East,F,Growers,CUST_00601,40.2171713498364,1.5,36.0,3,4,4,11,0.6892606415766553,0.3107393584233446,1911.34,High,1639.8798348735222,1797.8797169717332,1831.5924,1726.6614441763681,271.4601651264777
19,5,27.09858862011776,194,74,1,4,0.2868929529239126,0.4005395765506693,5,0.584916456195672,Grocery,North,M,Hibernating,CUST_02436,5.419717724023552,1.5833333333333333,3.1578947368421053,2,1,1,4,0.3226738202322033,0.6773261797677966,9.62,Low,12.712493459229695,36.5118914208296,9.363008,14.418344950259263,3.0924934592296953
23,52,800.0,45,43,2,9,0.5214431183123945,0.0700320486073821,5,0.3439733344739746,Clothing,East,M,Growers,CUST_01298,15.384615384615383,1.9166666666666667,27.130434782608692,4,4,3,11,0.7196687140643594,0.2803312859356406,412.45,Medium,622.1964639260602,822.8289420563547,468.1649,604.1702735501822,209.74646392606024
28,14,394.8334266010194,165,31,2,7,0.5193376642179321,0.21515620296508,14,0.585003368519547,Pharmacy,West,M,At-Risk,CUST_02215,28.20238761435853,2.333333333333333,6.0,2,3,2,7,0.4557448820639807,0.5442551179360193,120.55,Low,108.47939705920807,98.55576595438549,112.483185,107.582276598273,12.070602940791929
20,5,161.1572074347948,355,34,1,5,0.143484695710793,0.2555550314303431,7,0.9248510698922348,Pharmacy,South,F,Hibernating,CUST_02889,32.23144148695896,1.6666666666666667,3.0,1,1,2,4,0.1384705779911322,0.8615294220088678,45.69,Low,52.230128723996664,46.27825194251649,45.525814,48.92513473763478,6.540128723996666
26,6,609.4839308071669,161,27,2,4,0.5100429714023881,0.2525152396187119,3,0.6807125374793467,Clothing,East,M,At-Risk,CUST_02069,101.58065513452782,2.1666666666666665,2.7692307692307696,2,2,3,7,0.4393358552354482,0.5606641447645517,161.16,Low,180.23227008013686,213.43581376328552,169.77933,183.12292039287806,19.07227008013686
22,36,854.213169471862,78,34,3,7,0.7182651547069918,0.0946599301348626,2,0.173844250960154,Clothing,West,F,Growers,CUST_00647,23.72814359644061,1.8333333333333333,19.63636363636364,3,4,3,10,0.7836431318506247,0.2163568681493752,805.3,High,700.278071679361,696.4618589564423,711.658,702.9043152063376,105.02192832063895
43,6,638.0694565142209,71,44,2,7,0.2983706378126335,0.213005468471361,9,0.5691201112737916,Clothing,North,F,At-Risk,CUST_01529,106.3449094190368,3.583333333333333,1.6744186046511629,3,2,3,8,0.4895150422893392,0.5104849577106608,115.79,Low,133.9681869840261,183.0000388420305,123.115166,139.0318246002958,18.178186984026084
9,3,200.0,328,56,1,4,0.2678396368706559,0.3951857913206588,9,0.636869239762131,Grocery,North,F,Hibernating,CUST_02880,66.66666666666667,0.75,4.0,1,1,2,4,0.2265765181534129,0.773423481846587,137.82,Low,103.20614918683734,85.25614777363955,129.50746,106.34832874637269,34.61385081316266
19,58,1331.0238034536233,24,50,3,8,0.7222574122173983,0.1191073606604569,1,0.2606792886863894,Tech,North,M,Growers,CUST_01268,22.94868626644178,1.5833333333333333,36.631578947368425,4,5,4,13,0.9252759682949862,0.0747240317050138,3756.63,Very High,4434.277878957621,3362.7792305892904,4066.859,4088.1756119066345,677.6478789576213
24,17,568.5191734490622,90,28,2,7,0.3574057680521799,0.1577630812595735,7,0.362943270101814,Clothing,South,M,At-Risk,CUST_01900,33.44230432053308,2.0,8.5,3,3,3,9,0.6776898473219981,0.3223101526780019,282.96,Medium,275.79127359376884,373.75159710919803,287.53665,296.77292712261516,7.168726406231144
42,86,8298.005566240174,10,50,4,8,0.6785240573493128,0.0674341309136192,3,0.1262433011314161,Home,West,F,Champions,CUST_00563,96.4884368167462,3.5,24.571428571428573,5,5,5,15,0.95,0.05,16498.47,Very High,16812.152765058137,11179.328418035742,16818.469,15496.414647308324,313.6827650581363
9,1,162.07642095055326,245,40,1,5,0.3229646630587579,0.435251206045037,6,0.7773240821681091,Pharmacy,West,M,Hibernating,CUST_02735,162.07642095055326,0.75,1.3333333333333333,1,1,2,4,0.1890060517620838,0.8109939482379163,76.26,Low,89.09683225790486,111.30283685462727,79.1819,89.91924597711345,12.83683225790486
53,156,4786.43170976651,14,57,3,9,0.6473204794468639,0.0378379090103138,1,0.1105698620934958,Luxury,South,M,Champions,CUST_00190,30.68225454978532,4.416666666666667,35.32075471698113,5,5,5,15,0.95,0.05,7429.98,Very High,8044.703359270437,7121.251108294099,7662.21,7736.999549218133,614.7233592704379
26,18,379.4155233743761,135,35,1,7,0.3366972139518555,0.216783675708463,4,0.5190177283577189,Grocery,South,M,At-Risk,CUST_01807,21.078640187465336,2.1666666666666665,8.307692307692308,2,3,2,7,0.5037683620020131,0.4962316379979868,130.41,Low,131.3479771965444,112.39204554405362,132.32724,127.60292467866009,0.9379771965444093
27,37,997.4764523022798,37,50,3,9,0.4755455238026929,0.1126625094876412,2,0.322026979752868,Clothing,North,F,Growers,CUST_00976,26.95882303519675,2.25,16.444444444444443,4,4,3,11,0.9252158401058403,0.0747841598941595,2364.02,High,2016.6382033607758,1006.3115247452658,2203.6313,1802.247030572288,347.38179663922415
21,5,200.0,261,21,2,2,0.2870945948113081,0.2507281870854829,8,0.5364643535887466,Grocery,West,F,Hibernating,CUST_02748,40.0,1.75,2.857142857142857,1,1,2,4,0.2015405557598656,0.7984594442401343,52.0,Low,59.17003041478881,46.977977221824254,55.30064,55.37058293287626,7.170030414788812
40,7,382.97634606462566,144,58,1,4,0.4654355115991332,0.1682579166719934,14,0.4308391104391167,Clothing,North,F,At-Risk,CUST_02048,54.71090658066081,3.333333333333333,2.1,2,2,2,6,0.357264467369647,0.642735532630353,50.47,Low,68.34820964420918,55.5732029846968,68.09271,65.5073282088295,17.87820964420918
12,5,21.662649537565997,277,30,2,5,0.3171665399731759,0.3523631647566867,17,0.8200921472419445,Pharmacy,West,F,Hibernating,CUST_02559,4.332529907513199,1.0,5.0,1,1,1,3,0.142275138655344,0.857724861344656,10.83,Low,14.93922340508485,25.232135106533327,10.736733,15.064399458642935,4.109223405084849
15,30,800.0,84,48,3,6,0.7305589636727623,0.0626556342994238,2,0.304859520448317,Tech,East,M,Growers,CUST_01083,26.666666666666668,1.25,24.0,3,4,3,10,0.7626322503656523,0.2373677496343477,1170.53,High,1017.3220792229598,835.7173063779621,1125.341,1008.1582981735738,153.20792077704016
70,182,15000.0,25,58,3,9,0.31523184315448,0.0213346104642549,0,0.1039363366537151,Home,West,M,Champions,CUST_00475,82.41758241758242,5.833333333333333,31.200000000000003,4,5,5,14,0.857037274801096,0.1429627251989039,6402.55,Very High,5789.989672129583,10715.53959252323,6363.206,6736.683122084586,612.5603278704175
7,4,73.9198242866077,269,42,1,3,0.4560388141574765,0.4651099773792608,6,0.6170153907392283,Grocery,West,F,Hibernating,CUST_02905,18.479956071651927,0.5833333333333334,6.857142857142857,1,1,1,3,0.2331793479599548,0.7668206520400452,51.67,Low,54.67797630488833,39.38519162124785,55.27093,51.38071484472631,3.007976304888331
27,22,1723.2232794271988,40,39,3,9,0.4695295628969648,0.1148373075718061,7,0.1448383398161379,Clothing,South,F,Growers,CUST_00748,78.32833088305449,2.25,9.77777777777778,4,3,4,11,0.6660154335370686,0.3339845664629314,741.09,Medium,814.2052417553953,1001.5273754952788,757.5228,830.4638310698622,73.11524175539523
10,5,120.62212736682132,226,47,1,3,0.3130876285133196,0.4050037325237949,6,0.9205297964161172,Grocery,North,F,Hibernating,CUST_02301,24.124425473364266,0.8333333333333334,6.0,1,1,1,3,0.1366653631708414,0.8633346368291586,56.92,Low,55.91809877927442,27.922249602017214,55.88045,48.70047251643632,1.0019012207255784
25,108,10909.462922979948,11,63,4,10,0.5515662362757701,0.0756821010055921,3,0.0220744876642417,Luxury,East,F,Champions,CUST_00022,101.01354558314767,2.083333333333333,51.84,5,5,5,15,0.95,0.05,38220.49,Very High,32152.975250090407,37858.60601100806,36833.24,34603.14805671972,6067.514749909591
46,173,12958.061779804872,2,58,4,8,0.4037704681028517,0.0331946553115422,1,0.1449837659070816,Electronics,West,F,Champions,CUST_00460,74.90209121274493,3.8333333333333335,45.130434782608695,5,5,5,15,0.95,0.05,22606.12,Very High,21957.62539745075,27628.533730069223,23211.04,23376.136574630546,648.49460254925
30,34,2500.0,30,49,3,8,0.6637011435850292,0.1242776641107894,3,0.2615025727366747,Clothing,West,M,Growers,CUST_01185,73.52941176470588,2.5,13.6,4,4,4,12,0.8212712819619448,0.1787287180380552,1721.69,High,1744.017021049132,1690.7221707278238,1793.1005,1747.717712152768,22.327021049131872
10,5,147.88450355418811,237,40,2,4,0.4915010862878036,0.2353286500403956,7,0.9015164867115286,Pharmacy,East,F,Hibernating,CUST_02325,29.576900710837624,0.8333333333333334,6.0,1,1,1,3,0.2249641470423022,0.7750358529576978,93.43,Low,68.69773279784947,36.27009113734605,86.9253,64.93493466425197,24.73226720215054
30,54,1301.9384056170072,54,47,3,8,0.8739686731898257,0.0930817390787125,2,0.3327571490693906,Sports,West,F,Growers,CUST_00956,24.109970474389023,2.5,21.6,4,4,4,12,0.8273132622506235,0.1726867377493764,1097.03,High,1184.1185385597626,1519.4789084559445,1090.3628,1214.2559807045525,87.08853855976258
32,45,1007.7540131503564,48,35,3,8,0.7170151963025169,0.1234150056456354,6,0.1423800400823656,Tech,East,M,Growers,CUST_01216,22.39453362556348,2.6666666666666665,16.875,4,4,3,11,0.7865925658028408,0.2134074341971592,529.28,Medium,641.0618522430656,679.0607565097106,581.91205,629.9267370523804,111.7818522430656
18,6,173.5054474516163,201,23,2,2,0.2638708303292699,0.2359580160240968,2,0.4895048286725533,Grocery,North,M,Hibernating,CUST_02434,28.917574575269384,1.5,4.0,2,2,2,6,0.4343091778252353,0.5656908221747646,74.76,Low,77.323724795226,106.05153685655638,73.17609,81.02466010254433,2.563724795225994
23,6,145.7231743250844,259,61,1,6,0.3581246530143552,0.458043893540298,2,0.7942876694080963,Pharmacy,South,M,Hibernating,CUST_02854,24.2871957208474,1.9166666666666667,3.130434782608696,1,2,1,4,0.2538726835775958,0.7461273164224042,36.54,Low,36.25207597940115,30.808348729196716,37.05455,35.324987737111236,0.2879240205988509
32,9,800.0,130,32,1,4,0.4114431290767716,0.1664418347957517,4,0.5737365051298849,Clothing,West,M,At-Risk,CUST_01516,88.88888888888889,2.6666666666666665,3.375,2,2,3,7,0.2772954874467933,0.7227045125532067,130.45,Low,152.73249382933423,118.34653502936018,139.20374,141.15844918605382,22.282493829334243
5,6,89.79978106801835,208,36,2,2,0.3566145456982215,0.3421848547547892,15,0.7013181482881384,Grocery,East,M,Hibernating,CUST_02392,14.966630178003058,0.4166666666666667,14.4,1,2,1,4,0.3353446086560054,0.6646553913439945,135.77,Low,101.59701113557834,57.9616279370174,123.44982,96.3149499932159,34.17298886442167
7,25,1136.7809635173378,27,42,2,6,0.7069479211039567,0.0904194879608881,7,0.1617291237771976,Sports,South,F,Growers,CUST_00770,45.47123854069351,0.5833333333333334,42.85714285714285,4,3,3,10,0.7082795252418734,0.2917204747581265,2385.88,High,2003.374316313619,1478.9952966667747,2320.6843,1970.435119672066,382.5056836863812
36,16,432.1238393218309,121,55,1,6,0.3190070940125579,0.1630146923227664,9,0.3360965270669668,Grocery,South,F,At-Risk,CUST_01686,27.007739957614437,3.0,5.333333333333333,2,3,2,7,0.4694960877993014,0.5305039122006985,91.99,Low,87.86134026156378,78.91064289425945,97.366455,88.68741337506735,4.1286597384362125
47,104,8485.210216285535,29,51,4,8,0.6613688761194023,0.0127488589969156,2,0.0132201646465037,Luxury,East,F,Champions,CUST_00131,81.5885597719763,3.9166666666666665,26.5531914893617,4,5,5,14,0.8264423619012478,0.1735576380987522,4314.51,Very High,4411.892988631731,6348.740174929075,4348.3384,4724.4142692937385,97.38298863173077
13,6,91.8750741182747,267,25,1,5,0.4056005824111368,0.4763953292274372,2,0.9830553855527298,Grocery,South,F,Hibernating,CUST_02920,15.312512353045785,1.0833333333333333,5.538461538461539,1,2,1,4,0.1981710850582328,0.8018289149417672,39.57,Low,34.127798566334945,33.84212332892059,33.14577,33.77342766740245,5.442201433665055
45,12,520.1736008762999,108,53,1,7,0.2865840695589158,0.2923821169720521,5,0.564414813062734,Clothing,East,F,At-Risk,CUST_02136,43.34780007302499,3.75,3.2,3,2,2,7,0.5025871674104486,0.4974128325895514,96.55,Low,95.96771211833297,84.72209797128586,94.51759,93.17967185410042,0.5822878816670283
8,48,1496.5569808988748,47,46,3,8,0.6156228955901385,0.0693925224319773,4,0.337772669891769,Tech,West,F,Growers,CUST_01483,31.178270435393227,0.6666666666666666,72.0,4,4,4,12,0.8824392982864977,0.1175607017135023,6603.03,Very High,5056.226945094534,7213.213599116612,6783.3604,5928.89190153826,1546.8030549054656
48,129,9825.446665958814,23,46,4,9,0.4676395250391478,0.0494743696728936,2,0.0565802673686458,Electronics,North,F,Champions,CUST_00331,76.16625322448694,4.0,32.25,5,5,5,15,0.95,0.05,20175.85,Very High,17318.887333502462,13937.642099484285,19010.81,17052.901295819025,2856.9626664975367
14,56,800.0,47,37,3,8,0.7132246841140557,0.0863347233464844,7,0.1798460292084213,Clothing,West,F,Growers,CUST_01239,14.285714285714286,1.1666666666666667,48.0,4,4,3,11,0.7819332306654228,0.2180667693345772,889.65,High,1339.8556451551517,1725.6781215638766,972.15814,1280.115821832487,450.20564515515173
77,169,6506.892274111785,23,47,4,9,0.5436326770500254,0.027561536992349,3,0.1422554329183378,Electronics,West,F,Champions,CUST_00467,38.50232114859044,6.416666666666667,26.337662337662337,5,5,5,15,0.95,0.05,5883.43,Very High,6526.232789290972,4661.332774978735,6300.499,6037.351963718214,642.8027892909713
12,17,800.0,96,65,2,5,0.2648726727716516,0.1362634952164204,12,0.5908518874053175,Clothing,West,M,At-Risk,CUST_02170,47.05882352941177,1.0,17.0,3,3,3,9,0.7089602555954385,0.2910397444045615,1080.99,High,575.6286249594752,669.4501076399603,705.17096,630.5305580603427,505.36137504052476
44,14,443.4095271156299,140,26,2,5,0.4113873358031498,0.1494128881579289,6,0.3751343849138282,Pharmacy,North,F,At-Risk,CUST_01639,31.67210907968785,3.6666666666666665,3.8181818181818175,2,3,2,7,0.5375952113326566,0.4624047886673433,131.51,Low,99.40797416264193,80.05360911432808,112.646126,98.84009450062567,32.102025837358056
26,56,2313.106454733273,16,54,3,8,0.4673295806922284,0.1326414928848882,4,0.1612026850152252,Clothing,North,F,Growers,CUST_01096,41.30547240595131,2.1666666666666665,25.846153846153847,5,4,4,13,0.8533212374149806,0.1466787625850194,2905.38,Very High,2929.8603724639925,2782.8055911355373,3132.1023,2958.495725595154,24.480372463992353
19,23,1923.7424104498969,64,53,2,7,0.6146600214270883,0.0547683144249763,3,0.2996761434606597,Sports,North,M,Growers,CUST_01131,83.64097436738682,1.5833333333333333,14.526315789473683,3,3,4,10,0.6014051951951052,0.3985948048048948,1411.09,High,1139.3719193779984,956.2440479082428,1396.2622,1169.3377183781747,271.7180806220015
16,33,1829.812059754922,79,40,3,6,0.457397983499082,0.0678607909323652,7,0.1512290081289999,Tech,West,M,Growers,CUST_01295,55.4488502956037,1.3333333333333333,24.75,3,4,4,11,0.716621845557747,0.283378154442253,1588.08,High,1523.07043933313,1578.282462408052,1625.6641,1564.25055950949,65.0095606668699
22,43,1761.9351518020874,74,53,3,7,0.5315257570059686,0.0591535117482805,5,0.3271638903350898,Clothing,North,M,Growers,CUST_00861,40.97523608842064,1.8333333333333333,23.454545454545457,3,4,4,11,0.6471830566710577,0.3528169433289423,866.49,High,1088.979147984665,1094.5139580784696,1089.0767,1090.113200442951,222.4891479846649
